run_name,run_id,url,group,pretrain_run,fold,state,created_at,last_step,last_epoch,slurm_job_id,launcher,failure_evidence,observed_signal
kemp_ft_pretrain_M0_baseline_leak_fixed_fold0,f8306882,https://wandb.ai/poyo-eeg/foundry_finetuning/runs/f8306882,KEMP_FT_DATA_SCALING,pretrain_M0_baseline_leak_fixed,0,failed,2026-08-17T18:19:35Z,136338,8,10392113,,"                                      0:31:30                  train/loss: 0.414\n                                                               val/loss: 0.927\nTraceback (most recent call last):\n  File ""/home/mila/s/sobralm/Foundry/main.py"", line 708, in main\n    trainer.fit(\n  File ""/home/mila/s/sobralm/Foundry/.venv/lib/python3.11/site-packages/lightning/pytorch/trainer/trainer.py"", line 584, in fit\n    call._call_and_handle_interrupt(\n  File ""/home/mila/s/sobralm/Foundry/.venv/lib/python3.11/site-packages/lightning/pytorch/trainer/call.py"", line 49, in _call_and_handle_interrupt\n    return trainer_fn(*args, **kwargs)\n           ^^^^^^^^^^^^^^^^^^^^^^^^^^^\n  File ""/home/mila/s/sobralm/Foundry/.venv/lib/python3.11/site-packages/lightning/pytorch/trainer/trainer.py"", line 630, in _fit_impl\n    self._run(model, ckpt_path=ckpt_path, weights_only=weights_only)\n  File ""/home/mila/s/sobralm/Foundry/.venv/lib/python3.11/site-packages/lightning/pytorch/trainer/trainer.py"", line 1079, in _run\n    results = self._run_stage()\n              ^^^^^^^^^^^^^^^^^\n  File ""/home/mila/s/sobralm/Foundry/.venv/lib/python3.11/site-packages/lightning/pytorch/trainer/trainer.py"", line 1123, in _run_stage\n    self.fit_loop.run()\n  File ""/home/mila/s/sobralm/Foundry/.venv/lib/python3.11/site-packages/lightning/pytorch/loops/fit_loop.py"", line 217, in run\n    self.advance()\n  File ""/home/mila/s/sobralm/Foundry/.venv/lib/python3.11/site-packages/lightning/pytorch/loops/fit_loop.py"", line 465, in advance\n    self.epoch_loop.run(self._data_fetcher)\n  File ""/home/mila/s/sobralm/Foundry/.venv/lib/python3.11/site-packages/lightning/pytorch/loops/training_epoch_loop.py"", line 153, in run\n    self.advance(data_fetcher)\n  File ""/home/mila/s/sobralm/Foundry/.venv/lib/python3.11/site-packages/lightning/pytorch/loops/training_epoch_loop.py"", line 375, in advance\n    call._call_callback_hooks(trainer, ""on_train_batch_end"", batch_output, batch, batch_idx)\n  File ""/home/mila/s/sobralm/Foundry/.venv/lib/python3.11/site-packages/lightning/pytorch/trainer/call.py"", line 228, in _call_callback_hooks\n    fn(trainer, trainer.lightning_module, *args, **kwargs)\n  File ""/home/mila/s/sobralm/Foundry/.venv/lib/python3.11/site-packages/lightning/pytorch/callbacks/progress/rich_progress.py"", line 599, in on_train_batch_end\n    self._update_metrics(trainer, pl_module)\n  File ""/home/mila/s/sobralm/Foundry/.venv/lib/python3.11/site-packages/lightning/pytorch/callbacks/progress/rich_progress.py"", line 695, in _update_metrics\n    metrics = self.get_metrics(trainer, pl_module)\n              ^^^^^^^^^^^^^^^^^^^^^^^^^^^^^^^^^^^^\n  File ""/home/mila/s/sobralm/Foundry/.venv/lib/python3.11/site-packages/lightning/pytorch/callbacks/progress/rich_progress.py"", line 683, in get_metrics\n    items = super().get_metrics(trainer, pl_module)\n            ^^^^^^^^^^^^^^^^^^^^^^^^^^^^^^^^^^^^^^^\n  File ""/home/mila/s/sobralm/Foundry/.venv/lib/python3.11/site-packages/lightning/pytorch/callbacks/progress/progress_bar.py"", line 201, in get_metrics\n    pbar_metrics = trainer.progress_bar_metrics\n                   ^^^^^^^^^^^^^^^^^^^^^^^^^^^^\n  File ""/home/mila/s/sobralm/Foundry/.venv/lib/python3.11/site-packages/lightning/pytorch/trainer/trainer.py"", line 1734, in progress_bar_metrics\n    return self._logger_connector.progress_bar_metrics\n           ^^^^^^^^^^^^^^^^^^^^^^^^^^^^^^^^^^^^^^^^^^^\n  File ""/home/mila/s/sobralm/Foundry/.venv/lib/python3.11/site-packages/lightning/pytorch/trainer/connectors/logger_connector/logger_connector.py"", line 263, in progress_bar_metrics\n    metrics = self.metrics[""pbar""]\n              ^^^^^^^^^^^^\n  File ""/home/mila/s/sobralm/Foundry/.venv/lib/python3.11/site-packages/lightning/pytorch/trainer/connectors/logger_connector/logger_connector.py"", line 244, in metrics\n    return self.trainer._results.metrics(on_step)\n           ^^^^^^^^^^^^^^^^^^^^^^^^^^^^^^^^^^^^^^\n  File ""/home/mila/s/sobralm/Foundry/.venv/lib/python3.11/site-packages/lightning/pytorch/trainer/connectors/logger_connector/result.py"", line 492, in metrics\n    metrics[""pbar""][forked_name] = convert_tensors_to_scalars(value)\n                                   ^^^^^^^^^^^^^^^^^^^^^^^^^^^^^^^^^\n  File ""/home/mila/s/sobralm/Foundry/.venv/lib/python3.11/site-packages/lightning/fabric/utilities/apply_func.py"", line 136, in convert_tensors_to_scalars\n    return apply_to_collection(data, Tensor, to_item)\n           ^^^^^^^^^^^^^^^^^^^^^^^^^^^^^^^^^^^^^^^^^^\n  File ""/home/mila/s/sobralm/Foundry/.venv/lib/python3.11/site-packages/lightning_utilities/core/apply_func.py"", line 70, in apply_to_collection\n    return function(data, *args, **kwargs)\n           ^^^^^^^^^^^^^^^^^^^^^^^^^^^^^^^\n  File ""/home/mila/s/sobralm/Foundry/.venv/lib/python3.11/site-packages/lightning/fabric/utilities/apply_func.py"", line 134, in to_item\n    return value.item()\n           ^^^^^^^^^^^^\n  File ""/home/mila/s/sobralm/Foundry/.venv/lib/python3.11/site-packages/submitit/core/job_environment.py"", line 227, in checkpoint_and_try_requeue\n    raise utils.UncompletedJobError(message)\nsubmitit.core.utils.UncompletedJobError: Job not requeued because: timed-out and not checkpointable.",Timed out; not checkpointable/requeued
kemp_ft_pretrain_M0_baseline_leak_fixed_fold1,b9967277,https://wandb.ai/poyo-eeg/foundry_finetuning/runs/b9967277,KEMP_FT_DATA_SCALING,pretrain_M0_baseline_leak_fixed,1,failed,2026-08-17T18:19:36Z,132872,10,10392114,,"                                                                0.405 val/loss:\n                                                                0.865\nTraceback (most recent call last):\n  File ""/home/mila/s/sobralm/Foundry/main.py"", line 708, in main\n    trainer.fit(\n  File ""/home/mila/s/sobralm/Foundry/.venv/lib/python3.11/site-packages/lightning/pytorch/trainer/trainer.py"", line 584, in fit\n    call._call_and_handle_interrupt(\n  File ""/home/mila/s/sobralm/Foundry/.venv/lib/python3.11/site-packages/lightning/pytorch/trainer/call.py"", line 49, in _call_and_handle_interrupt\n    return trainer_fn(*args, **kwargs)\n           ^^^^^^^^^^^^^^^^^^^^^^^^^^^\n  File ""/home/mila/s/sobralm/Foundry/.venv/lib/python3.11/site-packages/lightning/pytorch/trainer/trainer.py"", line 630, in _fit_impl\n    self._run(model, ckpt_path=ckpt_path, weights_only=weights_only)\n  File ""/home/mila/s/sobralm/Foundry/.venv/lib/python3.11/site-packages/lightning/pytorch/trainer/trainer.py"", line 1079, in _run\n    results = self._run_stage()\n              ^^^^^^^^^^^^^^^^^\n  File ""/home/mila/s/sobralm/Foundry/.venv/lib/python3.11/site-packages/lightning/pytorch/trainer/trainer.py"", line 1123, in _run_stage\n    self.fit_loop.run()\n  File ""/home/mila/s/sobralm/Foundry/.venv/lib/python3.11/site-packages/lightning/pytorch/loops/fit_loop.py"", line 217, in run\n    self.advance()\n  File ""/home/mila/s/sobralm/Foundry/.venv/lib/python3.11/site-packages/lightning/pytorch/loops/fit_loop.py"", line 465, in advance\n    self.epoch_loop.run(self._data_fetcher)\n  File ""/home/mila/s/sobralm/Foundry/.venv/lib/python3.11/site-packages/lightning/pytorch/loops/training_epoch_loop.py"", line 153, in run\n    self.advance(data_fetcher)\n  File ""/home/mila/s/sobralm/Foundry/.venv/lib/python3.11/site-packages/lightning/pytorch/loops/training_epoch_loop.py"", line 377, in advance\n    trainer._logger_connector.on_batch_end()\n  File ""/home/mila/s/sobralm/Foundry/.venv/lib/python3.11/site-packages/lightning/pytorch/trainer/connectors/logger_connector/logger_connector.py"", line 213, in on_batch_end\n    metrics = self.metrics\n              ^^^^^^^^^^^^\n  File ""/home/mila/s/sobralm/Foundry/.venv/lib/python3.11/site-packages/lightning/pytorch/trainer/connectors/logger_connector/logger_connector.py"", line 244, in metrics\n    return self.trainer._results.metrics(on_step)\n           ^^^^^^^^^^^^^^^^^^^^^^^^^^^^^^^^^^^^^^\n  File ""/home/mila/s/sobralm/Foundry/.venv/lib/python3.11/site-packages/lightning/pytorch/trainer/connectors/logger_connector/result.py"", line 492, in metrics\n    metrics[""pbar""][forked_name] = convert_tensors_to_scalars(value)\n                                   ^^^^^^^^^^^^^^^^^^^^^^^^^^^^^^^^^\n  File ""/home/mila/s/sobralm/Foundry/.venv/lib/python3.11/site-packages/lightning/fabric/utilities/apply_func.py"", line 136, in convert_tensors_to_scalars\n    return apply_to_collection(data, Tensor, to_item)\n           ^^^^^^^^^^^^^^^^^^^^^^^^^^^^^^^^^^^^^^^^^^\n  File ""/home/mila/s/sobralm/Foundry/.venv/lib/python3.11/site-packages/lightning_utilities/core/apply_func.py"", line 70, in apply_to_collection\n    return function(data, *args, **kwargs)\n           ^^^^^^^^^^^^^^^^^^^^^^^^^^^^^^^\n  File ""/home/mila/s/sobralm/Foundry/.venv/lib/python3.11/site-packages/lightning/fabric/utilities/apply_func.py"", line 134, in to_item\n    return value.item()\n           ^^^^^^^^^^^^\n  File ""/home/mila/s/sobralm/Foundry/.venv/lib/python3.11/site-packages/submitit/core/job_environment.py"", line 227, in checkpoint_and_try_requeue\n    raise utils.UncompletedJobError(message)\nsubmitit.core.utils.UncompletedJobError: Job not requeued because: timed-out and not checkpointable.\n           INFO     Finishing lingering WandB run id=b9967277\n                    name=kemp_ft_pretrain_M0_baseline_leak_fixed_fold1 before\n                    continuing.",Timed out; not checkpointable/requeued
kemp_ft_pretrain_M0_baseline_leak_fixed_fold2,974feca9,https://wandb.ai/poyo-eeg/foundry_finetuning/runs/974feca9,KEMP_FT_DATA_SCALING,pretrain_M0_baseline_leak_fixed,2,failed,2026-08-17T18:19:04Z,135514,7,10392088,,"                                      1:23:27                  train/loss: 0.186\n                                                               val/loss: 0.789\nTraceback (most recent call last):\n  File ""/home/mila/s/sobralm/Foundry/main.py"", line 708, in main\n    trainer.fit(\n  File ""/home/mila/s/sobralm/Foundry/.venv/lib/python3.11/site-packages/lightning/pytorch/trainer/trainer.py"", line 584, in fit\n    call._call_and_handle_interrupt(\n  File ""/home/mila/s/sobralm/Foundry/.venv/lib/python3.11/site-packages/lightning/pytorch/trainer/call.py"", line 49, in _call_and_handle_interrupt\n    return trainer_fn(*args, **kwargs)\n           ^^^^^^^^^^^^^^^^^^^^^^^^^^^\n  File ""/home/mila/s/sobralm/Foundry/.venv/lib/python3.11/site-packages/lightning/pytorch/trainer/trainer.py"", line 630, in _fit_impl\n    self._run(model, ckpt_path=ckpt_path, weights_only=weights_only)\n  File ""/home/mila/s/sobralm/Foundry/.venv/lib/python3.11/site-packages/lightning/pytorch/trainer/trainer.py"", line 1079, in _run\n    results = self._run_stage()\n              ^^^^^^^^^^^^^^^^^\n  File ""/home/mila/s/sobralm/Foundry/.venv/lib/python3.11/site-packages/lightning/pytorch/trainer/trainer.py"", line 1123, in _run_stage\n    self.fit_loop.run()\n  File ""/home/mila/s/sobralm/Foundry/.venv/lib/python3.11/site-packages/lightning/pytorch/loops/fit_loop.py"", line 217, in run\n    self.advance()\n  File ""/home/mila/s/sobralm/Foundry/.venv/lib/python3.11/site-packages/lightning/pytorch/loops/fit_loop.py"", line 465, in advance\n    self.epoch_loop.run(self._data_fetcher)\n  File ""/home/mila/s/sobralm/Foundry/.venv/lib/python3.11/site-packages/lightning/pytorch/loops/training_epoch_loop.py"", line 153, in run\n    self.advance(data_fetcher)\n  File ""/home/mila/s/sobralm/Foundry/.venv/lib/python3.11/site-packages/lightning/pytorch/loops/training_epoch_loop.py"", line 375, in advance\n    call._call_callback_hooks(trainer, ""on_train_batch_end"", batch_output, batch, batch_idx)\n  File ""/home/mila/s/sobralm/Foundry/.venv/lib/python3.11/site-packages/lightning/pytorch/trainer/call.py"", line 228, in _call_callback_hooks\n    fn(trainer, trainer.lightning_module, *args, **kwargs)\n  File ""/home/mila/s/sobralm/Foundry/.venv/lib/python3.11/site-packages/lightning/pytorch/callbacks/progress/rich_progress.py"", line 599, in on_train_batch_end\n    self._update_metrics(trainer, pl_module)\n  File ""/home/mila/s/sobralm/Foundry/.venv/lib/python3.11/site-packages/lightning/pytorch/callbacks/progress/rich_progress.py"", line 695, in _update_metrics\n    metrics = self.get_metrics(trainer, pl_module)\n              ^^^^^^^^^^^^^^^^^^^^^^^^^^^^^^^^^^^^\n  File ""/home/mila/s/sobralm/Foundry/.venv/lib/python3.11/site-packages/lightning/pytorch/callbacks/progress/rich_progress.py"", line 683, in get_metrics\n    items = super().get_metrics(trainer, pl_module)\n            ^^^^^^^^^^^^^^^^^^^^^^^^^^^^^^^^^^^^^^^\n  File ""/home/mila/s/sobralm/Foundry/.venv/lib/python3.11/site-packages/lightning/pytorch/callbacks/progress/progress_bar.py"", line 201, in get_metrics\n    pbar_metrics = trainer.progress_bar_metrics\n                   ^^^^^^^^^^^^^^^^^^^^^^^^^^^^\n  File ""/home/mila/s/sobralm/Foundry/.venv/lib/python3.11/site-packages/lightning/pytorch/trainer/trainer.py"", line 1734, in progress_bar_metrics\n    return self._logger_connector.progress_bar_metrics\n           ^^^^^^^^^^^^^^^^^^^^^^^^^^^^^^^^^^^^^^^^^^^\n  File ""/home/mila/s/sobralm/Foundry/.venv/lib/python3.11/site-packages/lightning/pytorch/trainer/connectors/logger_connector/logger_connector.py"", line 263, in progress_bar_metrics\n    metrics = self.metrics[""pbar""]\n              ^^^^^^^^^^^^\n  File ""/home/mila/s/sobralm/Foundry/.venv/lib/python3.11/site-packages/lightning/pytorch/trainer/connectors/logger_connector/logger_connector.py"", line 244, in metrics\n    return self.trainer._results.metrics(on_step)\n           ^^^^^^^^^^^^^^^^^^^^^^^^^^^^^^^^^^^^^^\n  File ""/home/mila/s/sobralm/Foundry/.venv/lib/python3.11/site-packages/lightning/pytorch/trainer/connectors/logger_connector/result.py"", line 492, in metrics\n    metrics[""pbar""][forked_name] = convert_tensors_to_scalars(value)\n                                   ^^^^^^^^^^^^^^^^^^^^^^^^^^^^^^^^^\n  File ""/home/mila/s/sobralm/Foundry/.venv/lib/python3.11/site-packages/lightning/fabric/utilities/apply_func.py"", line 136, in convert_tensors_to_scalars\n    return apply_to_collection(data, Tensor, to_item)\n           ^^^^^^^^^^^^^^^^^^^^^^^^^^^^^^^^^^^^^^^^^^\n  File ""/home/mila/s/sobralm/Foundry/.venv/lib/python3.11/site-packages/lightning_utilities/core/apply_func.py"", line 70, in apply_to_collection\n    return function(data, *args, **kwargs)\n           ^^^^^^^^^^^^^^^^^^^^^^^^^^^^^^^\n  File ""/home/mila/s/sobralm/Foundry/.venv/lib/python3.11/site-packages/lightning/fabric/utilities/apply_func.py"", line 134, in to_item\n    return value.item()\n           ^^^^^^^^^^^^\n  File ""/home/mila/s/sobralm/Foundry/.venv/lib/python3.11/site-packages/submitit/core/job_environment.py"", line 227, in checkpoint_and_try_requeue\n    raise utils.UncompletedJobError(message)\nsubmitit.core.utils.UncompletedJobError: Job not requeued because: timed-out and not checkpointable.",Timed out; not checkpointable/requeued
kemp_ft_pretrain_M1_ratio70_leak_fixed_fold0,3a4fca52,https://wandb.ai/poyo-eeg/foundry_finetuning/runs/3a4fca52,KEMP_FT_DATA_SCALING,pretrain_M1_ratio70_leak_fixed,0,failed,2026-08-17T18:19:32Z,135714,8,10392125,,"                                      0:34:38                  train/loss: 0.293\n                                                               val/loss: 0.889\nTraceback (most recent call last):\n  File ""/home/mila/s/sobralm/Foundry/main.py"", line 708, in main\n    trainer.fit(\n  File ""/home/mila/s/sobralm/Foundry/.venv/lib/python3.11/site-packages/lightning/pytorch/trainer/trainer.py"", line 584, in fit\n    call._call_and_handle_interrupt(\n  File ""/home/mila/s/sobralm/Foundry/.venv/lib/python3.11/site-packages/lightning/pytorch/trainer/call.py"", line 49, in _call_and_handle_interrupt\n    return trainer_fn(*args, **kwargs)\n           ^^^^^^^^^^^^^^^^^^^^^^^^^^^\n  File ""/home/mila/s/sobralm/Foundry/.venv/lib/python3.11/site-packages/lightning/pytorch/trainer/trainer.py"", line 630, in _fit_impl\n    self._run(model, ckpt_path=ckpt_path, weights_only=weights_only)\n  File ""/home/mila/s/sobralm/Foundry/.venv/lib/python3.11/site-packages/lightning/pytorch/trainer/trainer.py"", line 1079, in _run\n    results = self._run_stage()\n              ^^^^^^^^^^^^^^^^^\n  File ""/home/mila/s/sobralm/Foundry/.venv/lib/python3.11/site-packages/lightning/pytorch/trainer/trainer.py"", line 1123, in _run_stage\n    self.fit_loop.run()\n  File ""/home/mila/s/sobralm/Foundry/.venv/lib/python3.11/site-packages/lightning/pytorch/loops/fit_loop.py"", line 217, in run\n    self.advance()\n  File ""/home/mila/s/sobralm/Foundry/.venv/lib/python3.11/site-packages/lightning/pytorch/loops/fit_loop.py"", line 465, in advance\n    self.epoch_loop.run(self._data_fetcher)\n  File ""/home/mila/s/sobralm/Foundry/.venv/lib/python3.11/site-packages/lightning/pytorch/loops/training_epoch_loop.py"", line 153, in run\n    self.advance(data_fetcher)\n  File ""/home/mila/s/sobralm/Foundry/.venv/lib/python3.11/site-packages/lightning/pytorch/loops/training_epoch_loop.py"", line 375, in advance\n    call._call_callback_hooks(trainer, ""on_train_batch_end"", batch_output, batch, batch_idx)\n  File ""/home/mila/s/sobralm/Foundry/.venv/lib/python3.11/site-packages/lightning/pytorch/trainer/call.py"", line 228, in _call_callback_hooks\n    fn(trainer, trainer.lightning_module, *args, **kwargs)\n  File ""/home/mila/s/sobralm/Foundry/.venv/lib/python3.11/site-packages/lightning/pytorch/callbacks/progress/rich_progress.py"", line 599, in on_train_batch_end\n    self._update_metrics(trainer, pl_module)\n  File ""/home/mila/s/sobralm/Foundry/.venv/lib/python3.11/site-packages/lightning/pytorch/callbacks/progress/rich_progress.py"", line 695, in _update_metrics\n    metrics = self.get_metrics(trainer, pl_module)\n              ^^^^^^^^^^^^^^^^^^^^^^^^^^^^^^^^^^^^\n  File ""/home/mila/s/sobralm/Foundry/.venv/lib/python3.11/site-packages/lightning/pytorch/callbacks/progress/rich_progress.py"", line 683, in get_metrics\n    items = super().get_metrics(trainer, pl_module)\n            ^^^^^^^^^^^^^^^^^^^^^^^^^^^^^^^^^^^^^^^\n  File ""/home/mila/s/sobralm/Foundry/.venv/lib/python3.11/site-packages/lightning/pytorch/callbacks/progress/progress_bar.py"", line 201, in get_metrics\n    pbar_metrics = trainer.progress_bar_metrics\n                   ^^^^^^^^^^^^^^^^^^^^^^^^^^^^\n  File ""/home/mila/s/sobralm/Foundry/.venv/lib/python3.11/site-packages/lightning/pytorch/trainer/trainer.py"", line 1734, in progress_bar_metrics\n    return self._logger_connector.progress_bar_metrics\n           ^^^^^^^^^^^^^^^^^^^^^^^^^^^^^^^^^^^^^^^^^^^\n  File ""/home/mila/s/sobralm/Foundry/.venv/lib/python3.11/site-packages/lightning/pytorch/trainer/connectors/logger_connector/logger_connector.py"", line 263, in progress_bar_metrics\n    metrics = self.metrics[""pbar""]\n              ^^^^^^^^^^^^\n  File ""/home/mila/s/sobralm/Foundry/.venv/lib/python3.11/site-packages/lightning/pytorch/trainer/connectors/logger_connector/logger_connector.py"", line 244, in metrics\n    return self.trainer._results.metrics(on_step)\n           ^^^^^^^^^^^^^^^^^^^^^^^^^^^^^^^^^^^^^^\n  File ""/home/mila/s/sobralm/Foundry/.venv/lib/python3.11/site-packages/lightning/pytorch/trainer/connectors/logger_connector/result.py"", line 492, in metrics\n    metrics[""pbar""][forked_name] = convert_tensors_to_scalars(value)\n                                   ^^^^^^^^^^^^^^^^^^^^^^^^^^^^^^^^^\n  File ""/home/mila/s/sobralm/Foundry/.venv/lib/python3.11/site-packages/lightning/fabric/utilities/apply_func.py"", line 136, in convert_tensors_to_scalars\n    return apply_to_collection(data, Tensor, to_item)\n           ^^^^^^^^^^^^^^^^^^^^^^^^^^^^^^^^^^^^^^^^^^\n  File ""/home/mila/s/sobralm/Foundry/.venv/lib/python3.11/site-packages/lightning_utilities/core/apply_func.py"", line 70, in apply_to_collection\n    return function(data, *args, **kwargs)\n           ^^^^^^^^^^^^^^^^^^^^^^^^^^^^^^^\n  File ""/home/mila/s/sobralm/Foundry/.venv/lib/python3.11/site-packages/lightning/fabric/utilities/apply_func.py"", line 134, in to_item\n    return value.item()\n           ^^^^^^^^^^^^\n  File ""/home/mila/s/sobralm/Foundry/.venv/lib/python3.11/site-packages/submitit/core/job_environment.py"", line 227, in checkpoint_and_try_requeue\n    raise utils.UncompletedJobError(message)\nsubmitit.core.utils.UncompletedJobError: Job not requeued because: timed-out and not checkpointable.",Timed out; not checkpointable/requeued
kemp_ft_pretrain_M1_ratio70_leak_fixed_fold1,e399af69,https://wandb.ai/poyo-eeg/foundry_finetuning/runs/e399af69,KEMP_FT_DATA_SCALING,pretrain_M1_ratio70_leak_fixed,1,failed,2026-08-17T18:19:12Z,133769,10,10392126,,"  File ""/home/mila/s/sobralm/Foundry/.venv/lib/python3.11/site-packages/lightning/pytorch/loops/training_epoch_loop.py"", line 422, in on_advance_end\n    raise SIGTERMException\nlightning.pytorch.utilities.exceptions.SIGTERMException\n           INFO     Finishing lingering WandB run id=e399af69\n                    name=kemp_ft_pretrain_M1_ratio70_leak_fixed_fold1 before\n                    continuing.",SIGTERM received
kemp_ft_pretrain_M1_ratio70_leak_fixed_fold2,95f7c4d4,https://wandb.ai/poyo-eeg/foundry_finetuning/runs/95f7c4d4,KEMP_FT_DATA_SCALING,pretrain_M1_ratio70_leak_fixed,2,failed,2026-08-17T18:22:34Z,135798,7,10392098,,"                                      1:22:22                  train/loss: 0.327\n                                                               val/loss: 0.733\nTraceback (most recent call last):\n  File ""/home/mila/s/sobralm/Foundry/main.py"", line 708, in main\n    trainer.fit(\n  File ""/home/mila/s/sobralm/Foundry/.venv/lib/python3.11/site-packages/lightning/pytorch/trainer/trainer.py"", line 584, in fit\n    call._call_and_handle_interrupt(\n  File ""/home/mila/s/sobralm/Foundry/.venv/lib/python3.11/site-packages/lightning/pytorch/trainer/call.py"", line 49, in _call_and_handle_interrupt\n    return trainer_fn(*args, **kwargs)\n           ^^^^^^^^^^^^^^^^^^^^^^^^^^^\n  File ""/home/mila/s/sobralm/Foundry/.venv/lib/python3.11/site-packages/lightning/pytorch/trainer/trainer.py"", line 630, in _fit_impl\n    self._run(model, ckpt_path=ckpt_path, weights_only=weights_only)\n  File ""/home/mila/s/sobralm/Foundry/.venv/lib/python3.11/site-packages/lightning/pytorch/trainer/trainer.py"", line 1079, in _run\n    results = self._run_stage()\n              ^^^^^^^^^^^^^^^^^\n  File ""/home/mila/s/sobralm/Foundry/.venv/lib/python3.11/site-packages/lightning/pytorch/trainer/trainer.py"", line 1123, in _run_stage\n    self.fit_loop.run()\n  File ""/home/mila/s/sobralm/Foundry/.venv/lib/python3.11/site-packages/lightning/pytorch/loops/fit_loop.py"", line 217, in run\n    self.advance()\n  File ""/home/mila/s/sobralm/Foundry/.venv/lib/python3.11/site-packages/lightning/pytorch/loops/fit_loop.py"", line 465, in advance\n    self.epoch_loop.run(self._data_fetcher)\n  File ""/home/mila/s/sobralm/Foundry/.venv/lib/python3.11/site-packages/lightning/pytorch/loops/training_epoch_loop.py"", line 153, in run\n    self.advance(data_fetcher)\n  File ""/home/mila/s/sobralm/Foundry/.venv/lib/python3.11/site-packages/lightning/pytorch/loops/training_epoch_loop.py"", line 375, in advance\n    call._call_callback_hooks(trainer, ""on_train_batch_end"", batch_output, batch, batch_idx)\n  File ""/home/mila/s/sobralm/Foundry/.venv/lib/python3.11/site-packages/lightning/pytorch/trainer/call.py"", line 228, in _call_callback_hooks\n    fn(trainer, trainer.lightning_module, *args, **kwargs)\n  File ""/home/mila/s/sobralm/Foundry/.venv/lib/python3.11/site-packages/lightning/pytorch/callbacks/progress/rich_progress.py"", line 599, in on_train_batch_end\n    self._update_metrics(trainer, pl_module)\n  File ""/home/mila/s/sobralm/Foundry/.venv/lib/python3.11/site-packages/lightning/pytorch/callbacks/progress/rich_progress.py"", line 695, in _update_metrics\n    metrics = self.get_metrics(trainer, pl_module)\n              ^^^^^^^^^^^^^^^^^^^^^^^^^^^^^^^^^^^^\n  File ""/home/mila/s/sobralm/Foundry/.venv/lib/python3.11/site-packages/lightning/pytorch/callbacks/progress/rich_progress.py"", line 683, in get_metrics\n    items = super().get_metrics(trainer, pl_module)\n            ^^^^^^^^^^^^^^^^^^^^^^^^^^^^^^^^^^^^^^^\n  File ""/home/mila/s/sobralm/Foundry/.venv/lib/python3.11/site-packages/lightning/pytorch/callbacks/progress/progress_bar.py"", line 201, in get_metrics\n    pbar_metrics = trainer.progress_bar_metrics\n                   ^^^^^^^^^^^^^^^^^^^^^^^^^^^^\n  File ""/home/mila/s/sobralm/Foundry/.venv/lib/python3.11/site-packages/lightning/pytorch/trainer/trainer.py"", line 1734, in progress_bar_metrics\n    return self._logger_connector.progress_bar_metrics\n           ^^^^^^^^^^^^^^^^^^^^^^^^^^^^^^^^^^^^^^^^^^^\n  File ""/home/mila/s/sobralm/Foundry/.venv/lib/python3.11/site-packages/lightning/pytorch/trainer/connectors/logger_connector/logger_connector.py"", line 263, in progress_bar_metrics\n    metrics = self.metrics[""pbar""]\n              ^^^^^^^^^^^^\n  File ""/home/mila/s/sobralm/Foundry/.venv/lib/python3.11/site-packages/lightning/pytorch/trainer/connectors/logger_connector/logger_connector.py"", line 244, in metrics\n    return self.trainer._results.metrics(on_step)\n           ^^^^^^^^^^^^^^^^^^^^^^^^^^^^^^^^^^^^^^\n  File ""/home/mila/s/sobralm/Foundry/.venv/lib/python3.11/site-packages/lightning/pytorch/trainer/connectors/logger_connector/result.py"", line 492, in metrics\n    metrics[""pbar""][forked_name] = convert_tensors_to_scalars(value)\n                                   ^^^^^^^^^^^^^^^^^^^^^^^^^^^^^^^^^\n  File ""/home/mila/s/sobralm/Foundry/.venv/lib/python3.11/site-packages/lightning/fabric/utilities/apply_func.py"", line 136, in convert_tensors_to_scalars\n    return apply_to_collection(data, Tensor, to_item)\n           ^^^^^^^^^^^^^^^^^^^^^^^^^^^^^^^^^^^^^^^^^^\n  File ""/home/mila/s/sobralm/Foundry/.venv/lib/python3.11/site-packages/lightning_utilities/core/apply_func.py"", line 70, in apply_to_collection\n    return function(data, *args, **kwargs)\n           ^^^^^^^^^^^^^^^^^^^^^^^^^^^^^^^\n  File ""/home/mila/s/sobralm/Foundry/.venv/lib/python3.11/site-packages/lightning/fabric/utilities/apply_func.py"", line 134, in to_item\n    return value.item()\n           ^^^^^^^^^^^^\n  File ""/home/mila/s/sobralm/Foundry/.venv/lib/python3.11/site-packages/submitit/core/job_environment.py"", line 227, in checkpoint_and_try_requeue\n    raise utils.UncompletedJobError(message)\nsubmitit.core.utils.UncompletedJobError: Job not requeued because: timed-out and not checkpointable.",Timed out; not checkpointable/requeued
kemp_ft_pretrain_M2_ratio80_leak_fixed_fold0,0d868a0a,https://wandb.ai/poyo-eeg/foundry_finetuning/runs/0d868a0a,KEMP_FT_DATA_SCALING,pretrain_M2_ratio80_leak_fixed,0,failed,2026-08-17T18:22:29Z,133820,8,10392166,,"                                      0:44:42                  train/loss: 0.421\n                                                               val/loss: 0.943\nTraceback (most recent call last):\n  File ""/home/mila/s/sobralm/Foundry/main.py"", line 708, in main\n    trainer.fit(\n  File ""/home/mila/s/sobralm/Foundry/.venv/lib/python3.11/site-packages/lightning/pytorch/trainer/trainer.py"", line 584, in fit\n    call._call_and_handle_interrupt(\n  File ""/home/mila/s/sobralm/Foundry/.venv/lib/python3.11/site-packages/lightning/pytorch/trainer/call.py"", line 49, in _call_and_handle_interrupt\n    return trainer_fn(*args, **kwargs)\n           ^^^^^^^^^^^^^^^^^^^^^^^^^^^\n  File ""/home/mila/s/sobralm/Foundry/.venv/lib/python3.11/site-packages/lightning/pytorch/trainer/trainer.py"", line 630, in _fit_impl\n    self._run(model, ckpt_path=ckpt_path, weights_only=weights_only)\n  File ""/home/mila/s/sobralm/Foundry/.venv/lib/python3.11/site-packages/lightning/pytorch/trainer/trainer.py"", line 1079, in _run\n    results = self._run_stage()\n              ^^^^^^^^^^^^^^^^^\n  File ""/home/mila/s/sobralm/Foundry/.venv/lib/python3.11/site-packages/lightning/pytorch/trainer/trainer.py"", line 1123, in _run_stage\n    self.fit_loop.run()\n  File ""/home/mila/s/sobralm/Foundry/.venv/lib/python3.11/site-packages/lightning/pytorch/loops/fit_loop.py"", line 217, in run\n    self.advance()\n  File ""/home/mila/s/sobralm/Foundry/.venv/lib/python3.11/site-packages/lightning/pytorch/loops/fit_loop.py"", line 465, in advance\n    self.epoch_loop.run(self._data_fetcher)\n  File ""/home/mila/s/sobralm/Foundry/.venv/lib/python3.11/site-packages/lightning/pytorch/loops/training_epoch_loop.py"", line 153, in run\n    self.advance(data_fetcher)\n  File ""/home/mila/s/sobralm/Foundry/.venv/lib/python3.11/site-packages/lightning/pytorch/loops/training_epoch_loop.py"", line 375, in advance\n    call._call_callback_hooks(trainer, ""on_train_batch_end"", batch_output, batch, batch_idx)\n  File ""/home/mila/s/sobralm/Foundry/.venv/lib/python3.11/site-packages/lightning/pytorch/trainer/call.py"", line 228, in _call_callback_hooks\n    fn(trainer, trainer.lightning_module, *args, **kwargs)\n  File ""/home/mila/s/sobralm/Foundry/.venv/lib/python3.11/site-packages/lightning/pytorch/callbacks/progress/rich_progress.py"", line 599, in on_train_batch_end\n    self._update_metrics(trainer, pl_module)\n  File ""/home/mila/s/sobralm/Foundry/.venv/lib/python3.11/site-packages/lightning/pytorch/callbacks/progress/rich_progress.py"", line 695, in _update_metrics\n    metrics = self.get_metrics(trainer, pl_module)\n              ^^^^^^^^^^^^^^^^^^^^^^^^^^^^^^^^^^^^\n  File ""/home/mila/s/sobralm/Foundry/.venv/lib/python3.11/site-packages/lightning/pytorch/callbacks/progress/rich_progress.py"", line 683, in get_metrics\n    items = super().get_metrics(trainer, pl_module)\n            ^^^^^^^^^^^^^^^^^^^^^^^^^^^^^^^^^^^^^^^\n  File ""/home/mila/s/sobralm/Foundry/.venv/lib/python3.11/site-packages/lightning/pytorch/callbacks/progress/progress_bar.py"", line 201, in get_metrics\n    pbar_metrics = trainer.progress_bar_metrics\n                   ^^^^^^^^^^^^^^^^^^^^^^^^^^^^\n  File ""/home/mila/s/sobralm/Foundry/.venv/lib/python3.11/site-packages/lightning/pytorch/trainer/trainer.py"", line 1734, in progress_bar_metrics\n    return self._logger_connector.progress_bar_metrics\n           ^^^^^^^^^^^^^^^^^^^^^^^^^^^^^^^^^^^^^^^^^^^\n  File ""/home/mila/s/sobralm/Foundry/.venv/lib/python3.11/site-packages/lightning/pytorch/trainer/connectors/logger_connector/logger_connector.py"", line 263, in progress_bar_metrics\n    metrics = self.metrics[""pbar""]\n              ^^^^^^^^^^^^\n  File ""/home/mila/s/sobralm/Foundry/.venv/lib/python3.11/site-packages/lightning/pytorch/trainer/connectors/logger_connector/logger_connector.py"", line 244, in metrics\n    return self.trainer._results.metrics(on_step)\n           ^^^^^^^^^^^^^^^^^^^^^^^^^^^^^^^^^^^^^^\n  File ""/home/mila/s/sobralm/Foundry/.venv/lib/python3.11/site-packages/lightning/pytorch/trainer/connectors/logger_connector/result.py"", line 492, in metrics\n    metrics[""pbar""][forked_name] = convert_tensors_to_scalars(value)\n                                   ^^^^^^^^^^^^^^^^^^^^^^^^^^^^^^^^^\n  File ""/home/mila/s/sobralm/Foundry/.venv/lib/python3.11/site-packages/lightning/fabric/utilities/apply_func.py"", line 136, in convert_tensors_to_scalars\n    return apply_to_collection(data, Tensor, to_item)\n           ^^^^^^^^^^^^^^^^^^^^^^^^^^^^^^^^^^^^^^^^^^\n  File ""/home/mila/s/sobralm/Foundry/.venv/lib/python3.11/site-packages/lightning_utilities/core/apply_func.py"", line 70, in apply_to_collection\n    return function(data, *args, **kwargs)\n           ^^^^^^^^^^^^^^^^^^^^^^^^^^^^^^^\n  File ""/home/mila/s/sobralm/Foundry/.venv/lib/python3.11/site-packages/lightning/fabric/utilities/apply_func.py"", line 134, in to_item\n    return value.item()\n           ^^^^^^^^^^^^\n  File ""/home/mila/s/sobralm/Foundry/.venv/lib/python3.11/site-packages/submitit/core/job_environment.py"", line 227, in checkpoint_and_try_requeue\n    raise utils.UncompletedJobError(message)\nsubmitit.core.utils.UncompletedJobError: Job not requeued because: timed-out and not checkpointable.",Timed out; not checkpointable/requeued
kemp_ft_pretrain_M2_ratio80_leak_fixed_fold1,d761b806,https://wandb.ai/poyo-eeg/foundry_finetuning/runs/d761b806,KEMP_FT_DATA_SCALING,pretrain_M2_ratio80_leak_fixed,1,failed,2026-08-17T18:25:07Z,131767,10,10392174,,"  File ""/home/mila/s/sobralm/Foundry/.venv/lib/python3.11/site-packages/lightning/pytorch/loops/training_epoch_loop.py"", line 422, in on_advance_end\n    raise SIGTERMException\nlightning.pytorch.utilities.exceptions.SIGTERMException\n           INFO     Finishing lingering WandB run id=d761b806\n                    name=kemp_ft_pretrain_M2_ratio80_leak_fixed_fold1 before\n                    continuing.",SIGTERM received
kemp_ft_pretrain_M2_ratio80_leak_fixed_fold2,2b5cac4e,https://wandb.ai/poyo-eeg/foundry_finetuning/runs/2b5cac4e,KEMP_FT_DATA_SCALING,pretrain_M2_ratio80_leak_fixed,2,failed,2026-08-17T18:27:59Z,134247,7,10392106,,"  File ""/home/mila/s/sobralm/Foundry/.venv/lib/python3.11/site-packages/lightning/pytorch/loops/training_epoch_loop.py"", line 422, in on_advance_end\n    raise SIGTERMException\nlightning.pytorch.utilities.exceptions.SIGTERMException\n[02:24:41] INFO     Finishing lingering WandB run id=2b5cac4e\n                    name=kemp_ft_pretrain_M2_ratio80_leak_fixed_fold2 before\n                    continuing.",SIGTERM received
kemp_ft_pretrain_M3_ratio90_leak_fixed_fold0,d6aa8396,https://wandb.ai/poyo-eeg/foundry_finetuning/runs/d6aa8396,KEMP_FT_DATA_SCALING,pretrain_M3_ratio90_leak_fixed,0,failed,2026-08-18T00:55:58Z,131364,8,10395535,,"                                      0:57:50                  train/loss: 0.402\n                                                               val/loss: 0.864\nTraceback (most recent call last):\n  File ""/home/mila/s/sobralm/Foundry/main.py"", line 708, in main\n    trainer.fit(\n  File ""/home/mila/s/sobralm/Foundry/.venv/lib/python3.11/site-packages/lightning/pytorch/trainer/trainer.py"", line 584, in fit\n    call._call_and_handle_interrupt(\n  File ""/home/mila/s/sobralm/Foundry/.venv/lib/python3.11/site-packages/lightning/pytorch/trainer/call.py"", line 49, in _call_and_handle_interrupt\n    return trainer_fn(*args, **kwargs)\n           ^^^^^^^^^^^^^^^^^^^^^^^^^^^\n  File ""/home/mila/s/sobralm/Foundry/.venv/lib/python3.11/site-packages/lightning/pytorch/trainer/trainer.py"", line 630, in _fit_impl\n    self._run(model, ckpt_path=ckpt_path, weights_only=weights_only)\n  File ""/home/mila/s/sobralm/Foundry/.venv/lib/python3.11/site-packages/lightning/pytorch/trainer/trainer.py"", line 1079, in _run\n    results = self._run_stage()\n              ^^^^^^^^^^^^^^^^^\n  File ""/home/mila/s/sobralm/Foundry/.venv/lib/python3.11/site-packages/lightning/pytorch/trainer/trainer.py"", line 1123, in _run_stage\n    self.fit_loop.run()\n  File ""/home/mila/s/sobralm/Foundry/.venv/lib/python3.11/site-packages/lightning/pytorch/loops/fit_loop.py"", line 217, in run\n    self.advance()\n  File ""/home/mila/s/sobralm/Foundry/.venv/lib/python3.11/site-packages/lightning/pytorch/loops/fit_loop.py"", line 465, in advance\n    self.epoch_loop.run(self._data_fetcher)\n  File ""/home/mila/s/sobralm/Foundry/.venv/lib/python3.11/site-packages/lightning/pytorch/loops/training_epoch_loop.py"", line 153, in run\n    self.advance(data_fetcher)\n  File ""/home/mila/s/sobralm/Foundry/.venv/lib/python3.11/site-packages/lightning/pytorch/loops/training_epoch_loop.py"", line 375, in advance\n    call._call_callback_hooks(trainer, ""on_train_batch_end"", batch_output, batch, batch_idx)\n  File ""/home/mila/s/sobralm/Foundry/.venv/lib/python3.11/site-packages/lightning/pytorch/trainer/call.py"", line 228, in _call_callback_hooks\n    fn(trainer, trainer.lightning_module, *args, **kwargs)\n  File ""/home/mila/s/sobralm/Foundry/.venv/lib/python3.11/site-packages/lightning/pytorch/callbacks/progress/rich_progress.py"", line 599, in on_train_batch_end\n    self._update_metrics(trainer, pl_module)\n  File ""/home/mila/s/sobralm/Foundry/.venv/lib/python3.11/site-packages/lightning/pytorch/callbacks/progress/rich_progress.py"", line 695, in _update_metrics\n    metrics = self.get_metrics(trainer, pl_module)\n              ^^^^^^^^^^^^^^^^^^^^^^^^^^^^^^^^^^^^\n  File ""/home/mila/s/sobralm/Foundry/.venv/lib/python3.11/site-packages/lightning/pytorch/callbacks/progress/rich_progress.py"", line 683, in get_metrics\n    items = super().get_metrics(trainer, pl_module)\n            ^^^^^^^^^^^^^^^^^^^^^^^^^^^^^^^^^^^^^^^\n  File ""/home/mila/s/sobralm/Foundry/.venv/lib/python3.11/site-packages/lightning/pytorch/callbacks/progress/progress_bar.py"", line 201, in get_metrics\n    pbar_metrics = trainer.progress_bar_metrics\n                   ^^^^^^^^^^^^^^^^^^^^^^^^^^^^\n  File ""/home/mila/s/sobralm/Foundry/.venv/lib/python3.11/site-packages/lightning/pytorch/trainer/trainer.py"", line 1734, in progress_bar_metrics\n    return self._logger_connector.progress_bar_metrics\n           ^^^^^^^^^^^^^^^^^^^^^^^^^^^^^^^^^^^^^^^^^^^\n  File ""/home/mila/s/sobralm/Foundry/.venv/lib/python3.11/site-packages/lightning/pytorch/trainer/connectors/logger_connector/logger_connector.py"", line 263, in progress_bar_metrics\n    metrics = self.metrics[""pbar""]\n              ^^^^^^^^^^^^\n  File ""/home/mila/s/sobralm/Foundry/.venv/lib/python3.11/site-packages/lightning/pytorch/trainer/connectors/logger_connector/logger_connector.py"", line 244, in metrics\n    return self.trainer._results.metrics(on_step)\n           ^^^^^^^^^^^^^^^^^^^^^^^^^^^^^^^^^^^^^^\n  File ""/home/mila/s/sobralm/Foundry/.venv/lib/python3.11/site-packages/lightning/pytorch/trainer/connectors/logger_connector/result.py"", line 492, in metrics\n    metrics[""pbar""][forked_name] = convert_tensors_to_scalars(value)\n                                   ^^^^^^^^^^^^^^^^^^^^^^^^^^^^^^^^^\n  File ""/home/mila/s/sobralm/Foundry/.venv/lib/python3.11/site-packages/lightning/fabric/utilities/apply_func.py"", line 136, in convert_tensors_to_scalars\n    return apply_to_collection(data, Tensor, to_item)\n           ^^^^^^^^^^^^^^^^^^^^^^^^^^^^^^^^^^^^^^^^^^\n  File ""/home/mila/s/sobralm/Foundry/.venv/lib/python3.11/site-packages/lightning_utilities/core/apply_func.py"", line 70, in apply_to_collection\n    return function(data, *args, **kwargs)\n           ^^^^^^^^^^^^^^^^^^^^^^^^^^^^^^^\n  File ""/home/mila/s/sobralm/Foundry/.venv/lib/python3.11/site-packages/lightning/fabric/utilities/apply_func.py"", line 134, in to_item\n    return value.item()\n           ^^^^^^^^^^^^\n  File ""/home/mila/s/sobralm/Foundry/.venv/lib/python3.11/site-packages/submitit/core/job_environment.py"", line 227, in checkpoint_and_try_requeue\n    raise utils.UncompletedJobError(message)\nsubmitit.core.utils.UncompletedJobError: Job not requeued because: timed-out and not checkpointable.",Timed out; not checkpointable/requeued
kemp_ft_pretrain_M3_ratio90_leak_fixed_fold1,479ec60a,https://wandb.ai/poyo-eeg/foundry_finetuning/runs/479ec60a,KEMP_FT_DATA_SCALING,pretrain_M3_ratio90_leak_fixed,1,failed,2026-08-18T00:55:57Z,101,0,10395536,,"    raise exception\nValueError: Caught ValueError in DataLoader worker process 2.\nOriginal Traceback (most recent call last):\n  File ""/home/mila/s/sobralm/Foundry/.venv/lib/python3.11/site-packages/torch/utils/data/_utils/worker.py"", line 374, in _worker_loop\n    data = fetcher.fetch(index)  # type: ignore[possibly-undefined]\n           ^^^^^^^^^^^^^^^^^^^^\n  File ""/home/mila/s/sobralm/Foundry/.venv/lib/python3.11/site-packages/torch/utils/data/_utils/fetch.py"", line 54, in fetch\n    data = [self.dataset[idx] for idx in possibly_batched_index]\n           ^^^^^^^^^^^^^^^^^^^^^^^^^^^^^^^^^^^^^^^^^^^^^^^^^^^^^\n  File ""/home/mila/s/sobralm/Foundry/.venv/lib/python3.11/site-packages/torch/utils/data/_utils/fetch.py"", line 54, in <listcomp>\n    data = [self.dataset[idx] for idx in possibly_batched_index]\n            ~~~~~~~~~~~~^^^^^\n  File ""/home/mila/s/sobralm/Foundry/.venv/lib/python3.11/site-packages/torch_brain/datasets/dataset.py"", line 161, in __getitem__\n    sample = self.transform(sample)\n             ^^^^^^^^^^^^^^^^^^^^^^\n  File ""/home/mila/s/sobralm/Foundry/.venv/lib/python3.11/site-packages/torch_brain/transforms/container.py"", line 22, in __call__\n    data = transform(data)\n           ^^^^^^^^^^^^^^^\n  File ""/home/mila/s/sobralm/Foundry/foundry/models/poyo_eeg.py"", line 870, in tokenize\n    result, _prepared = self._tokenize_core(data)\n                        ^^^^^^^^^^^^^^^^^^^^^^^^^\n  File ""/home/mila/s/sobralm/Foundry/foundry/models/poyo_eeg.py"", line 795, in _tokenize_core\n    sample_metadata = extract_window_metadata(data)\n                      ^^^^^^^^^^^^^^^^^^^^^^^^^^^^^\n  File ""/home/mila/s/sobralm/Foundry/foundry/data/metadata.py"", line 56, in extract_window_metadata\n    duration = float(np.max(ends) - np.min(starts))\n                     ^^^^^^^^^^^^\n  File ""/home/mila/s/sobralm/Foundry/.venv/lib/python3.11/site-packages/numpy/_core/fromnumeric.py"", line 3123, in max\n    return _wrapreduction(a, np.maximum, 'max', axis, None, out,\n           ^^^^^^^^^^^^^^^^^^^^^^^^^^^^^^^^^^^^^^^^^^^^^^^^^^^^^\n  File ""/home/mila/s/sobralm/Foundry/.venv/lib/python3.11/site-packages/numpy/_core/fromnumeric.py"", line 83, in _wrapreduction\n    return ufunc.reduce(obj, axis, dtype, out, **passkwargs)\n           ^^^^^^^^^^^^^^^^^^^^^^^^^^^^^^^^^^^^^^^^^^^^^^^^^\nValueError: zero-size array to reduction operation maximum which has no identity\n[20:57:31] INFO     Finishing lingering WandB run id=479ec60a\n                    name=kemp_ft_pretrain_M3_ratio90_leak_fixed_fold1 before\n                    continuing.",DataLoader worker ValueError
kemp_ft_pretrain_M3_ratio90_leak_fixed_fold2,4f2ad2e1,https://wandb.ai/poyo-eeg/foundry_finetuning/runs/4f2ad2e1,KEMP_FT_DATA_SCALING,pretrain_M3_ratio90_leak_fixed,2,failed,2026-08-18T00:55:57Z,7,0,10392131,,"    raise exception\nValueError: Caught ValueError in DataLoader worker process 3.\nOriginal Traceback (most recent call last):\n  File ""/home/mila/s/sobralm/Foundry/.venv/lib/python3.11/site-packages/torch/utils/data/_utils/worker.py"", line 374, in _worker_loop\n    data = fetcher.fetch(index)  # type: ignore[possibly-undefined]\n           ^^^^^^^^^^^^^^^^^^^^\n  File ""/home/mila/s/sobralm/Foundry/.venv/lib/python3.11/site-packages/torch/utils/data/_utils/fetch.py"", line 54, in fetch\n    data = [self.dataset[idx] for idx in possibly_batched_index]\n           ^^^^^^^^^^^^^^^^^^^^^^^^^^^^^^^^^^^^^^^^^^^^^^^^^^^^^\n  File ""/home/mila/s/sobralm/Foundry/.venv/lib/python3.11/site-packages/torch/utils/data/_utils/fetch.py"", line 54, in <listcomp>\n    data = [self.dataset[idx] for idx in possibly_batched_index]\n            ~~~~~~~~~~~~^^^^^\n  File ""/home/mila/s/sobralm/Foundry/.venv/lib/python3.11/site-packages/torch_brain/datasets/dataset.py"", line 161, in __getitem__\n    sample = self.transform(sample)\n             ^^^^^^^^^^^^^^^^^^^^^^\n  File ""/home/mila/s/sobralm/Foundry/.venv/lib/python3.11/site-packages/torch_brain/transforms/container.py"", line 22, in __call__\n    data = transform(data)\n           ^^^^^^^^^^^^^^^\n  File ""/home/mila/s/sobralm/Foundry/foundry/models/poyo_eeg.py"", line 870, in tokenize\n    result, _prepared = self._tokenize_core(data)\n                        ^^^^^^^^^^^^^^^^^^^^^^^^^\n  File ""/home/mila/s/sobralm/Foundry/foundry/models/poyo_eeg.py"", line 795, in _tokenize_core\n    sample_metadata = extract_window_metadata(data)\n                      ^^^^^^^^^^^^^^^^^^^^^^^^^^^^^\n  File ""/home/mila/s/sobralm/Foundry/foundry/data/metadata.py"", line 56, in extract_window_metadata\n    duration = float(np.max(ends) - np.min(starts))\n                     ^^^^^^^^^^^^\n  File ""/home/mila/s/sobralm/Foundry/.venv/lib/python3.11/site-packages/numpy/_core/fromnumeric.py"", line 3123, in max\n    return _wrapreduction(a, np.maximum, 'max', axis, None, out,\n           ^^^^^^^^^^^^^^^^^^^^^^^^^^^^^^^^^^^^^^^^^^^^^^^^^^^^^\n  File ""/home/mila/s/sobralm/Foundry/.venv/lib/python3.11/site-packages/numpy/_core/fromnumeric.py"", line 83, in _wrapreduction\n    return ufunc.reduce(obj, axis, dtype, out, **passkwargs)\n           ^^^^^^^^^^^^^^^^^^^^^^^^^^^^^^^^^^^^^^^^^^^^^^^^^\nValueError: zero-size array to reduction operation maximum which has no identity\n[20:57:02] INFO     Finishing lingering WandB run id=4f2ad2e1\n                    name=kemp_ft_pretrain_M3_ratio90_leak_fixed_fold2 before\n                    continuing.",DataLoader worker ValueError
kemp_ft_pretrain_M4_block20_leak_fixed_fold0,74c5e30a,https://wandb.ai/poyo-eeg/foundry_finetuning/runs/74c5e30a,KEMP_FT_DATA_SCALING,pretrain_M4_block20_leak_fixed,0,running,2026-08-18T06:00:49Z,80675,5,10398487,,,W&B still reports running
kemp_ft_pretrain_M4_block20_leak_fixed_fold1,04a30e99,https://wandb.ai/poyo-eeg/foundry_finetuning/runs/04a30e99,KEMP_FT_DATA_SCALING,pretrain_M4_block20_leak_fixed,1,failed,2026-08-18T06:07:23Z,101,0,10398499,,"    raise exception\nValueError: Caught ValueError in DataLoader worker process 2.\nOriginal Traceback (most recent call last):\n  File ""/home/mila/s/sobralm/Foundry/.venv/lib/python3.11/site-packages/torch/utils/data/_utils/worker.py"", line 374, in _worker_loop\n    data = fetcher.fetch(index)  # type: ignore[possibly-undefined]\n           ^^^^^^^^^^^^^^^^^^^^\n  File ""/home/mila/s/sobralm/Foundry/.venv/lib/python3.11/site-packages/torch/utils/data/_utils/fetch.py"", line 54, in fetch\n    data = [self.dataset[idx] for idx in possibly_batched_index]\n           ^^^^^^^^^^^^^^^^^^^^^^^^^^^^^^^^^^^^^^^^^^^^^^^^^^^^^\n  File ""/home/mila/s/sobralm/Foundry/.venv/lib/python3.11/site-packages/torch/utils/data/_utils/fetch.py"", line 54, in <listcomp>\n    data = [self.dataset[idx] for idx in possibly_batched_index]\n            ~~~~~~~~~~~~^^^^^\n  File ""/home/mila/s/sobralm/Foundry/.venv/lib/python3.11/site-packages/torch_brain/datasets/dataset.py"", line 161, in __getitem__\n    sample = self.transform(sample)\n             ^^^^^^^^^^^^^^^^^^^^^^\n  File ""/home/mila/s/sobralm/Foundry/.venv/lib/python3.11/site-packages/torch_brain/transforms/container.py"", line 22, in __call__\n    data = transform(data)\n           ^^^^^^^^^^^^^^^\n  File ""/home/mila/s/sobralm/Foundry/foundry/models/poyo_eeg.py"", line 870, in tokenize\n    result, _prepared = self._tokenize_core(data)\n                        ^^^^^^^^^^^^^^^^^^^^^^^^^\n  File ""/home/mila/s/sobralm/Foundry/foundry/models/poyo_eeg.py"", line 795, in _tokenize_core\n    sample_metadata = extract_window_metadata(data)\n                      ^^^^^^^^^^^^^^^^^^^^^^^^^^^^^\n  File ""/home/mila/s/sobralm/Foundry/foundry/data/metadata.py"", line 56, in extract_window_metadata\n    duration = float(np.max(ends) - np.min(starts))\n                     ^^^^^^^^^^^^\n  File ""/home/mila/s/sobralm/Foundry/.venv/lib/python3.11/site-packages/numpy/_core/fromnumeric.py"", line 3123, in max\n    return _wrapreduction(a, np.maximum, 'max', axis, None, out,\n           ^^^^^^^^^^^^^^^^^^^^^^^^^^^^^^^^^^^^^^^^^^^^^^^^^^^^^\n  File ""/home/mila/s/sobralm/Foundry/.venv/lib/python3.11/site-packages/numpy/_core/fromnumeric.py"", line 83, in _wrapreduction\n    return ufunc.reduce(obj, axis, dtype, out, **passkwargs)\n           ^^^^^^^^^^^^^^^^^^^^^^^^^^^^^^^^^^^^^^^^^^^^^^^^^\nValueError: zero-size array to reduction operation maximum which has no identity\n[02:09:05] INFO     Finishing lingering WandB run id=04a30e99\n                    name=kemp_ft_pretrain_M4_block20_leak_fixed_fold1 before\n                    continuing.",DataLoader worker ValueError
kemp_ft_pretrain_M4_block20_leak_fixed_fold2,87659dff,https://wandb.ai/poyo-eeg/foundry_finetuning/runs/87659dff,KEMP_FT_DATA_SCALING,pretrain_M4_block20_leak_fixed,2,failed,2026-08-18T06:07:23Z,7,0,10392142,,"    raise exception\nValueError: Caught ValueError in DataLoader worker process 3.\nOriginal Traceback (most recent call last):\n  File ""/home/mila/s/sobralm/Foundry/.venv/lib/python3.11/site-packages/torch/utils/data/_utils/worker.py"", line 374, in _worker_loop\n    data = fetcher.fetch(index)  # type: ignore[possibly-undefined]\n           ^^^^^^^^^^^^^^^^^^^^\n  File ""/home/mila/s/sobralm/Foundry/.venv/lib/python3.11/site-packages/torch/utils/data/_utils/fetch.py"", line 54, in fetch\n    data = [self.dataset[idx] for idx in possibly_batched_index]\n           ^^^^^^^^^^^^^^^^^^^^^^^^^^^^^^^^^^^^^^^^^^^^^^^^^^^^^\n  File ""/home/mila/s/sobralm/Foundry/.venv/lib/python3.11/site-packages/torch/utils/data/_utils/fetch.py"", line 54, in <listcomp>\n    data = [self.dataset[idx] for idx in possibly_batched_index]\n            ~~~~~~~~~~~~^^^^^\n  File ""/home/mila/s/sobralm/Foundry/.venv/lib/python3.11/site-packages/torch_brain/datasets/dataset.py"", line 161, in __getitem__\n    sample = self.transform(sample)\n             ^^^^^^^^^^^^^^^^^^^^^^\n  File ""/home/mila/s/sobralm/Foundry/.venv/lib/python3.11/site-packages/torch_brain/transforms/container.py"", line 22, in __call__\n    data = transform(data)\n           ^^^^^^^^^^^^^^^\n  File ""/home/mila/s/sobralm/Foundry/foundry/models/poyo_eeg.py"", line 870, in tokenize\n    result, _prepared = self._tokenize_core(data)\n                        ^^^^^^^^^^^^^^^^^^^^^^^^^\n  File ""/home/mila/s/sobralm/Foundry/foundry/models/poyo_eeg.py"", line 795, in _tokenize_core\n    sample_metadata = extract_window_metadata(data)\n                      ^^^^^^^^^^^^^^^^^^^^^^^^^^^^^\n  File ""/home/mila/s/sobralm/Foundry/foundry/data/metadata.py"", line 56, in extract_window_metadata\n    duration = float(np.max(ends) - np.min(starts))\n                     ^^^^^^^^^^^^\n  File ""/home/mila/s/sobralm/Foundry/.venv/lib/python3.11/site-packages/numpy/_core/fromnumeric.py"", line 3123, in max\n    return _wrapreduction(a, np.maximum, 'max', axis, None, out,\n           ^^^^^^^^^^^^^^^^^^^^^^^^^^^^^^^^^^^^^^^^^^^^^^^^^^^^^\n  File ""/home/mila/s/sobralm/Foundry/.venv/lib/python3.11/site-packages/numpy/_core/fromnumeric.py"", line 83, in _wrapreduction\n    return ufunc.reduce(obj, axis, dtype, out, **passkwargs)\n           ^^^^^^^^^^^^^^^^^^^^^^^^^^^^^^^^^^^^^^^^^^^^^^^^^\nValueError: zero-size array to reduction operation maximum which has no identity\n[02:08:35] INFO     Finishing lingering WandB run id=87659dff\n                    name=kemp_ft_pretrain_M4_block20_leak_fixed_fold2 before\n                    continuing.",DataLoader worker ValueError
kemp_lp_pretrain_M1_ratio70_leak_fixed_fold0,54b4b5b7,https://wandb.ai/poyo-eeg/foundry_finetuning/runs/54b4b5b7,KEMP_LP_DATA_SCALING,pretrain_M1_ratio70_leak_fixed,0,failed,2026-08-17T18:22:31Z,381073,24,10392156,,"  File ""/home/mila/s/sobralm/Foundry/.venv/lib/python3.11/site-packages/lightning/pytorch/loops/training_epoch_loop.py"", line 422, in on_advance_end\n    raise SIGTERMException\nlightning.pytorch.utilities.exceptions.SIGTERMException\n           INFO     Finishing lingering WandB run id=54b4b5b7\n                    name=kemp_lp_pretrain_M1_ratio70_leak_fixed_fold0 before\n                    continuing.",SIGTERM received
kemp_lp_pretrain_M1_ratio70_leak_fixed_fold2,bc54e5fe,https://wandb.ai/poyo-eeg/foundry_finetuning/runs/bc54e5fe,KEMP_LP_DATA_SCALING,pretrain_M1_ratio70_leak_fixed,2,failed,2026-08-17T18:22:44Z,383165,20,10392099,,"  File ""/home/mila/s/sobralm/Foundry/.venv/lib/python3.11/site-packages/lightning/pytorch/loops/training_epoch_loop.py"", line 422, in on_advance_end\n    raise SIGTERMException\nlightning.pytorch.utilities.exceptions.SIGTERMException\n           INFO     Finishing lingering WandB run id=bc54e5fe\n                    name=kemp_lp_pretrain_M1_ratio70_leak_fixed_fold2 before\n                    continuing.",SIGTERM received
kemp_lp_pretrain_M2_ratio80_leak_fixed_fold1,53081a3b,https://wandb.ai/poyo-eeg/foundry_finetuning/runs/53081a3b,KEMP_LP_DATA_SCALING,pretrain_M2_ratio80_leak_fixed,1,failed,2026-08-17T18:30:47Z,368335,28,10392535,,"  File ""/home/mila/s/sobralm/Foundry/.venv/lib/python3.11/site-packages/lightning/pytorch/loops/training_epoch_loop.py"", line 422, in on_advance_end\n    raise SIGTERMException\nlightning.pytorch.utilities.exceptions.SIGTERMException\n           INFO     Finishing lingering WandB run id=53081a3b\n                    name=kemp_lp_pretrain_M2_ratio80_leak_fixed_fold1 before\n                    continuing.",SIGTERM received
kemp_lp_pretrain_M3_ratio90_leak_fixed_fold1,a51af1d2,https://wandb.ai/poyo-eeg/foundry_finetuning/runs/a51af1d2,KEMP_LP_DATA_SCALING,pretrain_M3_ratio90_leak_fixed,1,failed,2026-08-18T01:02:22Z,101,0,10395560,,"    raise exception\nValueError: Caught ValueError in DataLoader worker process 2.\nOriginal Traceback (most recent call last):\n  File ""/home/mila/s/sobralm/Foundry/.venv/lib/python3.11/site-packages/torch/utils/data/_utils/worker.py"", line 374, in _worker_loop\n    data = fetcher.fetch(index)  # type: ignore[possibly-undefined]\n           ^^^^^^^^^^^^^^^^^^^^\n  File ""/home/mila/s/sobralm/Foundry/.venv/lib/python3.11/site-packages/torch/utils/data/_utils/fetch.py"", line 54, in fetch\n    data = [self.dataset[idx] for idx in possibly_batched_index]\n           ^^^^^^^^^^^^^^^^^^^^^^^^^^^^^^^^^^^^^^^^^^^^^^^^^^^^^\n  File ""/home/mila/s/sobralm/Foundry/.venv/lib/python3.11/site-packages/torch/utils/data/_utils/fetch.py"", line 54, in <listcomp>\n    data = [self.dataset[idx] for idx in possibly_batched_index]\n            ~~~~~~~~~~~~^^^^^\n  File ""/home/mila/s/sobralm/Foundry/.venv/lib/python3.11/site-packages/torch_brain/datasets/dataset.py"", line 161, in __getitem__\n    sample = self.transform(sample)\n             ^^^^^^^^^^^^^^^^^^^^^^\n  File ""/home/mila/s/sobralm/Foundry/.venv/lib/python3.11/site-packages/torch_brain/transforms/container.py"", line 22, in __call__\n    data = transform(data)\n           ^^^^^^^^^^^^^^^\n  File ""/home/mila/s/sobralm/Foundry/foundry/models/poyo_eeg.py"", line 870, in tokenize\n    result, _prepared = self._tokenize_core(data)\n                        ^^^^^^^^^^^^^^^^^^^^^^^^^\n  File ""/home/mila/s/sobralm/Foundry/foundry/models/poyo_eeg.py"", line 795, in _tokenize_core\n    sample_metadata = extract_window_metadata(data)\n                      ^^^^^^^^^^^^^^^^^^^^^^^^^^^^^\n  File ""/home/mila/s/sobralm/Foundry/foundry/data/metadata.py"", line 56, in extract_window_metadata\n    duration = float(np.max(ends) - np.min(starts))\n                     ^^^^^^^^^^^^\n  File ""/home/mila/s/sobralm/Foundry/.venv/lib/python3.11/site-packages/numpy/_core/fromnumeric.py"", line 3123, in max\n    return _wrapreduction(a, np.maximum, 'max', axis, None, out,\n           ^^^^^^^^^^^^^^^^^^^^^^^^^^^^^^^^^^^^^^^^^^^^^^^^^^^^^\n  File ""/home/mila/s/sobralm/Foundry/.venv/lib/python3.11/site-packages/numpy/_core/fromnumeric.py"", line 83, in _wrapreduction\n    return ufunc.reduce(obj, axis, dtype, out, **passkwargs)\n           ^^^^^^^^^^^^^^^^^^^^^^^^^^^^^^^^^^^^^^^^^^^^^^^^^\nValueError: zero-size array to reduction operation maximum which has no identity\n[21:03:16] INFO     Finishing lingering WandB run id=a51af1d2\n                    name=kemp_lp_pretrain_M3_ratio90_leak_fixed_fold1 before\n                    continuing.",DataLoader worker ValueError
kemp_lp_pretrain_M3_ratio90_leak_fixed_fold2,6bbf4183,https://wandb.ai/poyo-eeg/foundry_finetuning/runs/6bbf4183,KEMP_LP_DATA_SCALING,pretrain_M3_ratio90_leak_fixed,2,failed,2026-08-18T01:02:15Z,7,0,10392132,,"    raise exception\nValueError: Caught ValueError in DataLoader worker process 3.\nOriginal Traceback (most recent call last):\n  File ""/home/mila/s/sobralm/Foundry/.venv/lib/python3.11/site-packages/torch/utils/data/_utils/worker.py"", line 374, in _worker_loop\n    data = fetcher.fetch(index)  # type: ignore[possibly-undefined]\n           ^^^^^^^^^^^^^^^^^^^^\n  File ""/home/mila/s/sobralm/Foundry/.venv/lib/python3.11/site-packages/torch/utils/data/_utils/fetch.py"", line 54, in fetch\n    data = [self.dataset[idx] for idx in possibly_batched_index]\n           ^^^^^^^^^^^^^^^^^^^^^^^^^^^^^^^^^^^^^^^^^^^^^^^^^^^^^\n  File ""/home/mila/s/sobralm/Foundry/.venv/lib/python3.11/site-packages/torch/utils/data/_utils/fetch.py"", line 54, in <listcomp>\n    data = [self.dataset[idx] for idx in possibly_batched_index]\n            ~~~~~~~~~~~~^^^^^\n  File ""/home/mila/s/sobralm/Foundry/.venv/lib/python3.11/site-packages/torch_brain/datasets/dataset.py"", line 161, in __getitem__\n    sample = self.transform(sample)\n             ^^^^^^^^^^^^^^^^^^^^^^\n  File ""/home/mila/s/sobralm/Foundry/.venv/lib/python3.11/site-packages/torch_brain/transforms/container.py"", line 22, in __call__\n    data = transform(data)\n           ^^^^^^^^^^^^^^^\n  File ""/home/mila/s/sobralm/Foundry/foundry/models/poyo_eeg.py"", line 870, in tokenize\n    result, _prepared = self._tokenize_core(data)\n                        ^^^^^^^^^^^^^^^^^^^^^^^^^\n  File ""/home/mila/s/sobralm/Foundry/foundry/models/poyo_eeg.py"", line 795, in _tokenize_core\n    sample_metadata = extract_window_metadata(data)\n                      ^^^^^^^^^^^^^^^^^^^^^^^^^^^^^\n  File ""/home/mila/s/sobralm/Foundry/foundry/data/metadata.py"", line 56, in extract_window_metadata\n    duration = float(np.max(ends) - np.min(starts))\n                     ^^^^^^^^^^^^\n  File ""/home/mila/s/sobralm/Foundry/.venv/lib/python3.11/site-packages/numpy/_core/fromnumeric.py"", line 3123, in max\n    return _wrapreduction(a, np.maximum, 'max', axis, None, out,\n           ^^^^^^^^^^^^^^^^^^^^^^^^^^^^^^^^^^^^^^^^^^^^^^^^^^^^^\n  File ""/home/mila/s/sobralm/Foundry/.venv/lib/python3.11/site-packages/numpy/_core/fromnumeric.py"", line 83, in _wrapreduction\n    return ufunc.reduce(obj, axis, dtype, out, **passkwargs)\n           ^^^^^^^^^^^^^^^^^^^^^^^^^^^^^^^^^^^^^^^^^^^^^^^^^\nValueError: zero-size array to reduction operation maximum which has no identity\n[21:02:58] INFO     Finishing lingering WandB run id=6bbf4183\n                    name=kemp_lp_pretrain_M3_ratio90_leak_fixed_fold2 before\n                    continuing.",DataLoader worker ValueError
kemp_lp_pretrain_M4_block20_leak_fixed_fold0,109cea76,https://wandb.ai/poyo-eeg/foundry_finetuning/runs/109cea76,KEMP_LP_DATA_SCALING,pretrain_M4_block20_leak_fixed,0,running,2026-08-18T06:10:22Z,218152,13,10398526,,,W&B still reports running
kemp_lp_pretrain_M4_block20_leak_fixed_fold1,87d84b9d,https://wandb.ai/poyo-eeg/foundry_finetuning/runs/87d84b9d,KEMP_LP_DATA_SCALING,pretrain_M4_block20_leak_fixed,1,failed,2026-08-18T06:10:37Z,101,0,10398527,,"    raise exception\nValueError: Caught ValueError in DataLoader worker process 2.\nOriginal Traceback (most recent call last):\n  File ""/home/mila/s/sobralm/Foundry/.venv/lib/python3.11/site-packages/torch/utils/data/_utils/worker.py"", line 374, in _worker_loop\n    data = fetcher.fetch(index)  # type: ignore[possibly-undefined]\n           ^^^^^^^^^^^^^^^^^^^^\n  File ""/home/mila/s/sobralm/Foundry/.venv/lib/python3.11/site-packages/torch/utils/data/_utils/fetch.py"", line 54, in fetch\n    data = [self.dataset[idx] for idx in possibly_batched_index]\n           ^^^^^^^^^^^^^^^^^^^^^^^^^^^^^^^^^^^^^^^^^^^^^^^^^^^^^\n  File ""/home/mila/s/sobralm/Foundry/.venv/lib/python3.11/site-packages/torch/utils/data/_utils/fetch.py"", line 54, in <listcomp>\n    data = [self.dataset[idx] for idx in possibly_batched_index]\n            ~~~~~~~~~~~~^^^^^\n  File ""/home/mila/s/sobralm/Foundry/.venv/lib/python3.11/site-packages/torch_brain/datasets/dataset.py"", line 161, in __getitem__\n    sample = self.transform(sample)\n             ^^^^^^^^^^^^^^^^^^^^^^\n  File ""/home/mila/s/sobralm/Foundry/.venv/lib/python3.11/site-packages/torch_brain/transforms/container.py"", line 22, in __call__\n    data = transform(data)\n           ^^^^^^^^^^^^^^^\n  File ""/home/mila/s/sobralm/Foundry/foundry/models/poyo_eeg.py"", line 870, in tokenize\n    result, _prepared = self._tokenize_core(data)\n                        ^^^^^^^^^^^^^^^^^^^^^^^^^\n  File ""/home/mila/s/sobralm/Foundry/foundry/models/poyo_eeg.py"", line 795, in _tokenize_core\n    sample_metadata = extract_window_metadata(data)\n                      ^^^^^^^^^^^^^^^^^^^^^^^^^^^^^\n  File ""/home/mila/s/sobralm/Foundry/foundry/data/metadata.py"", line 56, in extract_window_metadata\n    duration = float(np.max(ends) - np.min(starts))\n                     ^^^^^^^^^^^^\n  File ""/home/mila/s/sobralm/Foundry/.venv/lib/python3.11/site-packages/numpy/_core/fromnumeric.py"", line 3123, in max\n    return _wrapreduction(a, np.maximum, 'max', axis, None, out,\n           ^^^^^^^^^^^^^^^^^^^^^^^^^^^^^^^^^^^^^^^^^^^^^^^^^^^^^\n  File ""/home/mila/s/sobralm/Foundry/.venv/lib/python3.11/site-packages/numpy/_core/fromnumeric.py"", line 83, in _wrapreduction\n    return ufunc.reduce(obj, axis, dtype, out, **passkwargs)\n           ^^^^^^^^^^^^^^^^^^^^^^^^^^^^^^^^^^^^^^^^^^^^^^^^^\nValueError: zero-size array to reduction operation maximum which has no identity\n[02:11:28] INFO     Finishing lingering WandB run id=87d84b9d\n                    name=kemp_lp_pretrain_M4_block20_leak_fixed_fold1 before\n                    continuing.",DataLoader worker ValueError
kemp_lp_pretrain_M4_block20_leak_fixed_fold2,5e5de750,https://wandb.ai/poyo-eeg/foundry_finetuning/runs/5e5de750,KEMP_LP_DATA_SCALING,pretrain_M4_block20_leak_fixed,2,failed,2026-08-18T06:10:24Z,7,0,10392143,,"    raise exception\nValueError: Caught ValueError in DataLoader worker process 3.\nOriginal Traceback (most recent call last):\n  File ""/home/mila/s/sobralm/Foundry/.venv/lib/python3.11/site-packages/torch/utils/data/_utils/worker.py"", line 374, in _worker_loop\n    data = fetcher.fetch(index)  # type: ignore[possibly-undefined]\n           ^^^^^^^^^^^^^^^^^^^^\n  File ""/home/mila/s/sobralm/Foundry/.venv/lib/python3.11/site-packages/torch/utils/data/_utils/fetch.py"", line 54, in fetch\n    data = [self.dataset[idx] for idx in possibly_batched_index]\n           ^^^^^^^^^^^^^^^^^^^^^^^^^^^^^^^^^^^^^^^^^^^^^^^^^^^^^\n  File ""/home/mila/s/sobralm/Foundry/.venv/lib/python3.11/site-packages/torch/utils/data/_utils/fetch.py"", line 54, in <listcomp>\n    data = [self.dataset[idx] for idx in possibly_batched_index]\n            ~~~~~~~~~~~~^^^^^\n  File ""/home/mila/s/sobralm/Foundry/.venv/lib/python3.11/site-packages/torch_brain/datasets/dataset.py"", line 161, in __getitem__\n    sample = self.transform(sample)\n             ^^^^^^^^^^^^^^^^^^^^^^\n  File ""/home/mila/s/sobralm/Foundry/.venv/lib/python3.11/site-packages/torch_brain/transforms/container.py"", line 22, in __call__\n    data = transform(data)\n           ^^^^^^^^^^^^^^^\n  File ""/home/mila/s/sobralm/Foundry/foundry/models/poyo_eeg.py"", line 870, in tokenize\n    result, _prepared = self._tokenize_core(data)\n                        ^^^^^^^^^^^^^^^^^^^^^^^^^\n  File ""/home/mila/s/sobralm/Foundry/foundry/models/poyo_eeg.py"", line 795, in _tokenize_core\n    sample_metadata = extract_window_metadata(data)\n                      ^^^^^^^^^^^^^^^^^^^^^^^^^^^^^\n  File ""/home/mila/s/sobralm/Foundry/foundry/data/metadata.py"", line 56, in extract_window_metadata\n    duration = float(np.max(ends) - np.min(starts))\n                     ^^^^^^^^^^^^\n  File ""/home/mila/s/sobralm/Foundry/.venv/lib/python3.11/site-packages/numpy/_core/fromnumeric.py"", line 3123, in max\n    return _wrapreduction(a, np.maximum, 'max', axis, None, out,\n           ^^^^^^^^^^^^^^^^^^^^^^^^^^^^^^^^^^^^^^^^^^^^^^^^^^^^^\n  File ""/home/mila/s/sobralm/Foundry/.venv/lib/python3.11/site-packages/numpy/_core/fromnumeric.py"", line 83, in _wrapreduction\n    return ufunc.reduce(obj, axis, dtype, out, **passkwargs)\n           ^^^^^^^^^^^^^^^^^^^^^^^^^^^^^^^^^^^^^^^^^^^^^^^^^\nValueError: zero-size array to reduction operation maximum which has no identity\n[02:11:08] INFO     Finishing lingering WandB run id=5e5de750\n                    name=kemp_lp_pretrain_M4_block20_leak_fixed_fold2 before\n                    continuing.",DataLoader worker ValueError
