target,band,label_id,label_name,n,baseline_correct,aux_correct,both_correct,both_wrong,fixed_by_aux,broken_by_aux,baseline_acc,aux_acc,net_fixed,net_fixed_rate
monkeys,low_bass,0,low_bass,571,242,240,143,232,97,99,0.4238178633975482,0.4203152364273205,-2,-0.0035026269702276708
monkeys,low_bass,1,mid_bass,333,142,134,93,150,41,49,0.4264264264264264,0.4024024024024024,-8,-0.024024024024024024
monkeys,low_bass,2,low_mids,437,150,146,95,236,51,55,0.34324942791762014,0.3340961098398169,-4,-0.009153318077803204
monkeys,low_bass,3,midrange,540,185,170,92,277,78,93,0.3425925925925926,0.3148148148148148,-15,-0.027777777777777776
monkeys,low_bass,4,high_mids,544,225,249,153,223,96,72,0.41360294117647056,0.4577205882352941,24,0.04411764705882353
monkeys,low_bass,5,low_treble,256,94,98,50,114,48,44,0.3671875,0.3828125,4,0.015625
monkeys,low_bass,6,mid_treble,466,257,254,191,146,63,66,0.5515021459227468,0.5450643776824035,-3,-0.006437768240343348
monkeys,low_bass,7,high_treble,593,296,324,228,201,96,68,0.4991568296795953,0.5463743676222597,28,0.047217537942664416
monkeys,mid_bass,0,low_bass,571,242,195,133,267,62,109,0.4238178633975482,0.3415061295971979,-47,-0.08231173380035026
monkeys,mid_bass,1,mid_bass,333,142,154,100,137,54,42,0.4264264264264264,0.4624624624624625,12,0.036036036036036036
monkeys,mid_bass,2,low_mids,437,150,142,87,232,55,63,0.34324942791762014,0.32494279176201374,-8,-0.018306636155606407
monkeys,mid_bass,3,midrange,540,185,195,122,282,73,63,0.3425925925925926,0.3611111111111111,10,0.018518518518518517
monkeys,mid_bass,4,high_mids,544,225,238,145,226,93,80,0.41360294117647056,0.4375,13,0.02389705882352941
monkeys,mid_bass,5,low_treble,256,94,111,64,115,47,30,0.3671875,0.43359375,17,0.06640625
monkeys,mid_bass,6,mid_treble,466,257,259,204,154,55,53,0.5515021459227468,0.555793991416309,2,0.004291845493562232
monkeys,mid_bass,7,high_treble,593,296,306,224,215,82,72,0.4991568296795953,0.5160202360876898,10,0.016863406408094434
monkeys,low_mids,0,low_bass,571,242,219,140,250,79,102,0.4238178633975482,0.38353765323992994,-23,-0.040280210157618214
monkeys,low_mids,1,mid_bass,333,142,158,106,139,52,36,0.4264264264264264,0.4744744744744745,16,0.04804804804804805
monkeys,low_mids,2,low_mids,437,150,173,97,211,76,53,0.34324942791762014,0.39588100686498856,23,0.05263157894736842
monkeys,low_mids,3,midrange,540,185,219,128,264,91,57,0.3425925925925926,0.40555555555555556,34,0.06296296296296296
monkeys,low_mids,4,high_mids,544,225,202,123,240,79,102,0.41360294117647056,0.3713235294117647,-23,-0.042279411764705885
monkeys,low_mids,5,low_treble,256,94,93,54,123,39,40,0.3671875,0.36328125,-1,-0.00390625
monkeys,low_mids,6,mid_treble,466,257,283,213,139,70,44,0.5515021459227468,0.6072961373390557,26,0.055793991416309016
monkeys,low_mids,7,high_treble,593,296,259,187,225,72,109,0.4991568296795953,0.43676222596964587,-37,-0.06239460370994941
monkeys,midrange,0,low_bass,571,242,286,171,214,115,71,0.4238178633975482,0.500875656742557,44,0.07705779334500876
monkeys,midrange,1,mid_bass,333,142,136,98,153,38,44,0.4264264264264264,0.4084084084084084,-6,-0.018018018018018018
monkeys,midrange,2,low_mids,437,150,153,94,228,59,56,0.34324942791762014,0.3501144164759725,3,0.006864988558352402
monkeys,midrange,3,midrange,540,185,206,121,270,85,64,0.3425925925925926,0.3814814814814815,21,0.03888888888888889
monkeys,midrange,4,high_mids,544,225,240,138,217,102,87,0.41360294117647056,0.4411764705882353,15,0.027573529411764705
monkeys,midrange,5,low_treble,256,94,119,63,106,56,31,0.3671875,0.46484375,25,0.09765625
monkeys,midrange,6,mid_treble,466,257,253,201,157,52,56,0.5515021459227468,0.5429184549356223,-4,-0.008583690987124463
monkeys,midrange,7,high_treble,593,296,247,199,249,48,97,0.4991568296795953,0.41652613827993257,-49,-0.08263069139966273
monkeys,high_mids,0,low_bass,571,242,296,171,204,125,71,0.4238178633975482,0.5183887915936952,54,0.09457092819614711
monkeys,high_mids,1,mid_bass,333,142,135,94,150,41,48,0.4264264264264264,0.40540540540540543,-7,-0.021021021021021023
monkeys,high_mids,2,low_mids,437,150,108,67,246,41,83,0.34324942791762014,0.2471395881006865,-42,-0.09610983981693363
monkeys,high_mids,3,midrange,540,185,183,100,272,83,85,0.3425925925925926,0.3388888888888889,-2,-0.003703703703703704
monkeys,high_mids,4,high_mids,544,225,253,147,213,106,78,0.41360294117647056,0.4650735294117647,28,0.051470588235294115
monkeys,high_mids,5,low_treble,256,94,103,58,117,45,36,0.3671875,0.40234375,9,0.03515625
monkeys,high_mids,6,mid_treble,466,257,281,217,145,64,40,0.5515021459227468,0.6030042918454935,24,0.05150214592274678
monkeys,high_mids,7,high_treble,593,296,262,197,232,65,99,0.4991568296795953,0.4418212478920742,-34,-0.05733558178752108
monkeys,low_treble,0,low_bass,571,242,247,146,228,101,96,0.4238178633975482,0.43257443082311736,5,0.008756567425569177
monkeys,low_treble,1,mid_bass,333,142,132,87,146,45,55,0.4264264264264264,0.3963963963963964,-10,-0.03003003003003003
monkeys,low_treble,2,low_mids,437,150,102,68,253,34,82,0.34324942791762014,0.2334096109839817,-48,-0.10983981693363844
monkeys,low_treble,3,midrange,540,185,190,116,281,74,69,0.3425925925925926,0.35185185185185186,5,0.009259259259259259
monkeys,low_treble,4,high_mids,544,225,260,151,210,109,74,0.41360294117647056,0.47794117647058826,35,0.06433823529411764
monkeys,low_treble,5,low_treble,256,94,108,56,110,52,38,0.3671875,0.421875,14,0.0546875
monkeys,low_treble,6,mid_treble,466,257,245,198,162,47,59,0.5515021459227468,0.5257510729613734,-12,-0.02575107296137339
monkeys,low_treble,7,high_treble,593,296,250,194,241,56,102,0.4991568296795953,0.42158516020236086,-46,-0.0775716694772344
monkeys,mid_treble,0,low_bass,571,242,246,149,232,97,93,0.4238178633975482,0.4308231173380035,4,0.0070052539404553416
monkeys,mid_treble,1,mid_bass,333,142,153,101,139,52,41,0.4264264264264264,0.4594594594594595,11,0.03303303303303303
monkeys,mid_treble,2,low_mids,437,150,140,81,228,59,69,0.34324942791762014,0.32036613272311215,-10,-0.02288329519450801
monkeys,mid_treble,3,midrange,540,185,212,119,262,93,66,0.3425925925925926,0.3925925925925926,27,0.05
monkeys,mid_treble,4,high_mids,544,225,232,143,230,89,82,0.41360294117647056,0.4264705882352941,7,0.012867647058823529
monkeys,mid_treble,5,low_treble,256,94,136,66,92,70,28,0.3671875,0.53125,42,0.1640625
monkeys,mid_treble,6,mid_treble,466,257,286,215,138,71,42,0.5515021459227468,0.6137339055793991,29,0.06223175965665236
monkeys,mid_treble,7,high_treble,593,296,252,188,233,64,108,0.4991568296795953,0.42495784148397975,-44,-0.07419898819561552
monkeys,high_treble,0,low_bass,571,242,281,172,220,109,70,0.4238178633975482,0.4921190893169877,39,0.06830122591943957
monkeys,high_treble,1,mid_bass,333,142,146,104,149,42,38,0.4264264264264264,0.43843843843843844,4,0.012012012012012012
monkeys,high_treble,2,low_mids,437,150,171,95,211,76,55,0.34324942791762014,0.391304347826087,21,0.04805491990846682
monkeys,high_treble,3,midrange,540,185,144,97,308,47,88,0.3425925925925926,0.26666666666666666,-41,-0.07592592592592592
monkeys,high_treble,4,high_mids,544,225,216,124,227,92,101,0.41360294117647056,0.39705882352941174,-9,-0.016544117647058824
monkeys,high_treble,5,low_treble,256,94,127,60,95,67,34,0.3671875,0.49609375,33,0.12890625
monkeys,high_treble,6,mid_treble,466,257,272,213,150,59,44,0.5515021459227468,0.5836909871244635,15,0.032188841201716736
monkeys,high_treble,7,high_treble,593,296,272,197,222,75,99,0.4991568296795953,0.45868465430016864,-24,-0.04047217537942664
minipigs,low_bass,0,low_bass,601,269,212,153,273,59,116,0.4475873544093178,0.3527454242928453,-57,-0.09484193011647254
minipigs,low_bass,1,mid_bass,344,94,121,64,193,57,30,0.27325581395348836,0.35174418604651164,27,0.07848837209302326
minipigs,low_bass,2,low_mids,378,119,89,55,225,34,64,0.3148148148148148,0.23544973544973544,-30,-0.07936507936507936
minipigs,low_bass,3,midrange,478,166,175,110,247,65,56,0.3472803347280335,0.36610878661087864,9,0.01882845188284519
minipigs,low_bass,4,high_mids,443,128,134,81,262,53,47,0.28893905191873587,0.30248306997742663,6,0.013544018058690745
minipigs,low_bass,5,low_treble,291,92,95,62,166,33,30,0.3161512027491409,0.32646048109965636,3,0.010309278350515464
minipigs,low_bass,6,mid_treble,431,98,79,45,299,34,53,0.2273781902552204,0.18329466357308585,-19,-0.04408352668213457
minipigs,low_bass,7,high_treble,677,277,353,193,240,160,84,0.4091580502215657,0.5214180206794683,76,0.11225997045790251
minipigs,mid_bass,0,low_bass,601,269,240,152,244,88,117,0.4475873544093178,0.39933444259567386,-29,-0.048252911813643926
minipigs,mid_bass,1,mid_bass,344,94,125,66,191,59,28,0.27325581395348836,0.3633720930232558,31,0.09011627906976744
minipigs,mid_bass,2,low_mids,378,119,93,57,223,36,62,0.3148148148148148,0.24603174603174602,-26,-0.06878306878306878
minipigs,mid_bass,3,midrange,478,166,159,100,253,59,66,0.3472803347280335,0.33263598326359833,-7,-0.014644351464435146
minipigs,mid_bass,4,high_mids,443,128,135,84,264,51,44,0.28893905191873587,0.3047404063205418,7,0.01580135440180587
minipigs,mid_bass,5,low_treble,291,92,86,56,169,30,36,0.3161512027491409,0.29553264604810997,-6,-0.020618556701030927
minipigs,mid_bass,6,mid_treble,431,98,94,45,284,49,53,0.2273781902552204,0.21809744779582366,-4,-0.009280742459396751
minipigs,mid_bass,7,high_treble,677,277,293,166,273,127,111,0.4091580502215657,0.4327917282127031,16,0.023633677991137372
minipigs,low_mids,0,low_bass,601,269,204,147,275,57,122,0.4475873544093178,0.33943427620632277,-65,-0.10815307820299501
minipigs,low_mids,1,mid_bass,344,94,123,64,191,59,30,0.27325581395348836,0.35755813953488375,29,0.08430232558139535
minipigs,low_mids,2,low_mids,378,119,101,66,224,35,53,0.3148148148148148,0.2671957671957672,-18,-0.047619047619047616
minipigs,low_mids,3,midrange,478,166,159,98,251,61,68,0.3472803347280335,0.33263598326359833,-7,-0.014644351464435146
minipigs,low_mids,4,high_mids,443,128,105,54,264,51,74,0.28893905191873587,0.23702031602708803,-23,-0.05191873589164785
minipigs,low_mids,5,low_treble,291,92,103,61,157,42,31,0.3161512027491409,0.3539518900343643,11,0.037800687285223365
minipigs,low_mids,6,mid_treble,431,98,103,53,283,50,45,0.2273781902552204,0.23897911832946636,5,0.01160092807424594
minipigs,low_mids,7,high_treble,677,277,351,201,250,150,76,0.4091580502215657,0.518463810930576,74,0.10930576070901034
minipigs,midrange,0,low_bass,601,269,260,182,254,78,87,0.4475873544093178,0.43261231281198004,-9,-0.014975041597337771
minipigs,midrange,1,mid_bass,344,94,120,65,195,55,29,0.27325581395348836,0.3488372093023256,26,0.0755813953488372
minipigs,midrange,2,low_mids,378,119,92,54,221,38,65,0.3148148148148148,0.24338624338624337,-27,-0.07142857142857142
minipigs,midrange,3,midrange,478,166,148,99,263,49,67,0.3472803347280335,0.30962343096234307,-18,-0.03765690376569038
minipigs,midrange,4,high_mids,443,128,151,83,247,68,45,0.28893905191873587,0.34085778781038373,23,0.05191873589164785
minipigs,midrange,5,low_treble,291,92,74,49,174,25,43,0.3161512027491409,0.2542955326460481,-18,-0.061855670103092786
minipigs,midrange,6,mid_treble,431,98,68,32,297,36,66,0.2273781902552204,0.15777262180974477,-30,-0.06960556844547564
minipigs,midrange,7,high_treble,677,277,304,172,268,132,105,0.4091580502215657,0.44903988183161003,27,0.03988183161004431
minipigs,high_mids,0,low_bass,601,269,242,172,262,70,97,0.4475873544093178,0.40266222961730447,-27,-0.04492512479201331
minipigs,high_mids,1,mid_bass,344,94,111,58,197,53,36,0.27325581395348836,0.3226744186046512,17,0.04941860465116279
minipigs,high_mids,2,low_mids,378,119,113,60,206,53,59,0.3148148148148148,0.29894179894179895,-6,-0.015873015873015872
minipigs,high_mids,3,midrange,478,166,151,88,249,63,78,0.3472803347280335,0.3158995815899582,-15,-0.03138075313807531
minipigs,high_mids,4,high_mids,443,128,116,58,257,58,70,0.28893905191873587,0.2618510158013544,-12,-0.02708803611738149
minipigs,high_mids,5,low_treble,291,92,91,55,163,36,37,0.3161512027491409,0.3127147766323024,-1,-0.003436426116838488
minipigs,high_mids,6,mid_treble,431,98,84,40,289,44,58,0.2273781902552204,0.19489559164733178,-14,-0.03248259860788863
minipigs,high_mids,7,high_treble,677,277,310,169,259,141,108,0.4091580502215657,0.45790251107828656,33,0.04874446085672083
minipigs,low_treble,0,low_bass,601,269,251,176,257,75,93,0.4475873544093178,0.4176372712146423,-18,-0.029950083194675542
minipigs,low_treble,1,mid_bass,344,94,105,59,204,46,35,0.27325581395348836,0.30523255813953487,11,0.03197674418604651
minipigs,low_treble,2,low_mids,378,119,112,60,207,52,59,0.3148148148148148,0.2962962962962963,-7,-0.018518518518518517
minipigs,low_treble,3,midrange,478,166,129,84,267,45,82,0.3472803347280335,0.2698744769874477,-37,-0.07740585774058577
minipigs,low_treble,4,high_mids,443,128,150,87,252,63,41,0.28893905191873587,0.33860045146726864,22,0.04966139954853273
minipigs,low_treble,5,low_treble,291,92,75,53,177,22,39,0.3161512027491409,0.25773195876288657,-17,-0.058419243986254296
minipigs,low_treble,6,mid_treble,431,98,92,41,282,51,57,0.2273781902552204,0.21345707656612528,-6,-0.013921113689095127
minipigs,low_treble,7,high_treble,677,277,351,180,229,171,97,0.4091580502215657,0.518463810930576,74,0.10930576070901034
minipigs,mid_treble,0,low_bass,601,269,232,157,257,75,112,0.4475873544093178,0.3860232945091514,-37,-0.06156405990016639
minipigs,mid_treble,1,mid_bass,344,94,133,63,180,70,31,0.27325581395348836,0.3866279069767442,39,0.11337209302325581
minipigs,mid_treble,2,low_mids,378,119,87,54,226,33,65,0.3148148148148148,0.23015873015873015,-32,-0.08465608465608465
minipigs,mid_treble,3,midrange,478,166,133,74,253,59,92,0.3472803347280335,0.27824267782426776,-33,-0.06903765690376569
minipigs,mid_treble,4,high_mids,443,128,166,84,233,82,44,0.28893905191873587,0.3747178329571106,38,0.08577878103837472
minipigs,mid_treble,5,low_treble,291,92,81,52,170,29,40,0.3161512027491409,0.27835051546391754,-11,-0.037800687285223365
minipigs,mid_treble,6,mid_treble,431,98,79,39,293,40,59,0.2273781902552204,0.18329466357308585,-19,-0.04408352668213457
minipigs,mid_treble,7,high_treble,677,277,363,202,239,161,75,0.4091580502215657,0.5361890694239291,86,0.12703101920236337
minipigs,high_treble,0,low_bass,601,269,231,151,252,80,118,0.4475873544093178,0.3843594009983361,-38,-0.0632279534109817
minipigs,high_treble,1,mid_bass,344,94,122,52,180,70,42,0.27325581395348836,0.3546511627906977,28,0.08139534883720931
minipigs,high_treble,2,low_mids,378,119,114,71,216,43,48,0.3148148148148148,0.30158730158730157,-5,-0.013227513227513227
minipigs,high_treble,3,midrange,478,166,158,100,254,58,66,0.3472803347280335,0.3305439330543933,-8,-0.016736401673640166
minipigs,high_treble,4,high_mids,443,128,132,84,267,48,44,0.28893905191873587,0.2979683972911964,4,0.009029345372460496
minipigs,high_treble,5,low_treble,291,92,100,60,159,40,32,0.3161512027491409,0.3436426116838488,8,0.027491408934707903
minipigs,high_treble,6,mid_treble,431,98,108,49,274,59,49,0.2273781902552204,0.2505800464037123,10,0.02320185614849188
minipigs,high_treble,7,high_treble,677,277,302,167,265,135,110,0.4091580502215657,0.4460856720827179,25,0.03692762186115214
