species,sweep_id,run_id,run_name,state,gamma,alpha_smoothing,label_smoothing,weight_decay,learning_rate,atn_dropout,tokenizer,fold,split_type,grad_clip,f1,auroc,precision,recall,balanced_acc
minipigs,jotbhxmv,gebswvlu,poyo_eeg_neurosoft_8band,finished,1.5,0.75,0.1,0.08,2.75e-05,0.2,per_channel_resample_cnn,0,intrasession-block,0.5,0.3771702647209167,0.7939975261688232,0.3761769235134125,0.38532736897468567,0.38532736897468567
minipigs,jotbhxmv,th0iwudh,poyo_eeg_neurosoft_8band,finished,1.5,0.75,0.2,0.1,2.75e-05,0.2,per_channel_resample_cnn,0,intrasession-block,0.5,0.37556418776512146,0.7910710573196411,0.373642235994339,0.3826586604118347,0.3826586604118347
minipigs,jotbhxmv,0bax3dw7,poyo_eeg_neurosoft_8band,finished,1.0,0.75,0.1,0.1,2.75e-05,0.2,per_channel_resample_cnn,0,intrasession-block,0.5,0.37541308999061584,0.7940709590911865,0.3784905970096588,0.385256826877594,0.385256826877594
minipigs,jotbhxmv,al963tzz,poyo_eeg_neurosoft_8band,finished,1.5,0.75,0.1,0.1,2.75e-05,0.2,per_channel_resample_cnn,0,intrasession-block,0.5,0.37509647011756897,0.7944622039794922,0.3751031458377838,0.3836231529712677,0.3836231529712677
minipigs,jotbhxmv,ix1nkjyf,poyo_eeg_neurosoft_8band,finished,2.0,0.75,0.2,0.1,2.75e-05,0.2,per_channel_resample_cnn,0,intrasession-block,0.5,0.3744215667247772,0.791552722454071,0.3737649917602539,0.3817656338214874,0.3817656338214874
minipigs,jotbhxmv,qipwgmm1,poyo_eeg_neurosoft_8band,finished,2.0,0.75,0.1,0.1,2.75e-05,0.2,per_channel_resample_cnn,0,intrasession-block,0.5,0.3742384314537048,0.7952170372009277,0.37770938873291016,0.38679903745651245,0.38679903745651245
minipigs,jotbhxmv,8tmba343,poyo_eeg_neurosoft_8band,finished,0.5,0.75,0.1,0.1,2.75e-05,0.2,per_channel_resample_cnn,0,intrasession-block,0.5,0.37390685081481934,0.791632354259491,0.37838315963745117,0.3862045109272003,0.3862045109272003
minipigs,jotbhxmv,kvxwoxgp,poyo_eeg_neurosoft_8band,finished,0.5,0.75,0.1,0.08,2.75e-05,0.2,per_channel_resample_cnn,0,intrasession-block,0.5,0.3737687468528747,0.7912196516990662,0.37905335426330566,0.38565313816070557,0.38565313816070557
minipigs,jotbhxmv,kbr2rkwk,poyo_eeg_neurosoft_8band,finished,2.0,0.75,0.2,0.08,2.75e-05,0.2,per_channel_resample_cnn,0,intrasession-block,0.5,0.3737122416496277,0.7923116087913513,0.3763391971588135,0.3852667808532715,0.3852667808532715
minipigs,jotbhxmv,0h71sv06,poyo_eeg_neurosoft_8band,finished,1.5,0.75,0.2,0.08,2.75e-05,0.2,per_channel_resample_cnn,0,intrasession-block,0.5,0.3728943467140198,0.7903297543525696,0.373595654964447,0.38191455602645874,0.38191455602645874
minipigs,jotbhxmv,0yq5ba2u,poyo_eeg_neurosoft_8band,finished,1.0,0.75,0.1,0.08,2.75e-05,0.2,per_channel_resample_cnn,0,intrasession-block,0.5,0.37263745069503784,0.793643593788147,0.3782041668891907,0.3859085142612457,0.3859085142612457
minipigs,jotbhxmv,7plh7sj6,poyo_eeg_neurosoft_8band,finished,2.0,0.75,0.1,0.08,2.75e-05,0.2,per_channel_resample_cnn,0,intrasession-block,0.5,0.3724044561386109,0.795225203037262,0.37555527687072754,0.38466501235961914,0.38466501235961914
minipigs,jotbhxmv,qr7pki1v,poyo_eeg_neurosoft_8band,finished,0.5,0.75,0.2,0.08,2.75e-05,0.2,per_channel_resample_cnn,0,intrasession-block,0.5,0.37211930751800537,0.7886652946472168,0.3708544969558716,0.3788633346557617,0.3788633346557617
minipigs,jotbhxmv,knalij83,poyo_eeg_neurosoft_8band,finished,1.0,0.75,0.2,0.08,2.75e-05,0.2,per_channel_resample_cnn,0,intrasession-block,0.5,0.3719092011451721,0.7895845174789429,0.3714422583580017,0.3786429166793823,0.3786429166793823
minipigs,jotbhxmv,da41ocpr,poyo_eeg_neurosoft_8band,finished,1.0,0.75,0.2,0.1,2.75e-05,0.2,per_channel_resample_cnn,0,intrasession-block,0.5,0.3714350461959839,0.788796603679657,0.3702855706214905,0.38086792826652527,0.38086792826652527
minipigs,jotbhxmv,hg6klw6j,poyo_eeg_neurosoft_8band,finished,1.5,1.0,0.2,0.1,2.75e-05,0.2,per_channel_resample_cnn,0,intrasession-block,0.5,0.37029004096984863,0.7868658900260925,0.37161657214164734,0.3809632360935211,0.3809632360935211
minipigs,jotbhxmv,qp9ug1fy,poyo_eeg_neurosoft_8band,finished,0.5,0.75,0.2,0.1,2.75e-05,0.2,per_channel_resample_cnn,0,intrasession-block,0.5,0.3700748383998871,0.7886642217636108,0.3702576160430908,0.37949976325035095,0.37949976325035095
minipigs,jotbhxmv,ayjttzdd,poyo_eeg_neurosoft_8band,finished,0.5,1.0,0.2,0.08,2.75e-05,0.2,per_channel_resample_cnn,0,intrasession-block,0.5,0.368168830871582,0.7855902910232544,0.36816105246543884,0.3793827295303345,0.3793827295303345
minipigs,jotbhxmv,lx25grys,poyo_eeg_neurosoft_8band,finished,1.0,1.0,0.2,0.08,2.75e-05,0.2,per_channel_resample_cnn,0,intrasession-block,0.5,0.367837131023407,0.7886573076248169,0.3687576949596405,0.38230714201927185,0.38230714201927185
minipigs,jotbhxmv,50qvyujo,poyo_eeg_neurosoft_8band,finished,1.5,1.0,0.2,0.08,2.75e-05,0.2,per_channel_resample_cnn,0,intrasession-block,0.5,0.3673315644264221,0.7866453528404236,0.37253308296203613,0.3799549639225006,0.3799549639225006
minipigs,jotbhxmv,v55azfw5,poyo_eeg_neurosoft_8band,finished,1.0,1.0,0.2,0.1,2.75e-05,0.2,per_channel_resample_cnn,0,intrasession-block,0.5,0.3655460476875305,0.7886286973953247,0.3704010248184204,0.3843580484390259,0.3843580484390259
minipigs,jotbhxmv,38tco6qe,poyo_eeg_neurosoft_8band,finished,2.0,1.0,0.2,0.08,2.75e-05,0.2,per_channel_resample_cnn,0,intrasession-block,0.5,0.3654249906539917,0.7891755104064941,0.36724719405174255,0.37999531626701355,0.37999531626701355
minipigs,jotbhxmv,erol1rwn,poyo_eeg_neurosoft_8band,finished,2.0,1.0,0.2,0.1,2.75e-05,0.2,per_channel_resample_cnn,0,intrasession-block,0.5,0.365387499332428,0.7890005111694336,0.3674694299697876,0.38042140007019043,0.38042140007019043
minipigs,jotbhxmv,64enyg66,poyo_eeg_neurosoft_8band,finished,2.0,1.0,0.1,0.1,2.75e-05,0.2,per_channel_resample_cnn,0,intrasession-block,0.5,0.3641386032104492,0.7857433557510376,0.3641919791698456,0.3736477494239807,0.3736477494239807
minipigs,jotbhxmv,ef4oovcs,poyo_eeg_neurosoft_8band,finished,0.5,1.0,0.2,0.1,2.75e-05,0.2,per_channel_resample_cnn,0,intrasession-block,0.5,0.36396700143814087,0.7858166694641113,0.36917710304260254,0.38104796409606934,0.38104796409606934
minipigs,jotbhxmv,t8y6u2j1,poyo_eeg_neurosoft_8band,finished,1.5,1.0,0.1,0.1,2.75e-05,0.2,per_channel_resample_cnn,0,intrasession-block,0.5,0.3620728254318238,0.7866218686103821,0.3628653883934021,0.373391330242157,0.373391330242157
minipigs,jotbhxmv,wy53ycfo,poyo_eeg_neurosoft_8band,finished,2.0,1.0,0.1,0.08,2.75e-05,0.2,per_channel_resample_cnn,0,intrasession-block,0.5,0.3615926206111908,0.7853250503540039,0.3624674081802368,0.3720863461494446,0.3720863461494446
minipigs,jotbhxmv,p04b6ef5,poyo_eeg_neurosoft_8band,finished,0.5,1.0,0.1,0.1,2.75e-05,0.2,per_channel_resample_cnn,0,intrasession-block,0.5,0.360686719417572,0.784258246421814,0.36586615443229675,0.37714967131614685,0.37714967131614685
minipigs,jotbhxmv,xa4v3t36,poyo_eeg_neurosoft_8band,finished,1.5,1.0,0.1,0.08,2.75e-05,0.2,per_channel_resample_cnn,0,intrasession-block,0.5,0.35998600721359253,0.7863643169403076,0.36067038774490356,0.37079736590385437,0.37079736590385437
minipigs,jotbhxmv,d0cl5uu3,poyo_eeg_neurosoft_8band,finished,0.5,1.0,0.1,0.08,2.75e-05,0.2,per_channel_resample_cnn,0,intrasession-block,0.5,0.3589804470539093,0.7843207716941833,0.36837857961654663,0.3780098855495453,0.3780098855495453
minipigs,jotbhxmv,mbza8tnf,poyo_eeg_neurosoft_8band,finished,1.0,1.0,0.1,0.1,2.75e-05,0.2,per_channel_resample_cnn,0,intrasession-block,0.5,0.3576897382736206,0.7864172458648682,0.36452364921569824,0.37498384714126587,0.37498384714126587
minipigs,jotbhxmv,aojt8bi1,poyo_eeg_neurosoft_8band,finished,1.0,1.0,0.1,0.08,2.75e-05,0.2,per_channel_resample_cnn,0,intrasession-block,0.5,0.3575400114059448,0.7867444753646851,0.3635125756263733,0.3742278218269348,0.3742278218269348
monkeys,jwdf3c4z,ubdan13a,poyo_eeg_neurosoft_8band,finished,1.0,1.0,0.1,0.3,2.5e-05,0.4,per_channel_resample_cnn_add,0,intrasession-block,1.0,0.51433265209198,0.8879374265670776,0.5125800371170044,0.5210975408554077,0.5210975408554077
monkeys,jwdf3c4z,ifk3beho,poyo_eeg_neurosoft_8band,finished,0.5,1.0,0.2,0.3,2.5e-05,0.4,per_channel_resample_cnn_add,0,intrasession-block,1.0,0.5142881870269775,0.8844023942947388,0.5128110647201538,0.5266550779342651,0.5266550779342651
monkeys,jwdf3c4z,7kw1fkzf,poyo_eeg_neurosoft_8band,finished,0.5,1.0,0.1,0.3,2.5e-05,0.4,per_channel_resample_cnn_add,0,intrasession-block,1.0,0.5113753080368042,0.8894196152687073,0.5096774101257324,0.5293696522712708,0.5293696522712708
monkeys,jwdf3c4z,yfo9dfm9,poyo_eeg_neurosoft_8band,finished,0.5,1.0,0.2,0.08,2.5e-05,0.4,per_channel_resample_cnn_add,0,intrasession-block,1.0,0.5093694925308228,0.8839828372001648,0.508238673210144,0.5182398557662964,0.5182398557662964
monkeys,jwdf3c4z,tc4vu25v,poyo_eeg_neurosoft_8band,finished,0.5,1.0,0.1,0.08,2.5e-05,0.4,per_channel_resample_cnn_add,0,intrasession-block,1.0,0.508899450302124,0.8864055871963501,0.5054293274879456,0.52547687292099,0.52547687292099
monkeys,jwdf3c4z,f27o7ruz,poyo_eeg_neurosoft_8band,finished,1.0,1.0,0.2,0.3,2.5e-05,0.4,per_channel_resample_cnn_add,0,intrasession-block,1.0,0.5088878870010376,0.883499264717102,0.506864607334137,0.522710919380188,0.522710919380188
monkeys,jwdf3c4z,ziqegywj,poyo_eeg_neurosoft_8band,finished,2.0,0.75,0.2,0.3,2.5e-05,0.4,per_channel_resample_cnn_add,0,intrasession-block,1.0,0.5075152516365051,0.8862541913986206,0.5051147937774658,0.520663857460022,0.520663857460022
monkeys,jwdf3c4z,b6iuw4q3,poyo_eeg_neurosoft_8band,finished,1.0,1.0,0.1,0.08,2.5e-05,0.4,per_channel_resample_cnn_add,0,intrasession-block,1.0,0.5064180493354797,0.8884404897689819,0.506745457649231,0.5219676494598389,0.5219676494598389
monkeys,jwdf3c4z,l3thxd39,poyo_eeg_neurosoft_8band,finished,1.0,1.0,0.2,0.08,2.5e-05,0.4,per_channel_resample_cnn_add,0,intrasession-block,1.0,0.5062227249145508,0.8843958377838135,0.5047309398651123,0.5194723606109619,0.5194723606109619
monkeys,jwdf3c4z,bk5ure2i,poyo_eeg_neurosoft_8band,finished,1.5,0.75,0.2,0.3,2.5e-05,0.4,per_channel_resample_cnn_add,0,intrasession-block,1.0,0.5058795809745789,0.8853929042816162,0.5044957399368286,0.520951509475708,0.520951509475708
monkeys,jwdf3c4z,vjygau8p,poyo_eeg_neurosoft_8band,finished,2.0,1.0,0.2,0.3,2.5e-05,0.4,per_channel_resample_cnn_add,0,intrasession-block,1.0,0.505245566368103,0.8862914443016052,0.5043860077857971,0.5234402418136597,0.5234402418136597
monkeys,jwdf3c4z,twjurtin,poyo_eeg_neurosoft_8band,finished,1.5,1.0,0.2,0.3,2.5e-05,0.4,per_channel_resample_cnn_add,0,intrasession-block,1.0,0.5049717426300049,0.8844883441925049,0.5021762847900391,0.5213626623153687,0.5213626623153687
monkeys,jwdf3c4z,4e8s7lzf,poyo_eeg_neurosoft_8band,finished,1.5,1.0,0.2,0.08,2.5e-05,0.4,per_channel_resample_cnn_add,0,intrasession-block,1.0,0.5042884349822998,0.8837066888809204,0.5012282133102417,0.5189255475997925,0.5189255475997925
monkeys,jwdf3c4z,pu2seg07,poyo_eeg_neurosoft_8band,finished,0.5,0.75,0.2,0.3,2.5e-05,0.4,per_channel_resample_cnn_add,0,intrasession-block,1.0,0.50346440076828,0.8816553354263306,0.5036025047302246,0.5168876647949219,0.5168876647949219
monkeys,jwdf3c4z,c2ccfqdw,poyo_eeg_neurosoft_8band,finished,1.0,0.75,0.1,0.08,2.5e-05,0.4,per_channel_resample_cnn_add,0,intrasession-block,1.0,0.5031830668449402,0.8832369446754456,0.5082470178604126,0.5094166994094849,0.5094166994094849
monkeys,jwdf3c4z,2c4a8g0s,poyo_eeg_neurosoft_8band,finished,1.0,0.75,0.2,0.08,2.5e-05,0.4,per_channel_resample_cnn_add,0,intrasession-block,1.0,0.5030342936515808,0.8809025287628174,0.5029816627502441,0.5128673315048218,0.5128673315048218
monkeys,jwdf3c4z,rwp1gydr,poyo_eeg_neurosoft_8band,finished,1.5,0.75,0.1,0.3,2.5e-05,0.4,per_channel_resample_cnn_add,0,intrasession-block,1.0,0.5023530721664429,0.884373664855957,0.5001099705696106,0.5111453533172607,0.5111453533172607
monkeys,jwdf3c4z,iqoqw2ip,poyo_eeg_neurosoft_8band,finished,1.5,0.75,0.2,0.08,2.5e-05,0.4,per_channel_resample_cnn_add,0,intrasession-block,1.0,0.5013533234596252,0.8835152387619019,0.4991304576396942,0.5162443518638611,0.5162443518638611
monkeys,jwdf3c4z,m4idvgj8,poyo_eeg_neurosoft_8band,finished,1.0,0.75,0.2,0.3,2.5e-05,0.4,per_channel_resample_cnn_add,0,intrasession-block,1.0,0.500348687171936,0.8822076320648193,0.4999055862426758,0.5115113854408264,0.5115113854408264
monkeys,jwdf3c4z,yhocqb3s,poyo_eeg_neurosoft_8band,finished,2.0,1.0,0.1,0.3,2.5e-05,0.4,per_channel_resample_cnn_add,0,intrasession-block,1.0,0.5001248121261597,0.885105311870575,0.498154878616333,0.5126455426216125,0.5126455426216125
monkeys,jwdf3c4z,xeb76y9z,poyo_eeg_neurosoft_8band,finished,0.5,0.75,0.1,0.3,2.5e-05,0.4,per_channel_resample_cnn_add,0,intrasession-block,1.0,0.49943867325782776,0.8814267516136169,0.49675285816192627,0.5098074674606323,0.5098074674606323
monkeys,jwdf3c4z,jzqalwjy,poyo_eeg_neurosoft_8band,finished,2.0,1.0,0.2,0.08,2.5e-05,0.4,per_channel_resample_cnn_add,0,intrasession-block,1.0,0.4991625249385834,0.8858004808425903,0.4994691014289856,0.5165742635726929,0.5165742635726929
monkeys,jwdf3c4z,xbf46udm,poyo_eeg_neurosoft_8band,finished,2.0,0.75,0.2,0.08,2.5e-05,0.4,per_channel_resample_cnn_add,0,intrasession-block,1.0,0.4990634024143219,0.8850960731506348,0.4974427819252014,0.516232967376709,0.516232967376709
monkeys,jwdf3c4z,fxihz635,poyo_eeg_neurosoft_8band,finished,2.0,0.75,0.1,0.3,2.5e-05,0.4,per_channel_resample_cnn_add,0,intrasession-block,1.0,0.4985602200031281,0.8840335607528687,0.49706900119781494,0.5136212110519409,0.5136212110519409
monkeys,jwdf3c4z,vc5apavz,poyo_eeg_neurosoft_8band,finished,1.0,0.75,0.1,0.3,2.5e-05,0.4,per_channel_resample_cnn_add,0,intrasession-block,1.0,0.4982560276985169,0.8846856355667114,0.49846014380455017,0.5088375210762024,0.5088375210762024
monkeys,jwdf3c4z,2hr5kcrn,poyo_eeg_neurosoft_8band,finished,1.5,1.0,0.1,0.3,2.5e-05,0.4,per_channel_resample_cnn_add,0,intrasession-block,1.0,0.498052716255188,0.8871860504150391,0.49626538157463074,0.5105751752853394,0.5105751752853394
monkeys,jwdf3c4z,x86lsfyq,poyo_eeg_neurosoft_8band,finished,0.5,0.75,0.2,0.08,2.5e-05,0.4,per_channel_resample_cnn_add,0,intrasession-block,1.0,0.4980510473251343,0.881188690662384,0.49822649359703064,0.5129784345626831,0.5129784345626831
monkeys,jwdf3c4z,kkkl18df,poyo_eeg_neurosoft_8band,finished,1.5,0.75,0.1,0.08,2.5e-05,0.4,per_channel_resample_cnn_add,0,intrasession-block,1.0,0.4971413016319275,0.8826939463615417,0.4947577714920044,0.5112805962562561,0.5112805962562561
monkeys,jwdf3c4z,iv3e0v87,poyo_eeg_neurosoft_8band,finished,0.5,0.75,0.1,0.08,2.5e-05,0.4,per_channel_resample_cnn_add,0,intrasession-block,1.0,0.4947892427444458,0.8796777725219727,0.4917041063308716,0.5056613683700562,0.5056613683700562
monkeys,jwdf3c4z,1npvc4o2,poyo_eeg_neurosoft_8band,finished,1.5,1.0,0.1,0.08,2.5e-05,0.4,per_channel_resample_cnn_add,0,intrasession-block,1.0,0.4940175414085388,0.8847504258155823,0.49359947443008423,0.5112495422363281,0.5112495422363281
monkeys,jwdf3c4z,lzoiua91,poyo_eeg_neurosoft_8band,finished,2.0,0.75,0.1,0.08,2.5e-05,0.4,per_channel_resample_cnn_add,0,intrasession-block,1.0,0.4914640486240387,0.8812822103500366,0.4917416572570801,0.5052657127380371,0.5052657127380371
monkeys,jwdf3c4z,ihy0ly4f,poyo_eeg_neurosoft_8band,finished,2.0,1.0,0.1,0.08,2.5e-05,0.4,per_channel_resample_cnn_add,0,intrasession-block,1.0,0.4909437298774719,0.8854214549064636,0.4902544617652893,0.5089514255523682,0.5089514255523682
