species,paradigm,sweep_id,run_id,run_name,state,group,tokenizer,atn_dropout,learning_rate,weight_decay,grad_clip,fold,split_type,subject,recording_id,n_recordings,f1,auroc,precision,recall,balanced_acc
minipigs,single-session,hiyb4224,7hjvx38d,poyo_eeg_neurosoft_8band_sub-01_ses-01_task-AcousStim_acq-LH_desc-raw,finished,NEUROSOFT_INTRASESSION_SINGLESESS,per_channel_resample_cnn,0.2,2.75e-05,0.08,0.5,0,intrasession-block,sub-01,sub-01_ses-01_task-AcousStim_acq-LH_desc-raw,1,0.2609400153160095,0.4801334142684936,0.3762175440788269,0.263741135597229,0.263741135597229
minipigs,single-session,hiyb4224,wdbqsbpb,poyo_eeg_neurosoft_8band_sub-01_ses-02_task-AcousStim_acq-LH_desc-raw,finished,NEUROSOFT_INTRASESSION_SINGLESESS,per_channel_resample_cnn,0.2,2.75e-05,0.08,0.5,0,intrasession-block,sub-01,sub-01_ses-02_task-AcousStim_acq-LH_desc-raw,1,0.165872260928154,0.6373434066772461,0.2588999271392822,0.1948580145835876,0.1948580145835876
minipigs,single-session,hiyb4224,dup857b2,poyo_eeg_neurosoft_8band_sub-02_ses-01_task-AcousStim_acq-LH_desc-raw,finished,NEUROSOFT_INTRASESSION_SINGLESESS,per_channel_resample_cnn,0.2,2.75e-05,0.08,0.5,0,intrasession-block,sub-02,sub-02_ses-01_task-AcousStim_acq-LH_desc-raw,1,0.3960914611816406,0.5631806254386902,0.4911477565765381,0.4067688584327698,0.4067688584327698
minipigs,single-session,hiyb4224,bgqu07fq,poyo_eeg_neurosoft_8band_sub-02_ses-01_task-AcousStim_acq-RH_desc-raw,finished,NEUROSOFT_INTRASESSION_SINGLESESS,per_channel_resample_cnn,0.2,2.75e-05,0.08,0.5,0,intrasession-block,sub-02,sub-02_ses-01_task-AcousStim_acq-RH_desc-raw,1,0.1143003106117248,0.4217734932899475,0.0947712436318397,0.1769736856222152,0.1769736856222152
minipigs,single-session,hiyb4224,7r2oy36h,poyo_eeg_neurosoft_8band_sub-02_ses-02_task-AcousStim_acq-LH_desc-raw,finished,NEUROSOFT_INTRASESSION_SINGLESESS,per_channel_resample_cnn,0.2,2.75e-05,0.08,0.5,0,intrasession-block,sub-02,sub-02_ses-02_task-AcousStim_acq-LH_desc-raw,1,0.1087137013673782,0.5714137554168701,0.094120442867279,0.1566406190395355,0.1566406190395355
minipigs,single-session,hiyb4224,99irqzkt,poyo_eeg_neurosoft_8band_sub-02_ses-02_task-AcousStim_acq-RH_desc-raw,finished,NEUROSOFT_INTRASESSION_SINGLESESS,per_channel_resample_cnn,0.2,2.75e-05,0.08,0.5,0,intrasession-block,sub-02,sub-02_ses-02_task-AcousStim_acq-RH_desc-raw,1,0.0971273332834243,0.5087092518806458,0.0784988030791282,0.1392728388309478,0.1392728388309478
minipigs,single-session,hiyb4224,hsfqhcp5,poyo_eeg_neurosoft_8band_sub-03_ses-01_task-AcousStim_acq-LH_desc-raw,finished,NEUROSOFT_INTRASESSION_SINGLESESS,per_channel_resample_cnn,0.2,2.75e-05,0.08,0.5,0,intrasession-block,sub-03,sub-03_ses-01_task-AcousStim_acq-LH_desc-raw,1,0.5188193321228027,0.7263976335525513,0.5937427282333374,0.5204423666000366,0.5204423666000366
minipigs,single-session,hiyb4224,8cdi295n,poyo_eeg_neurosoft_8band_sub-03_ses-01_task-AcousStim_acq-RH_desc-raw,finished,NEUROSOFT_INTRASESSION_SINGLESESS,per_channel_resample_cnn,0.2,2.75e-05,0.08,0.5,0,intrasession-block,sub-03,sub-03_ses-01_task-AcousStim_acq-RH_desc-raw,1,0.4561699330806732,0.6770622730255127,0.5081964135169983,0.4543439745903015,0.4543439745903015
minipigs,single-session,hiyb4224,20afehlz,poyo_eeg_neurosoft_8band_sub-03_ses-03_task-AcousStim_acq-LHanest_desc-raw,finished,NEUROSOFT_INTRASESSION_SINGLESESS,per_channel_resample_cnn,0.2,2.75e-05,0.08,0.5,0,intrasession-block,sub-03,sub-03_ses-03_task-AcousStim_acq-LHanest_desc-raw,1,0.6030696630477905,0.898360013961792,0.6187831163406372,0.5971313714981079,0.5971313714981079
minipigs,single-session,hiyb4224,0v89ec46,poyo_eeg_neurosoft_8band_sub-03_ses-03_task-AcousStim_acq-RHanest_desc-raw,finished,NEUROSOFT_INTRASESSION_SINGLESESS,per_channel_resample_cnn,0.2,2.75e-05,0.08,0.5,0,intrasession-block,sub-03,sub-03_ses-03_task-AcousStim_acq-RHanest_desc-raw,1,0.4179987907409668,0.7704827189445496,0.4666886925697326,0.4172756373882293,0.4172756373882293
minipigs,single-session,hiyb4224,wawhv5wc,poyo_eeg_neurosoft_8band_sub-03_ses-04_task-AcousStim_acq-LHanest_desc-raw,finished,NEUROSOFT_INTRASESSION_SINGLESESS,per_channel_resample_cnn,0.2,2.75e-05,0.08,0.5,0,intrasession-block,sub-03,sub-03_ses-04_task-AcousStim_acq-LHanest_desc-raw,1,0.0978524759411811,0.4696647524833679,0.0727472528815269,0.1585652530193328,0.1585652530193328
minipigs,single-session,hiyb4224,phwdxlzm,poyo_eeg_neurosoft_8band_sub-03_ses-04_task-AcousStim_acq-RHanest_desc-raw,finished,NEUROSOFT_INTRASESSION_SINGLESESS,per_channel_resample_cnn,0.2,2.75e-05,0.08,0.5,0,intrasession-block,sub-03,sub-03_ses-04_task-AcousStim_acq-RHanest_desc-raw,1,0.0841674730181694,0.4892993569374085,0.0729166641831398,0.1445887386798858,0.1445887386798858
minipigs,single-session,hiyb4224,8t4s4o8d,poyo_eeg_neurosoft_8band_sub-03_ses-06_task-AcousStim_acq-LH_desc-raw,finished,NEUROSOFT_INTRASESSION_SINGLESESS,per_channel_resample_cnn,0.2,2.75e-05,0.08,0.5,0,intrasession-block,sub-03,sub-03_ses-06_task-AcousStim_acq-LH_desc-raw,1,0.519218921661377,0.8529304265975952,0.539898157119751,0.5330728888511658,0.5330728888511658
minipigs,single-session,hiyb4224,b8qxm1jm,poyo_eeg_neurosoft_8band_sub-03_ses-06_task-AcousStim_acq-RH_desc-raw,finished,NEUROSOFT_INTRASESSION_SINGLESESS,per_channel_resample_cnn,0.2,2.75e-05,0.08,0.5,0,intrasession-block,sub-03,sub-03_ses-06_task-AcousStim_acq-RH_desc-raw,1,0.0538116581737995,0.5503031611442566,0.0342857129871845,0.125,0.125
minipigs,single-session,hiyb4224,p387yveq,poyo_eeg_neurosoft_8band_sub-03_ses-07_task-AcousStim_acq-LHanest_desc-raw,finished,NEUROSOFT_INTRASESSION_SINGLESESS,per_channel_resample_cnn,0.2,2.75e-05,0.08,0.5,0,intrasession-block,sub-03,sub-03_ses-07_task-AcousStim_acq-LHanest_desc-raw,1,0.1255967020988464,0.6378782987594604,0.1149209514260292,0.1924428045749664,0.1924428045749664
minipigs,single-session,hiyb4224,17jr86u3,poyo_eeg_neurosoft_8band_sub-03_ses-07_task-AcousStim_acq-RH_desc-raw,finished,NEUROSOFT_INTRASESSION_SINGLESESS,per_channel_resample_cnn,0.2,2.75e-05,0.08,0.5,0,intrasession-block,sub-03,sub-03_ses-07_task-AcousStim_acq-RH_desc-raw,1,0.1237911581993103,0.404222697019577,0.1585648208856582,0.2291666567325592,0.2291666567325592
minipigs,single-session,hiyb4224,r6ez967l,poyo_eeg_neurosoft_8band_sub-03_ses-07_task-AcousStim_acq-RHanest_desc-raw,finished,NEUROSOFT_INTRASESSION_SINGLESESS,per_channel_resample_cnn,0.2,2.75e-05,0.08,0.5,0,intrasession-block,sub-03,sub-03_ses-07_task-AcousStim_acq-RHanest_desc-raw,1,0.0463917516171932,0.6023675799369812,0.0284810122102499,0.125,0.125
minipigs,single-session,hiyb4224,f7edgztz,poyo_eeg_neurosoft_8band_sub-04_ses-01_task-AcousStim_acq-LH_desc-raw,finished,NEUROSOFT_INTRASESSION_SINGLESESS,per_channel_resample_cnn,0.2,2.75e-05,0.08,0.5,0,intrasession-block,sub-04,sub-04_ses-01_task-AcousStim_acq-LH_desc-raw,1,0.5703194737434387,0.7781960964202881,0.6050560474395752,0.5926741361618042,0.5926741361618042
minipigs,single-session,hiyb4224,86zxc98r,poyo_eeg_neurosoft_8band_sub-04_ses-01_task-AcousStim_acq-RH_desc-raw,finished,NEUROSOFT_INTRASESSION_SINGLESESS,per_channel_resample_cnn,0.2,2.75e-05,0.08,0.5,0,intrasession-block,sub-04,sub-04_ses-01_task-AcousStim_acq-RH_desc-raw,1,0.7213042378425598,0.8210447430610657,0.7503648996353149,0.719605565071106,0.719605565071106
minipigs,single-session,hiyb4224,m6t2vj4z,poyo_eeg_neurosoft_8band_sub-04_ses-02_task-AcousStim_acq-LH_desc-raw,finished,NEUROSOFT_INTRASESSION_SINGLESESS,per_channel_resample_cnn,0.2,2.75e-05,0.08,0.5,0,intrasession-block,sub-04,sub-04_ses-02_task-AcousStim_acq-LH_desc-raw,1,0.2996566891670227,0.7713626623153687,0.371360719203949,0.3058363795280456,0.3058363795280456
minipigs,single-session,hiyb4224,7s348r51,poyo_eeg_neurosoft_8band_sub-04_ses-02_task-AcousStim_acq-RH_desc-raw,finished,NEUROSOFT_INTRASESSION_SINGLESESS,per_channel_resample_cnn,0.2,2.75e-05,0.08,0.5,0,intrasession-block,sub-04,sub-04_ses-02_task-AcousStim_acq-RH_desc-raw,1,0.3376542925834656,0.751042366027832,0.4287510812282562,0.3359375,0.3359375
minipigs,single-session,hiyb4224,f2davby2,poyo_eeg_neurosoft_8band_sub-04_ses-03_task-AcousStim_acq-LH_desc-raw,finished,NEUROSOFT_INTRASESSION_SINGLESESS,per_channel_resample_cnn,0.2,2.75e-05,0.08,0.5,0,intrasession-block,sub-04,sub-04_ses-03_task-AcousStim_acq-LH_desc-raw,1,0.0588235296308994,0.5062732696533203,0.0370370373129844,0.1428571492433548,0.1428571492433548
minipigs,single-session,hiyb4224,99j0uafl,poyo_eeg_neurosoft_8band_sub-04_ses-03_task-AcousStim_acq-RH_desc-raw,finished,NEUROSOFT_INTRASESSION_SINGLESESS,per_channel_resample_cnn,0.2,2.75e-05,0.08,0.5,0,intrasession-block,sub-04,sub-04_ses-03_task-AcousStim_acq-RH_desc-raw,1,0.0588235296308994,0.501015841960907,0.0370370373129844,0.1428571492433548,0.1428571492433548
minipigs,single-session,hiyb4224,isjaj4vl,poyo_eeg_neurosoft_8band_sub-04_ses-04_task-AcousStim_acq-LH_desc-raw,finished,NEUROSOFT_INTRASESSION_SINGLESESS,per_channel_resample_cnn,0.2,2.75e-05,0.08,0.5,0,intrasession-block,sub-04,sub-04_ses-04_task-AcousStim_acq-LH_desc-raw,1,0.7507009506225586,0.8364628553390503,0.7813462018966675,0.7536977529525757,0.7536977529525757
minipigs,single-session,hiyb4224,96lz7may,poyo_eeg_neurosoft_8band_sub-04_ses-04_task-AcousStim_acq-RH_desc-raw,finished,NEUROSOFT_INTRASESSION_SINGLESESS,per_channel_resample_cnn,0.2,2.75e-05,0.08,0.5,0,intrasession-block,sub-04,sub-04_ses-04_task-AcousStim_acq-RH_desc-raw,1,0.399720162153244,0.7251813411712646,0.5496870279312134,0.4526515305042267,0.4526515305042267
minipigs,single-session,hiyb4224,n0o6nwh2,poyo_eeg_neurosoft_8band_sub-05_ses-01_task-AcousStim_acq-LH_desc-raw,finished,NEUROSOFT_INTRASESSION_SINGLESESS,per_channel_resample_cnn,0.2,2.75e-05,0.08,0.5,0,intrasession-block,sub-05,sub-05_ses-01_task-AcousStim_acq-LH_desc-raw,1,0.120071679353714,0.4669349789619446,0.1932624131441116,0.2291666716337204,0.2291666716337204
minipigs,single-session,hiyb4224,uve604pj,poyo_eeg_neurosoft_8band_sub-05_ses-01_task-AcousStim_acq-RH_desc-raw,finished,NEUROSOFT_INTRASESSION_SINGLESESS,per_channel_resample_cnn,0.2,2.75e-05,0.08,0.5,0,intrasession-block,sub-05,sub-05_ses-01_task-AcousStim_acq-RH_desc-raw,1,0.091266818344593,0.4601714015007019,0.1953405141830444,0.1979166716337204,0.1979166716337204
minipigs,single-session,hiyb4224,k3qpnxxq,poyo_eeg_neurosoft_8band_sub-05_ses-02_task-AcousStim_acq-LH_desc-raw,finished,NEUROSOFT_INTRASESSION_SINGLESESS,per_channel_resample_cnn,0.2,2.75e-05,0.08,0.5,0,intrasession-block,sub-05,sub-05_ses-02_task-AcousStim_acq-LH_desc-raw,1,0.4004911780357361,0.6749556064605713,0.4403451681137085,0.390128493309021,0.390128493309021
minipigs,single-session,hiyb4224,ym188m8g,poyo_eeg_neurosoft_8band_sub-05_ses-02_task-AcousStim_acq-RH_desc-raw,finished,NEUROSOFT_INTRASESSION_SINGLESESS,per_channel_resample_cnn,0.2,2.75e-05,0.08,0.5,0,intrasession-block,sub-05,sub-05_ses-02_task-AcousStim_acq-RH_desc-raw,1,0.0586400516331195,0.4948899149894714,0.0368916802108287,0.1428571492433548,0.1428571492433548
minipigs,single-session,hiyb4224,kda415c6,poyo_eeg_neurosoft_8band_sub-06_ses-02_task-AcousStim_acq-LH_desc-raw,finished,NEUROSOFT_INTRASESSION_SINGLESESS,per_channel_resample_cnn,0.2,2.75e-05,0.08,0.5,0,intrasession-block,sub-06,sub-06_ses-02_task-AcousStim_acq-LH_desc-raw,1,0.073873296380043,0.5641487836837769,0.0523667782545089,0.1290391087532043,0.1290391087532043
minipigs,single-session,hiyb4224,gib1ypky,poyo_eeg_neurosoft_8band_sub-06_ses-02_task-AcousStim_acq-RH_desc-raw,finished,NEUROSOFT_INTRASESSION_SINGLESESS,per_channel_resample_cnn,0.2,2.75e-05,0.08,0.5,0,intrasession-block,sub-06,sub-06_ses-02_task-AcousStim_acq-RH_desc-raw,1,0.0617933645844459,0.5361608266830444,0.0508075132966041,0.1273915767669677,0.1273915767669677
minipigs,single-session,hiyb4224,aih2oeom,poyo_eeg_neurosoft_8band_sub-07_ses-01_task-AcousStim_acq-LH_desc-raw,finished,NEUROSOFT_INTRASESSION_SINGLESESS,per_channel_resample_cnn,0.2,2.75e-05,0.08,0.5,0,intrasession-block,sub-07,sub-07_ses-01_task-AcousStim_acq-LH_desc-raw,1,0.0563086569309234,0.5262960195541382,0.0350649356842041,0.1428571492433548,0.1428571492433548
minipigs,single-session,hiyb4224,lmwy3s6w,poyo_eeg_neurosoft_8band_sub-07_ses-01_task-AcousStim_acq-RH_desc-raw,finished,NEUROSOFT_INTRASESSION_SINGLESESS,per_channel_resample_cnn,0.2,2.75e-05,0.08,0.5,0,intrasession-block,sub-07,sub-07_ses-01_task-AcousStim_acq-RH_desc-raw,1,0.7545098066329956,0.3239919543266296,0.7715399265289307,0.7611111402511597,0.7611111402511597
minipigs,single-session,hiyb4224,3yshoomd,poyo_eeg_neurosoft_8band_sub-07_ses-02_task-AcousStim_acq-LH_desc-raw,finished,NEUROSOFT_INTRASESSION_SINGLESESS,per_channel_resample_cnn,0.2,2.75e-05,0.08,0.5,0,intrasession-block,sub-07,sub-07_ses-02_task-AcousStim_acq-LH_desc-raw,1,0.3289943933486938,0.7094367146492004,0.4186274707317352,0.3878205120563507,0.3878205120563507
minipigs,single-session,hiyb4224,q25bgm7l,poyo_eeg_neurosoft_8band_sub-07_ses-02_task-AcousStim_acq-RH_desc-raw,finished,NEUROSOFT_INTRASESSION_SINGLESESS,per_channel_resample_cnn,0.2,2.75e-05,0.08,0.5,0,intrasession-block,sub-07,sub-07_ses-02_task-AcousStim_acq-RH_desc-raw,1,0.3332513272762298,0.6968598961830139,0.4641456604003906,0.358477234840393,0.358477234840393
minipigs,single-session,hiyb4224,1f3uvy7w,poyo_eeg_neurosoft_8band_sub-07_ses-03_task-AcousStim_acq-LH_desc-raw,finished,NEUROSOFT_INTRASESSION_SINGLESESS,per_channel_resample_cnn,0.2,2.75e-05,0.08,0.5,0,intrasession-block,sub-07,sub-07_ses-03_task-AcousStim_acq-LH_desc-raw,1,0.237620323896408,0.541579008102417,0.378052294254303,0.2625588774681091,0.2625588774681091
minipigs,single-session,hiyb4224,4dtc4ce0,poyo_eeg_neurosoft_8band_sub-07_ses-03_task-AcousStim_acq-RH_desc-raw,finished,NEUROSOFT_INTRASESSION_SINGLESESS,per_channel_resample_cnn,0.2,2.75e-05,0.08,0.5,0,intrasession-block,sub-07,sub-07_ses-03_task-AcousStim_acq-RH_desc-raw,1,0.4939980208873749,0.7486404776573181,0.5415002107620239,0.5626635551452637,0.5626635551452637
minipigs,single-session,hiyb4224,a8thixjc,poyo_eeg_neurosoft_8band_sub-07_ses-04_task-AcousStim_acq-LH_desc-raw,finished,NEUROSOFT_INTRASESSION_SINGLESESS,per_channel_resample_cnn,0.2,2.75e-05,0.08,0.5,0,intrasession-block,sub-07,sub-07_ses-04_task-AcousStim_acq-LH_desc-raw,1,0.1166666746139526,0.3949108123779297,0.2258297353982925,0.2051282078027725,0.2051282078027725
minipigs,single-session,hiyb4224,0tfxywes,poyo_eeg_neurosoft_8band_sub-07_ses-04_task-AcousStim_acq-RH_desc-raw,finished,NEUROSOFT_INTRASESSION_SINGLESESS,per_channel_resample_cnn,0.2,2.75e-05,0.08,0.5,0,intrasession-block,sub-07,sub-07_ses-04_task-AcousStim_acq-RH_desc-raw,1,0.3655622005462646,0.5101932883262634,0.3697436153888702,0.3992674052715301,0.3992674052715301
minipigs,single-session,hiyb4224,8jlm62oq,poyo_eeg_neurosoft_8band_sub-07_ses-05_task-AcousStim_acq-LH_desc-raw,finished,NEUROSOFT_INTRASESSION_SINGLESESS,per_channel_resample_cnn,0.2,2.75e-05,0.08,0.5,0,intrasession-block,sub-07,sub-07_ses-05_task-AcousStim_acq-LH_desc-raw,1,0.1675919592380523,0.5170098543167114,0.2247514426708221,0.2053847908973693,0.2053847908973693
minipigs,single-session,hiyb4224,fm4yt1ra,poyo_eeg_neurosoft_8band_sub-07_ses-05_task-AcousStim_acq-RH_desc-raw,finished,NEUROSOFT_INTRASESSION_SINGLESESS,per_channel_resample_cnn,0.2,2.75e-05,0.08,0.5,0,intrasession-block,sub-07,sub-07_ses-05_task-AcousStim_acq-RH_desc-raw,1,0.4645962417125702,0.7527207136154175,0.5552272796630859,0.5042016506195068,0.5042016506195068
minipigs,single-session,hiyb4224,nx1jfuv7,poyo_eeg_neurosoft_8band_sub-02_ses-01_task-AcousStim_acq-LH_desc-raw,finished,NEUROSOFT_INTRASESSION_SINGLESESS,per_channel_resample_cnn,0.2,2.75e-05,0.08,0.5,1,intrasession-block,sub-02,sub-02_ses-01_task-AcousStim_acq-LH_desc-raw,1,0.4511868953704834,0.5952624678611755,0.4790045619010925,0.4574751257896423,0.4574751257896423
minipigs,single-session,hiyb4224,52mxbyeg,poyo_eeg_neurosoft_8band_sub-01_ses-02_task-AcousStim_acq-LH_desc-raw,finished,NEUROSOFT_INTRASESSION_SINGLESESS,per_channel_resample_cnn,0.2,2.75e-05,0.08,0.5,1,intrasession-block,sub-01,sub-01_ses-02_task-AcousStim_acq-LH_desc-raw,1,0.1690678149461746,0.6222774982452393,0.2363165616989135,0.1764229387044906,0.1764229387044906
minipigs,single-session,hiyb4224,rjfz7zwt,poyo_eeg_neurosoft_8band_sub-01_ses-01_task-AcousStim_acq-LH_desc-raw,finished,NEUROSOFT_INTRASESSION_SINGLESESS,per_channel_resample_cnn,0.2,2.75e-05,0.08,0.5,1,intrasession-block,sub-01,sub-01_ses-01_task-AcousStim_acq-LH_desc-raw,1,0.2323549687862396,0.4792934656143189,0.3897875845432281,0.2580526173114776,0.2580526173114776
minipigs,single-session,hiyb4224,8v5lsje2,poyo_eeg_neurosoft_8band_sub-02_ses-01_task-AcousStim_acq-RH_desc-raw,finished,NEUROSOFT_INTRASESSION_SINGLESESS,per_channel_resample_cnn,0.2,2.75e-05,0.08,0.5,1,intrasession-block,sub-02,sub-02_ses-01_task-AcousStim_acq-RH_desc-raw,1,0.0932655036449432,0.4300476312637329,0.1091503351926803,0.1712719351053238,0.1712719351053238
minipigs,single-session,hiyb4224,mkaguemj,poyo_eeg_neurosoft_8band_sub-02_ses-02_task-AcousStim_acq-LH_desc-raw,finished,NEUROSOFT_INTRASESSION_SINGLESESS,per_channel_resample_cnn,0.2,2.75e-05,0.08,0.5,1,intrasession-block,sub-02,sub-02_ses-02_task-AcousStim_acq-LH_desc-raw,1,0.1990889012813568,0.5713204741477966,0.2059614062309265,0.2022235542535781,0.2022235542535781
minipigs,single-session,hiyb4224,mjml1wp6,poyo_eeg_neurosoft_8band_sub-02_ses-02_task-AcousStim_acq-RH_desc-raw,finished,NEUROSOFT_INTRASESSION_SINGLESESS,per_channel_resample_cnn,0.2,2.75e-05,0.08,0.5,1,intrasession-block,sub-02,sub-02_ses-02_task-AcousStim_acq-RH_desc-raw,1,0.0849916487932205,0.5215021371841431,0.1169467866420745,0.1343449503183365,0.1343449503183365
minipigs,single-session,hiyb4224,k6hwhz05,poyo_eeg_neurosoft_8band_sub-03_ses-01_task-AcousStim_acq-RH_desc-raw,finished,NEUROSOFT_INTRASESSION_SINGLESESS,per_channel_resample_cnn,0.2,2.75e-05,0.08,0.5,1,intrasession-block,sub-03,sub-03_ses-01_task-AcousStim_acq-RH_desc-raw,1,0.4538765847682953,0.6964817047119141,0.5313969850540161,0.461467832326889,0.461467832326889
minipigs,single-session,hiyb4224,35oxbsph,poyo_eeg_neurosoft_8band_sub-03_ses-01_task-AcousStim_acq-LH_desc-raw,finished,NEUROSOFT_INTRASESSION_SINGLESESS,per_channel_resample_cnn,0.2,2.75e-05,0.08,0.5,1,intrasession-block,sub-03,sub-03_ses-01_task-AcousStim_acq-LH_desc-raw,1,0.5034130811691284,0.7075678110122681,0.5936607718467712,0.5088140964508057,0.5088140964508057
minipigs,single-session,hiyb4224,edc2cnhh,poyo_eeg_neurosoft_8band_sub-03_ses-03_task-AcousStim_acq-LHanest_desc-raw,finished,NEUROSOFT_INTRASESSION_SINGLESESS,per_channel_resample_cnn,0.2,2.75e-05,0.08,0.5,1,intrasession-block,sub-03,sub-03_ses-03_task-AcousStim_acq-LHanest_desc-raw,1,0.5916313529014587,0.900881052017212,0.6052265167236328,0.5953024625778198,0.5953024625778198
minipigs,single-session,hiyb4224,tqqooon8,poyo_eeg_neurosoft_8band_sub-03_ses-03_task-AcousStim_acq-RHanest_desc-raw,finished,NEUROSOFT_INTRASESSION_SINGLESESS,per_channel_resample_cnn,0.2,2.75e-05,0.08,0.5,1,intrasession-block,sub-03,sub-03_ses-03_task-AcousStim_acq-RHanest_desc-raw,1,0.0437062941491603,0.5431293845176697,0.0264830514788627,0.125,0.125
minipigs,single-session,hiyb4224,yjw5bsv0,poyo_eeg_neurosoft_8band_sub-03_ses-04_task-AcousStim_acq-LHanest_desc-raw,finished,NEUROSOFT_INTRASESSION_SINGLESESS,per_channel_resample_cnn,0.2,2.75e-05,0.08,0.5,1,intrasession-block,sub-03,sub-03_ses-04_task-AcousStim_acq-LHanest_desc-raw,1,0.0714285746216774,0.4584134817123413,0.0509305149316787,0.1428571492433548,0.1428571492433548
minipigs,single-session,hiyb4224,w57lfer0,poyo_eeg_neurosoft_8band_sub-03_ses-04_task-AcousStim_acq-RHanest_desc-raw,finished,NEUROSOFT_INTRASESSION_SINGLESESS,per_channel_resample_cnn,0.2,2.75e-05,0.08,0.5,1,intrasession-block,sub-03,sub-03_ses-04_task-AcousStim_acq-RHanest_desc-raw,1,0.0749668329954147,0.46760293841362,0.0595150887966156,0.1428571492433548,0.1428571492433548
minipigs,single-session,hiyb4224,m2vx1yz8,poyo_eeg_neurosoft_8band_sub-03_ses-06_task-AcousStim_acq-LH_desc-raw,finished,NEUROSOFT_INTRASESSION_SINGLESESS,per_channel_resample_cnn,0.2,2.75e-05,0.08,0.5,1,intrasession-block,sub-03,sub-03_ses-06_task-AcousStim_acq-LH_desc-raw,1,0.5116374492645264,0.8684268593788147,0.5683462619781494,0.5177083015441895,0.5177083015441895
minipigs,single-session,hiyb4224,reg95afl,poyo_eeg_neurosoft_8band_sub-03_ses-06_task-AcousStim_acq-RH_desc-raw,finished,NEUROSOFT_INTRASESSION_SINGLESESS,per_channel_resample_cnn,0.2,2.75e-05,0.08,0.5,1,intrasession-block,sub-03,sub-03_ses-06_task-AcousStim_acq-RH_desc-raw,1,0.0538116581737995,0.5630949139595032,0.0342857129871845,0.125,0.125
minipigs,single-session,hiyb4224,hi31w2dt,poyo_eeg_neurosoft_8band_sub-03_ses-07_task-AcousStim_acq-LHanest_desc-raw,finished,NEUROSOFT_INTRASESSION_SINGLESESS,per_channel_resample_cnn,0.2,2.75e-05,0.08,0.5,1,intrasession-block,sub-03,sub-03_ses-07_task-AcousStim_acq-LHanest_desc-raw,1,0.1160084009170532,0.5925310850143433,0.1993661075830459,0.1873310804367065,0.1873310804367065
minipigs,single-session,hiyb4224,bao2r6hr,poyo_eeg_neurosoft_8band_sub-03_ses-07_task-AcousStim_acq-RH_desc-raw,finished,NEUROSOFT_INTRASESSION_SINGLESESS,per_channel_resample_cnn,0.2,2.75e-05,0.08,0.5,1,intrasession-block,sub-03,sub-03_ses-07_task-AcousStim_acq-RH_desc-raw,1,0.0977868139743805,0.3929471969604492,0.1938775479793548,0.2044082134962082,0.2044082134962082
minipigs,single-session,hiyb4224,c8o80prf,poyo_eeg_neurosoft_8band_sub-03_ses-07_task-AcousStim_acq-RHanest_desc-raw,finished,NEUROSOFT_INTRASESSION_SINGLESESS,per_channel_resample_cnn,0.2,2.75e-05,0.08,0.5,1,intrasession-block,sub-03,sub-03_ses-07_task-AcousStim_acq-RHanest_desc-raw,1,0.3865272104740143,0.7799643278121948,0.4646739363670349,0.3781538605690002,0.3781538605690002
minipigs,single-session,hiyb4224,aetk3m1l,poyo_eeg_neurosoft_8band_sub-04_ses-01_task-AcousStim_acq-LH_desc-raw,finished,NEUROSOFT_INTRASESSION_SINGLESESS,per_channel_resample_cnn,0.2,2.75e-05,0.08,0.5,1,intrasession-block,sub-04,sub-04_ses-01_task-AcousStim_acq-LH_desc-raw,1,0.3034519553184509,0.6754551529884338,0.462979108095169,0.3377101123332977,0.3377101123332977
minipigs,single-session,hiyb4224,kyopvzoo,poyo_eeg_neurosoft_8band_sub-04_ses-01_task-AcousStim_acq-RH_desc-raw,finished,NEUROSOFT_INTRASESSION_SINGLESESS,per_channel_resample_cnn,0.2,2.75e-05,0.08,0.5,1,intrasession-block,sub-04,sub-04_ses-01_task-AcousStim_acq-RH_desc-raw,1,0.6965934038162231,0.8241934776306152,0.7556338310241699,0.6890755891799927,0.6890755891799927
minipigs,single-session,hiyb4224,fzy9abz3,poyo_eeg_neurosoft_8band_sub-04_ses-02_task-AcousStim_acq-LH_desc-raw,finished,NEUROSOFT_INTRASESSION_SINGLESESS,per_channel_resample_cnn,0.2,2.75e-05,0.08,0.5,1,intrasession-block,sub-04,sub-04_ses-02_task-AcousStim_acq-LH_desc-raw,1,0.2395867258310318,0.7591385841369629,0.26827472448349,0.271425187587738,0.271425187587738
minipigs,single-session,hiyb4224,sc850erh,poyo_eeg_neurosoft_8band_sub-04_ses-02_task-AcousStim_acq-RH_desc-raw,finished,NEUROSOFT_INTRASESSION_SINGLESESS,per_channel_resample_cnn,0.2,2.75e-05,0.08,0.5,1,intrasession-block,sub-04,sub-04_ses-02_task-AcousStim_acq-RH_desc-raw,1,0.2984524667263031,0.7447274327278137,0.3885543346405029,0.3186553120613098,0.3186553120613098
minipigs,single-session,hiyb4224,zqy3k77d,poyo_eeg_neurosoft_8band_sub-04_ses-03_task-AcousStim_acq-LH_desc-raw,finished,NEUROSOFT_INTRASESSION_SINGLESESS,per_channel_resample_cnn,0.2,2.75e-05,0.08,0.5,1,intrasession-block,sub-04,sub-04_ses-03_task-AcousStim_acq-LH_desc-raw,1,0.0857645869255065,0.5110394954681396,0.0719067901372909,0.1428571492433548,0.1428571492433548
minipigs,single-session,hiyb4224,o6ut6om5,poyo_eeg_neurosoft_8band_sub-04_ses-03_task-AcousStim_acq-RH_desc-raw,finished,NEUROSOFT_INTRASESSION_SINGLESESS,per_channel_resample_cnn,0.2,2.75e-05,0.08,0.5,1,intrasession-block,sub-04,sub-04_ses-03_task-AcousStim_acq-RH_desc-raw,1,0.0907478332519531,0.521618127822876,0.0697448402643203,0.1516763865947723,0.1516763865947723
minipigs,single-session,hiyb4224,ng6cgvj4,poyo_eeg_neurosoft_8band_sub-04_ses-04_task-AcousStim_acq-LH_desc-raw,finished,NEUROSOFT_INTRASESSION_SINGLESESS,per_channel_resample_cnn,0.2,2.75e-05,0.08,0.5,1,intrasession-block,sub-04,sub-04_ses-04_task-AcousStim_acq-LH_desc-raw,1,0.7060028910636902,0.8284986019134521,0.7643202543258667,0.707431435585022,0.707431435585022
minipigs,single-session,hiyb4224,6c6kiwpe,poyo_eeg_neurosoft_8band_sub-04_ses-04_task-AcousStim_acq-RH_desc-raw,finished,NEUROSOFT_INTRASESSION_SINGLESESS,per_channel_resample_cnn,0.2,2.75e-05,0.08,0.5,1,intrasession-block,sub-04,sub-04_ses-04_task-AcousStim_acq-RH_desc-raw,1,0.4076942205429077,0.7175557613372803,0.5792582631111145,0.4301046431064605,0.4301046431064605
minipigs,single-session,hiyb4224,xljpjon6,poyo_eeg_neurosoft_8band_sub-05_ses-01_task-AcousStim_acq-LH_desc-raw,finished,NEUROSOFT_INTRASESSION_SINGLESESS,per_channel_resample_cnn,0.2,2.75e-05,0.08,0.5,1,intrasession-block,sub-05,sub-05_ses-01_task-AcousStim_acq-LH_desc-raw,1,0.1253968328237533,0.4922851324081421,0.1947368532419204,0.21875,0.21875
minipigs,single-session,hiyb4224,rg0vb92l,poyo_eeg_neurosoft_8band_sub-05_ses-01_task-AcousStim_acq-RH_desc-raw,finished,NEUROSOFT_INTRASESSION_SINGLESESS,per_channel_resample_cnn,0.2,2.75e-05,0.08,0.5,1,intrasession-block,sub-05,sub-05_ses-01_task-AcousStim_acq-RH_desc-raw,1,0.1537955403327942,0.443652331829071,0.1498579680919647,0.21875,0.21875
minipigs,single-session,hiyb4224,q1avcos2,poyo_eeg_neurosoft_8band_sub-05_ses-02_task-AcousStim_acq-RH_desc-raw,finished,NEUROSOFT_INTRASESSION_SINGLESESS,per_channel_resample_cnn,0.2,2.75e-05,0.08,0.5,1,intrasession-block,sub-05,sub-05_ses-02_task-AcousStim_acq-RH_desc-raw,1,0.3919171988964081,0.6665276288986206,0.4675029814243316,0.436516523361206,0.436516523361206
minipigs,single-session,hiyb4224,m25o5fog,poyo_eeg_neurosoft_8band_sub-05_ses-02_task-AcousStim_acq-LH_desc-raw,finished,NEUROSOFT_INTRASESSION_SINGLESESS,per_channel_resample_cnn,0.2,2.75e-05,0.08,0.5,1,intrasession-block,sub-05,sub-05_ses-02_task-AcousStim_acq-LH_desc-raw,1,0.3890571892261505,0.6338180303573608,0.5406879186630249,0.3969329595565796,0.3969329595565796
minipigs,single-session,hiyb4224,4y671l3z,poyo_eeg_neurosoft_8band_sub-06_ses-02_task-AcousStim_acq-LH_desc-raw,finished,NEUROSOFT_INTRASESSION_SINGLESESS,per_channel_resample_cnn,0.2,2.75e-05,0.08,0.5,1,intrasession-block,sub-06,sub-06_ses-02_task-AcousStim_acq-LH_desc-raw,1,0.0771249234676361,0.5512949228286743,0.161572590470314,0.13621386885643,0.13621386885643
minipigs,single-session,hiyb4224,lofmmrdl,poyo_eeg_neurosoft_8band_sub-06_ses-02_task-AcousStim_acq-RH_desc-raw,finished,NEUROSOFT_INTRASESSION_SINGLESESS,per_channel_resample_cnn,0.2,2.75e-05,0.08,0.5,1,intrasession-block,sub-06,sub-06_ses-02_task-AcousStim_acq-RH_desc-raw,1,0.3417227268218994,0.759217381477356,0.380430519580841,0.3528307676315307,0.3528307676315307
minipigs,single-session,hiyb4224,cde5hlxj,poyo_eeg_neurosoft_8band_sub-07_ses-01_task-AcousStim_acq-LH_desc-raw,finished,NEUROSOFT_INTRASESSION_SINGLESESS,per_channel_resample_cnn,0.2,2.75e-05,0.08,0.5,1,intrasession-block,sub-07,sub-07_ses-01_task-AcousStim_acq-LH_desc-raw,1,0.0546218492090702,0.4956824779510498,0.0337662324309349,0.1428571492433548,0.1428571492433548
minipigs,single-session,hiyb4224,iw9qms7l,poyo_eeg_neurosoft_8band_sub-07_ses-01_task-AcousStim_acq-RH_desc-raw,finished,NEUROSOFT_INTRASESSION_SINGLESESS,per_channel_resample_cnn,0.2,2.75e-05,0.08,0.5,1,intrasession-block,sub-07,sub-07_ses-01_task-AcousStim_acq-RH_desc-raw,1,0.8970755338668823,0.36279296875,0.9019608497619628,0.8958333730697632,0.8958333730697632
minipigs,single-session,hiyb4224,xbrnjr4n,poyo_eeg_neurosoft_8band_sub-07_ses-02_task-AcousStim_acq-LH_desc-raw,finished,NEUROSOFT_INTRASESSION_SINGLESESS,per_channel_resample_cnn,0.2,2.75e-05,0.08,0.5,1,intrasession-block,sub-07,sub-07_ses-02_task-AcousStim_acq-LH_desc-raw,1,0.8215948939323425,0.836365818977356,0.8377900123596191,0.815018355846405,0.815018355846405
minipigs,single-session,hiyb4224,rhsph091,poyo_eeg_neurosoft_8band_sub-07_ses-02_task-AcousStim_acq-RH_desc-raw,finished,NEUROSOFT_INTRASESSION_SINGLESESS,per_channel_resample_cnn,0.2,2.75e-05,0.08,0.5,1,intrasession-block,sub-07,sub-07_ses-02_task-AcousStim_acq-RH_desc-raw,1,0.2435291409492492,0.6704436540603638,0.3623473048210144,0.338435411453247,0.338435411453247
minipigs,single-session,hiyb4224,ws8nl0zo,poyo_eeg_neurosoft_8band_sub-07_ses-03_task-AcousStim_acq-LH_desc-raw,finished,NEUROSOFT_INTRASESSION_SINGLESESS,per_channel_resample_cnn,0.2,2.75e-05,0.08,0.5,1,intrasession-block,sub-07,sub-07_ses-03_task-AcousStim_acq-LH_desc-raw,1,0.2282574623823166,0.5178989171981812,0.4265501499176025,0.2885400354862213,0.2885400354862213
minipigs,single-session,hiyb4224,491m8pda,poyo_eeg_neurosoft_8band_sub-07_ses-03_task-AcousStim_acq-RH_desc-raw,finished,NEUROSOFT_INTRASESSION_SINGLESESS,per_channel_resample_cnn,0.2,2.75e-05,0.08,0.5,1,intrasession-block,sub-07,sub-07_ses-03_task-AcousStim_acq-RH_desc-raw,1,0.4755201935768127,0.728855311870575,0.5484384298324585,0.5167451500892639,0.5167451500892639
minipigs,single-session,hiyb4224,oj1g4df2,poyo_eeg_neurosoft_8band_sub-07_ses-04_task-AcousStim_acq-LH_desc-raw,finished,NEUROSOFT_INTRASESSION_SINGLESESS,per_channel_resample_cnn,0.2,2.75e-05,0.08,0.5,1,intrasession-block,sub-07,sub-07_ses-04_task-AcousStim_acq-LH_desc-raw,1,0.125,0.3755497932434082,0.1153846234083175,0.2029914557933807,0.2029914557933807
minipigs,single-session,hiyb4224,w7gx8hjz,poyo_eeg_neurosoft_8band_sub-07_ses-04_task-AcousStim_acq-RH_desc-raw,finished,NEUROSOFT_INTRASESSION_SINGLESESS,per_channel_resample_cnn,0.2,2.75e-05,0.08,0.5,1,intrasession-block,sub-07,sub-07_ses-04_task-AcousStim_acq-RH_desc-raw,1,0.405763566493988,0.508834719657898,0.431517094373703,0.4242978990077972,0.4242978990077972
minipigs,single-session,hiyb4224,ymbvsme4,poyo_eeg_neurosoft_8band_sub-07_ses-05_task-AcousStim_acq-LH_desc-raw,finished,NEUROSOFT_INTRASESSION_SINGLESESS,per_channel_resample_cnn,0.2,2.75e-05,0.08,0.5,1,intrasession-block,sub-07,sub-07_ses-05_task-AcousStim_acq-LH_desc-raw,1,0.1346469670534134,0.4843545258045196,0.1737013012170791,0.2095864713191986,0.2095864713191986
minipigs,single-session,hiyb4224,sr96uceu,poyo_eeg_neurosoft_8band_sub-07_ses-05_task-AcousStim_acq-RH_desc-raw,finished,NEUROSOFT_INTRASESSION_SINGLESESS,per_channel_resample_cnn,0.2,2.75e-05,0.08,0.5,1,intrasession-block,sub-07,sub-07_ses-05_task-AcousStim_acq-RH_desc-raw,1,0.6131823062896729,0.7866189479827881,0.6222016215324402,0.6180205345153809,0.6180205345153809
minipigs,single-session,hiyb4224,f3bypwzs,poyo_eeg_neurosoft_8band_sub-01_ses-01_task-AcousStim_acq-LH_desc-raw,finished,NEUROSOFT_INTRASESSION_SINGLESESS,per_channel_resample_cnn,0.2,2.75e-05,0.08,0.5,2,intrasession-block,sub-01,sub-01_ses-01_task-AcousStim_acq-LH_desc-raw,1,0.2777353227138519,0.4839418232440949,0.346334159374237,0.2871376872062683,0.2871376872062683
minipigs,single-session,hiyb4224,lvye4ybg,poyo_eeg_neurosoft_8band_sub-01_ses-02_task-AcousStim_acq-LH_desc-raw,finished,NEUROSOFT_INTRASESSION_SINGLESESS,per_channel_resample_cnn,0.2,2.75e-05,0.08,0.5,2,intrasession-block,sub-01,sub-01_ses-02_task-AcousStim_acq-LH_desc-raw,1,0.1704030334949493,0.6132574081420898,0.1862090229988098,0.1865527331829071,0.1865527331829071
minipigs,single-session,hiyb4224,2u42se54,poyo_eeg_neurosoft_8band_sub-02_ses-01_task-AcousStim_acq-LH_desc-raw,finished,NEUROSOFT_INTRASESSION_SINGLESESS,per_channel_resample_cnn,0.2,2.75e-05,0.08,0.5,2,intrasession-block,sub-02,sub-02_ses-01_task-AcousStim_acq-LH_desc-raw,1,0.4888318181037903,0.6273651123046875,0.6164804697036743,0.4924297928810119,0.4924297928810119
minipigs,single-session,hiyb4224,3sje012b,poyo_eeg_neurosoft_8band_sub-02_ses-01_task-AcousStim_acq-RH_desc-raw,finished,NEUROSOFT_INTRASESSION_SINGLESESS,per_channel_resample_cnn,0.2,2.75e-05,0.08,0.5,2,intrasession-block,sub-02,sub-02_ses-01_task-AcousStim_acq-RH_desc-raw,1,0.1056225001811981,0.4436563849449157,0.0840773805975914,0.1807017475366592,0.1807017475366592
minipigs,single-session,hiyb4224,v03zyxu4,poyo_eeg_neurosoft_8band_sub-02_ses-02_task-AcousStim_acq-LH_desc-raw,finished,NEUROSOFT_INTRASESSION_SINGLESESS,per_channel_resample_cnn,0.2,2.75e-05,0.08,0.5,2,intrasession-block,sub-02,sub-02_ses-02_task-AcousStim_acq-LH_desc-raw,1,0.1929401308298111,0.5605282783508301,0.2171464562416076,0.1938565373420715,0.1938565373420715
minipigs,single-session,hiyb4224,maunq15w,poyo_eeg_neurosoft_8band_sub-02_ses-02_task-AcousStim_acq-RH_desc-raw,finished,NEUROSOFT_INTRASESSION_SINGLESESS,per_channel_resample_cnn,0.2,2.75e-05,0.08,0.5,2,intrasession-block,sub-02,sub-02_ses-02_task-AcousStim_acq-RH_desc-raw,1,0.066596582531929,0.5530421733856201,0.068178467452526,0.1271306872367859,0.1271306872367859
minipigs,single-session,hiyb4224,26hoxwyx,poyo_eeg_neurosoft_8band_sub-03_ses-01_task-AcousStim_acq-LH_desc-raw,finished,NEUROSOFT_INTRASESSION_SINGLESESS,per_channel_resample_cnn,0.2,2.75e-05,0.08,0.5,2,intrasession-block,sub-03,sub-03_ses-01_task-AcousStim_acq-LH_desc-raw,1,0.4897781908512115,0.7018978595733643,0.5203285813331604,0.4801676273345947,0.4801676273345947
minipigs,single-session,hiyb4224,kdhuuyem,poyo_eeg_neurosoft_8band_sub-03_ses-01_task-AcousStim_acq-RH_desc-raw,finished,NEUROSOFT_INTRASESSION_SINGLESESS,per_channel_resample_cnn,0.2,2.75e-05,0.08,0.5,2,intrasession-block,sub-03,sub-03_ses-01_task-AcousStim_acq-RH_desc-raw,1,0.050606220960617,0.5166226625442505,0.0307495184242725,0.1428571492433548,0.1428571492433548
minipigs,single-session,hiyb4224,4guzapno,poyo_eeg_neurosoft_8band_sub-03_ses-03_task-AcousStim_acq-RHanest_desc-raw,finished,NEUROSOFT_INTRASESSION_SINGLESESS,per_channel_resample_cnn,0.2,2.75e-05,0.08,0.5,2,intrasession-block,sub-03,sub-03_ses-03_task-AcousStim_acq-RHanest_desc-raw,1,0.0437062941491603,0.5537368655204773,0.0264830514788627,0.125,0.125
minipigs,single-session,hiyb4224,rqy3olsf,poyo_eeg_neurosoft_8band_sub-03_ses-03_task-AcousStim_acq-LHanest_desc-raw,finished,NEUROSOFT_INTRASESSION_SINGLESESS,per_channel_resample_cnn,0.2,2.75e-05,0.08,0.5,2,intrasession-block,sub-03,sub-03_ses-03_task-AcousStim_acq-LHanest_desc-raw,1,0.6215957403182983,0.9061833024024964,0.6302605867385864,0.6281310319900513,0.6281310319900513
minipigs,single-session,hiyb4224,3sq3aml5,poyo_eeg_neurosoft_8band_sub-03_ses-04_task-AcousStim_acq-LHanest_desc-raw,finished,NEUROSOFT_INTRASESSION_SINGLESESS,per_channel_resample_cnn,0.2,2.75e-05,0.08,0.5,2,intrasession-block,sub-03,sub-03_ses-04_task-AcousStim_acq-LHanest_desc-raw,1,0.6239255666732788,0.80690598487854,0.6415222883224487,0.632768988609314,0.632768988609314
minipigs,single-session,hiyb4224,vk2yz9yk,poyo_eeg_neurosoft_8band_sub-03_ses-04_task-AcousStim_acq-RHanest_desc-raw,finished,NEUROSOFT_INTRASESSION_SINGLESESS,per_channel_resample_cnn,0.2,2.75e-05,0.08,0.5,2,intrasession-block,sub-03,sub-03_ses-04_task-AcousStim_acq-RHanest_desc-raw,1,0.0779074430465698,0.4822705090045929,0.1026490107178688,0.1469387859106063,0.1469387859106063
minipigs,single-session,hiyb4224,i6xs6l7y,poyo_eeg_neurosoft_8band_sub-03_ses-06_task-AcousStim_acq-LH_desc-raw,finished,NEUROSOFT_INTRASESSION_SINGLESESS,per_channel_resample_cnn,0.2,2.75e-05,0.08,0.5,2,intrasession-block,sub-03,sub-03_ses-06_task-AcousStim_acq-LH_desc-raw,1,0.5530992746353149,0.8754864931106567,0.5784271359443665,0.5518229007720947,0.5518229007720947
minipigs,single-session,hiyb4224,cag8qkt6,poyo_eeg_neurosoft_8band_sub-03_ses-06_task-AcousStim_acq-RH_desc-raw,finished,NEUROSOFT_INTRASESSION_SINGLESESS,per_channel_resample_cnn,0.2,2.75e-05,0.08,0.5,2,intrasession-block,sub-03,sub-03_ses-06_task-AcousStim_acq-RH_desc-raw,1,0.0544778443872928,0.5433295965194702,0.0407608672976493,0.125,0.125
minipigs,single-session,hiyb4224,1lg1zwma,poyo_eeg_neurosoft_8band_sub-03_ses-07_task-AcousStim_acq-LHanest_desc-raw,finished,NEUROSOFT_INTRASESSION_SINGLESESS,per_channel_resample_cnn,0.2,2.75e-05,0.08,0.5,2,intrasession-block,sub-03,sub-03_ses-07_task-AcousStim_acq-LHanest_desc-raw,1,0.1230105683207512,0.64167320728302,0.1091780513525009,0.1926172524690628,0.1926172524690628
minipigs,single-session,hiyb4224,7w0ztyyn,poyo_eeg_neurosoft_8band_sub-03_ses-07_task-AcousStim_acq-RH_desc-raw,finished,NEUROSOFT_INTRASESSION_SINGLESESS,per_channel_resample_cnn,0.2,2.75e-05,0.08,0.5,2,intrasession-block,sub-03,sub-03_ses-07_task-AcousStim_acq-RH_desc-raw,1,0.0787475928664207,0.420066088438034,0.0577981658279895,0.1666666716337204,0.1666666716337204
minipigs,single-session,hiyb4224,yta9q1mm,poyo_eeg_neurosoft_8band_sub-03_ses-07_task-AcousStim_acq-RHanest_desc-raw,finished,NEUROSOFT_INTRASESSION_SINGLESESS,per_channel_resample_cnn,0.2,2.75e-05,0.08,0.5,2,intrasession-block,sub-03,sub-03_ses-07_task-AcousStim_acq-RHanest_desc-raw,1,0.0471938773989677,0.5903325080871582,0.0290880501270294,0.125,0.125
minipigs,single-session,hiyb4224,nh26muwf,poyo_eeg_neurosoft_8band_sub-04_ses-01_task-AcousStim_acq-LH_desc-raw,finished,NEUROSOFT_INTRASESSION_SINGLESESS,per_channel_resample_cnn,0.2,2.75e-05,0.08,0.5,2,intrasession-block,sub-04,sub-04_ses-01_task-AcousStim_acq-LH_desc-raw,1,0.6395676136016846,0.8099036812782288,0.6999980807304382,0.6617647409439087,0.6617647409439087
minipigs,single-session,hiyb4224,hhpy5our,poyo_eeg_neurosoft_8band_sub-04_ses-01_task-AcousStim_acq-RH_desc-raw,finished,NEUROSOFT_INTRASESSION_SINGLESESS,per_channel_resample_cnn,0.2,2.75e-05,0.08,0.5,2,intrasession-block,sub-04,sub-04_ses-01_task-AcousStim_acq-RH_desc-raw,1,0.7200040817260742,0.8208472728729248,0.7518118619918823,0.7297794222831726,0.7297794222831726
minipigs,single-session,hiyb4224,lyzz2cm2,poyo_eeg_neurosoft_8band_sub-04_ses-02_task-AcousStim_acq-LH_desc-raw,finished,NEUROSOFT_INTRASESSION_SINGLESESS,per_channel_resample_cnn,0.2,2.75e-05,0.08,0.5,2,intrasession-block,sub-04,sub-04_ses-02_task-AcousStim_acq-LH_desc-raw,1,0.2632424831390381,0.7499027252197266,0.3152924478054046,0.2874053120613098,0.2874053120613098
minipigs,single-session,hiyb4224,70kedibh,poyo_eeg_neurosoft_8band_sub-04_ses-02_task-AcousStim_acq-RH_desc-raw,finished,NEUROSOFT_INTRASESSION_SINGLESESS,per_channel_resample_cnn,0.2,2.75e-05,0.08,0.5,2,intrasession-block,sub-04,sub-04_ses-02_task-AcousStim_acq-RH_desc-raw,1,0.3913583159446716,0.7467758655548096,0.3905536830425262,0.412997156381607,0.412997156381607
minipigs,single-session,hiyb4224,z5df65hj,poyo_eeg_neurosoft_8band_sub-04_ses-03_task-AcousStim_acq-RH_desc-raw,finished,NEUROSOFT_INTRASESSION_SINGLESESS,per_channel_resample_cnn,0.2,2.75e-05,0.08,0.5,2,intrasession-block,sub-04,sub-04_ses-03_task-AcousStim_acq-RH_desc-raw,1,0.0725837498903274,0.4834983944892883,0.145341619849205,0.1547619104385376,0.1547619104385376
minipigs,single-session,hiyb4224,ut36vwnl,poyo_eeg_neurosoft_8band_sub-04_ses-04_task-AcousStim_acq-LH_desc-raw,finished,NEUROSOFT_INTRASESSION_SINGLESESS,per_channel_resample_cnn,0.2,2.75e-05,0.08,0.5,2,intrasession-block,sub-04,sub-04_ses-04_task-AcousStim_acq-LH_desc-raw,1,0.7520169019699097,0.8368722200393677,0.7912797331809998,0.7615439891815186,0.7615439891815186
minipigs,single-session,hiyb4224,rioz24he,poyo_eeg_neurosoft_8band_sub-04_ses-03_task-AcousStim_acq-LH_desc-raw,finished,NEUROSOFT_INTRASESSION_SINGLESESS,per_channel_resample_cnn,0.2,2.75e-05,0.08,0.5,2,intrasession-block,sub-04,sub-04_ses-03_task-AcousStim_acq-LH_desc-raw,1,0.0578661859035491,0.4832688570022583,0.0362811796367168,0.1428571492433548,0.1428571492433548
minipigs,single-session,hiyb4224,m0xjrh6z,poyo_eeg_neurosoft_8band_sub-04_ses-04_task-AcousStim_acq-RH_desc-raw,finished,NEUROSOFT_INTRASESSION_SINGLESESS,per_channel_resample_cnn,0.2,2.75e-05,0.08,0.5,2,intrasession-block,sub-04,sub-04_ses-04_task-AcousStim_acq-RH_desc-raw,1,0.3328248262405395,0.7147879600524902,0.431399941444397,0.4014249742031097,0.4014249742031097
minipigs,single-session,hiyb4224,d6r546xi,poyo_eeg_neurosoft_8band_sub-05_ses-01_task-AcousStim_acq-LH_desc-raw,finished,NEUROSOFT_INTRASESSION_SINGLESESS,per_channel_resample_cnn,0.2,2.75e-05,0.08,0.5,2,intrasession-block,sub-05,sub-05_ses-01_task-AcousStim_acq-LH_desc-raw,1,0.0970418453216552,0.4301758110523224,0.1117021292448043,0.1979166716337204,0.1979166716337204
minipigs,single-session,hiyb4224,o9a2sa45,poyo_eeg_neurosoft_8band_sub-05_ses-01_task-AcousStim_acq-RH_desc-raw,finished,NEUROSOFT_INTRASESSION_SINGLESESS,per_channel_resample_cnn,0.2,2.75e-05,0.08,0.5,2,intrasession-block,sub-05,sub-05_ses-01_task-AcousStim_acq-RH_desc-raw,1,0.1250194311141967,0.414843738079071,0.1536601334810257,0.2083333283662796,0.2083333283662796
minipigs,single-session,hiyb4224,ko73ujuz,poyo_eeg_neurosoft_8band_sub-05_ses-02_task-AcousStim_acq-LH_desc-raw,finished,NEUROSOFT_INTRASESSION_SINGLESESS,per_channel_resample_cnn,0.2,2.75e-05,0.08,0.5,2,intrasession-block,sub-05,sub-05_ses-02_task-AcousStim_acq-LH_desc-raw,1,0.4152331948280334,0.6594733595848083,0.5078187584877014,0.4103243947029114,0.4103243947029114
minipigs,single-session,hiyb4224,4o93zomn,poyo_eeg_neurosoft_8band_sub-05_ses-02_task-AcousStim_acq-RH_desc-raw,finished,NEUROSOFT_INTRASESSION_SINGLESESS,per_channel_resample_cnn,0.2,2.75e-05,0.08,0.5,2,intrasession-block,sub-05,sub-05_ses-02_task-AcousStim_acq-RH_desc-raw,1,0.0586400516331195,0.5050849318504333,0.0368916802108287,0.1428571492433548,0.1428571492433548
minipigs,single-session,hiyb4224,vnv3nsju,poyo_eeg_neurosoft_8band_sub-06_ses-02_task-AcousStim_acq-LH_desc-raw,finished,NEUROSOFT_INTRASESSION_SINGLESESS,per_channel_resample_cnn,0.2,2.75e-05,0.08,0.5,2,intrasession-block,sub-06,sub-06_ses-02_task-AcousStim_acq-LH_desc-raw,1,0.0422413796186447,0.5169069766998291,0.0254149381071329,0.125,0.125
minipigs,single-session,hiyb4224,gvntl1ne,poyo_eeg_neurosoft_8band_sub-07_ses-01_task-AcousStim_acq-LH_desc-raw,finished,NEUROSOFT_INTRASESSION_SINGLESESS,per_channel_resample_cnn,0.2,2.75e-05,0.08,0.5,2,intrasession-block,sub-07,sub-07_ses-01_task-AcousStim_acq-LH_desc-raw,1,0.0563086569309234,0.5073997974395752,0.0350649356842041,0.1428571492433548,0.1428571492433548
minipigs,single-session,hiyb4224,i6xyyqvu,poyo_eeg_neurosoft_8band_sub-06_ses-02_task-AcousStim_acq-RH_desc-raw,finished,NEUROSOFT_INTRASESSION_SINGLESESS,per_channel_resample_cnn,0.2,2.75e-05,0.08,0.5,2,intrasession-block,sub-06,sub-06_ses-02_task-AcousStim_acq-RH_desc-raw,1,0.0798022598028183,0.5288639664649963,0.0719697028398513,0.1391900479793548,0.1391900479793548
minipigs,single-session,hiyb4224,3qricop1,poyo_eeg_neurosoft_8band_sub-07_ses-01_task-AcousStim_acq-RH_desc-raw,finished,NEUROSOFT_INTRASESSION_SINGLESESS,per_channel_resample_cnn,0.2,2.75e-05,0.08,0.5,2,intrasession-block,sub-07,sub-07_ses-01_task-AcousStim_acq-RH_desc-raw,1,0.7335858345031738,0.3217747211456299,0.7444444298744202,0.7377451062202454,0.7377451062202454
minipigs,single-session,hiyb4224,flq96y5d,poyo_eeg_neurosoft_8band_sub-07_ses-02_task-AcousStim_acq-LH_desc-raw,finished,NEUROSOFT_INTRASESSION_SINGLESESS,per_channel_resample_cnn,0.2,2.75e-05,0.08,0.5,2,intrasession-block,sub-07,sub-07_ses-02_task-AcousStim_acq-LH_desc-raw,1,0.6533830761909485,0.8044888973236084,0.6776044964790344,0.6533883213996887,0.6533883213996887
minipigs,single-session,hiyb4224,1hrpjbyx,poyo_eeg_neurosoft_8band_sub-07_ses-02_task-AcousStim_acq-RH_desc-raw,finished,NEUROSOFT_INTRASESSION_SINGLESESS,per_channel_resample_cnn,0.2,2.75e-05,0.08,0.5,2,intrasession-block,sub-07,sub-07_ses-02_task-AcousStim_acq-RH_desc-raw,1,0.3100529313087463,0.6910694241523743,0.5349447131156921,0.3538574576377868,0.3538574576377868
minipigs,single-session,hiyb4224,9w5mw5y9,poyo_eeg_neurosoft_8band_sub-07_ses-03_task-AcousStim_acq-LH_desc-raw,finished,NEUROSOFT_INTRASESSION_SINGLESESS,per_channel_resample_cnn,0.2,2.75e-05,0.08,0.5,2,intrasession-block,sub-07,sub-07_ses-03_task-AcousStim_acq-LH_desc-raw,1,0.2112468928098678,0.5498636364936829,0.3614338040351867,0.2578754723072052,0.2578754723072052
minipigs,single-session,hiyb4224,oj362rpr,poyo_eeg_neurosoft_8band_sub-07_ses-03_task-AcousStim_acq-RH_desc-raw,finished,NEUROSOFT_INTRASESSION_SINGLESESS,per_channel_resample_cnn,0.2,2.75e-05,0.08,0.5,2,intrasession-block,sub-07,sub-07_ses-03_task-AcousStim_acq-RH_desc-raw,1,0.1103471666574478,0.5742089748382568,0.1187675073742866,0.2133699655532837,0.2133699655532837
minipigs,single-session,hiyb4224,tebd194v,poyo_eeg_neurosoft_8band_sub-07_ses-04_task-AcousStim_acq-LH_desc-raw,finished,NEUROSOFT_INTRASESSION_SINGLESESS,per_channel_resample_cnn,0.2,2.75e-05,0.08,0.5,2,intrasession-block,sub-07,sub-07_ses-04_task-AcousStim_acq-LH_desc-raw,1,0.1480782777070999,0.4072808921337128,0.2044025212526321,0.2115384638309478,0.2115384638309478
minipigs,single-session,hiyb4224,loej7gx5,poyo_eeg_neurosoft_8band_sub-07_ses-04_task-AcousStim_acq-RH_desc-raw,finished,NEUROSOFT_INTRASESSION_SINGLESESS,per_channel_resample_cnn,0.2,2.75e-05,0.08,0.5,2,intrasession-block,sub-07,sub-07_ses-04_task-AcousStim_acq-RH_desc-raw,1,0.3678559064865112,0.5068997144699097,0.4698413014411926,0.3597375154495239,0.3597375154495239
minipigs,single-session,hiyb4224,xxel3ul1,poyo_eeg_neurosoft_8band_sub-07_ses-05_task-AcousStim_acq-LH_desc-raw,finished,NEUROSOFT_INTRASESSION_SINGLESESS,per_channel_resample_cnn,0.2,2.75e-05,0.08,0.5,2,intrasession-block,sub-07,sub-07_ses-05_task-AcousStim_acq-LH_desc-raw,1,0.1132220327854156,0.4409732222557068,0.1890109926462173,0.1602443605661392,0.1602443605661392
minipigs,single-session,hiyb4224,qvy0pea2,poyo_eeg_neurosoft_8band_sub-07_ses-05_task-AcousStim_acq-RH_desc-raw,finished,NEUROSOFT_INTRASESSION_SINGLESESS,per_channel_resample_cnn,0.2,2.75e-05,0.08,0.5,2,intrasession-block,sub-07,sub-07_ses-05_task-AcousStim_acq-RH_desc-raw,1,0.4762942492961883,0.7694985866546631,0.5651527643203735,0.5071428418159485,0.5071428418159485
minipigs,single-subject,4k9zt970,qx42ux8j,poyo_eeg_neurosoft_8band_sub-01,finished,NEUROSOFT_INTRASESSION_SINGLESUBJ,per_channel_resample_cnn,0.2,2.75e-05,0.08,0.5,0,intrasession-block,sub-01,,2,0.233540877699852,0.7110577821731567,0.3390262424945831,0.2386573851108551,0.2386573851108551
minipigs,single-subject,4k9zt970,hi8yd7jm,poyo_eeg_neurosoft_8band_sub-02,finished,NEUROSOFT_INTRASESSION_SINGLESUBJ,per_channel_resample_cnn,0.2,2.75e-05,0.08,0.5,0,intrasession-block,sub-02,,4,0.2487644702196121,0.6851985454559326,0.3878411054611206,0.2465079873800277,0.2465079873800277
minipigs,single-subject,4k9zt970,2d0o0i1p,poyo_eeg_neurosoft_8band_sub-03,finished,NEUROSOFT_INTRASESSION_SINGLESUBJ,per_channel_resample_cnn,0.2,2.75e-05,0.08,0.5,0,intrasession-block,sub-03,,11,0.40876305103302,0.8090107440948486,0.4158369302749634,0.4132379591464996,0.4132379591464996
minipigs,single-subject,4k9zt970,67do0qdf,poyo_eeg_neurosoft_8band_sub-04,finished,NEUROSOFT_INTRASESSION_SINGLESUBJ,per_channel_resample_cnn,0.2,2.75e-05,0.08,0.5,0,intrasession-block,sub-04,,8,0.4215026795864105,0.8411633968353271,0.5526872277259827,0.4252834022045135,0.4252834022045135
minipigs,single-subject,4k9zt970,z4tg8uy6,poyo_eeg_neurosoft_8band_sub-05,finished,NEUROSOFT_INTRASESSION_SINGLESUBJ,per_channel_resample_cnn,0.2,2.75e-05,0.08,0.5,0,intrasession-block,sub-05,,4,0.379277229309082,0.655701756477356,0.4758569598197937,0.380488634109497,0.380488634109497
minipigs,single-subject,4k9zt970,fydcl0k7,poyo_eeg_neurosoft_8band_sub-06,finished,NEUROSOFT_INTRASESSION_SINGLESUBJ,per_channel_resample_cnn,0.2,2.75e-05,0.08,0.5,0,intrasession-block,sub-06,,2,0.0712639465928077,0.5256062746047974,0.050516664981842,0.1269398331642151,0.1269398331642151
minipigs,single-subject,4k9zt970,4cuyb12v,poyo_eeg_neurosoft_8band_sub-07,finished,NEUROSOFT_INTRASESSION_SINGLESUBJ,per_channel_resample_cnn,0.2,2.75e-05,0.08,0.5,0,intrasession-block,sub-07,,10,0.434121698141098,0.6703723669052124,0.4367641806602478,0.435992419719696,0.435992419719696
minipigs,single-subject,4k9zt970,23fcc3jy,poyo_eeg_neurosoft_8band_sub-01,finished,NEUROSOFT_INTRASESSION_SINGLESUBJ,per_channel_resample_cnn,0.2,2.75e-05,0.08,0.5,1,intrasession-block,sub-01,,2,0.238535925745964,0.7215888500213623,0.34131920337677,0.2489718496799469,0.2489718496799469
minipigs,single-subject,4k9zt970,nyliamzt,poyo_eeg_neurosoft_8band_sub-02,finished,NEUROSOFT_INTRASESSION_SINGLESUBJ,per_channel_resample_cnn,0.2,2.75e-05,0.08,0.5,1,intrasession-block,sub-02,,4,0.2802519798278808,0.6967569589614868,0.3685891032218933,0.2730045914649963,0.2730045914649963
minipigs,single-subject,4k9zt970,e6b3a8d9,poyo_eeg_neurosoft_8band_sub-03,finished,NEUROSOFT_INTRASESSION_SINGLESUBJ,per_channel_resample_cnn,0.2,2.75e-05,0.08,0.5,1,intrasession-block,sub-03,,11,0.4147689640522003,0.8218649625778198,0.4287260174751282,0.4140209555625915,0.4140209555625915
minipigs,single-subject,4k9zt970,zpcv76fh,poyo_eeg_neurosoft_8band_sub-04,finished,NEUROSOFT_INTRASESSION_SINGLESUBJ,per_channel_resample_cnn,0.2,2.75e-05,0.08,0.5,1,intrasession-block,sub-04,,8,0.4075101017951965,0.8299001455307007,0.4703547060489654,0.4107875823974609,0.4107875823974609
minipigs,single-subject,4k9zt970,c2lv9568,poyo_eeg_neurosoft_8band_sub-05,finished,NEUROSOFT_INTRASESSION_SINGLESUBJ,per_channel_resample_cnn,0.2,2.75e-05,0.08,0.5,1,intrasession-block,sub-05,,4,0.3551036417484283,0.6426961421966553,0.4019242525100708,0.3507175743579864,0.3507175743579864
minipigs,single-subject,4k9zt970,anvp4shl,poyo_eeg_neurosoft_8band_sub-06,finished,NEUROSOFT_INTRASESSION_SINGLESUBJ,per_channel_resample_cnn,0.2,2.75e-05,0.08,0.5,1,intrasession-block,sub-06,,2,0.0715323686599731,0.5205422639846802,0.0667199715971946,0.1264083832502365,0.1264083832502365
minipigs,single-subject,4k9zt970,nw94nw2u,poyo_eeg_neurosoft_8band_sub-07,finished,NEUROSOFT_INTRASESSION_SINGLESUBJ,per_channel_resample_cnn,0.2,2.75e-05,0.08,0.5,1,intrasession-block,sub-07,,10,0.4785647988319397,0.6906800270080566,0.4833910465240478,0.4788113236427307,0.4788113236427307
minipigs,single-subject,4k9zt970,lpcmdgri,poyo_eeg_neurosoft_8band_sub-01,finished,NEUROSOFT_INTRASESSION_SINGLESUBJ,per_channel_resample_cnn,0.2,2.75e-05,0.08,0.5,2,intrasession-block,sub-01,,2,0.2182534039020538,0.7057923078536987,0.2940497398376465,0.2245525866746902,0.2245525866746902
minipigs,single-subject,4k9zt970,5tcezdjy,poyo_eeg_neurosoft_8band_sub-02,finished,NEUROSOFT_INTRASESSION_SINGLESUBJ,per_channel_resample_cnn,0.2,2.75e-05,0.08,0.5,2,intrasession-block,sub-02,,4,0.2594692409038543,0.7049822807312012,0.3757957816123962,0.2573439478874206,0.2573439478874206
minipigs,single-subject,4k9zt970,zwg7hn7z,poyo_eeg_neurosoft_8band_sub-03,finished,NEUROSOFT_INTRASESSION_SINGLESUBJ,per_channel_resample_cnn,0.2,2.75e-05,0.08,0.5,2,intrasession-block,sub-03,,11,0.4303188025951385,0.8299835324287415,0.4453206062316894,0.4359019994735718,0.4359019994735718
minipigs,single-subject,4k9zt970,6abumjyx,poyo_eeg_neurosoft_8band_sub-04,finished,NEUROSOFT_INTRASESSION_SINGLESUBJ,per_channel_resample_cnn,0.2,2.75e-05,0.08,0.5,2,intrasession-block,sub-04,,8,0.410905510187149,0.8377829790115356,0.5058221220970154,0.4198570847511291,0.4198570847511291
minipigs,single-subject,4k9zt970,2djhcs5f,poyo_eeg_neurosoft_8band_sub-05,finished,NEUROSOFT_INTRASESSION_SINGLESUBJ,per_channel_resample_cnn,0.2,2.75e-05,0.08,0.5,2,intrasession-block,sub-05,,4,0.3477715253829956,0.6314955949783325,0.361819863319397,0.3477322459220886,0.3477322459220886
minipigs,single-subject,4k9zt970,qwin17pp,poyo_eeg_neurosoft_8band_sub-07,finished,NEUROSOFT_INTRASESSION_SINGLESUBJ,per_channel_resample_cnn,0.2,2.75e-05,0.08,0.5,2,intrasession-block,sub-07,,10,0.4144695997238159,0.659170925617218,0.4221122860908508,0.4137729406356811,0.4137729406356811
minipigs,single-subject,4k9zt970,mh9yqk4r,poyo_eeg_neurosoft_8band_sub-06,finished,NEUROSOFT_INTRASESSION_SINGLESUBJ,per_channel_resample_cnn,0.2,2.75e-05,0.08,0.5,2,intrasession-block,sub-06,,2,0.20182666182518,0.6220629215240479,0.2556891143321991,0.2054006308317184,0.2054006308317184
minipigs,multi-subject,47jd29ds,skkz2nec,poyo_eeg_neurosoft_8band,finished,NEUROSOFT_INTRASESSION_MULTISUBJ,per_channel_resample_cnn,0.2,2.75e-05,0.08,0.5,0,intrasession-block,,,41,0.3627350926399231,0.7824782133102417,0.3791374564170837,0.3648206293582916,0.3648206293582916
minipigs,multi-subject,47jd29ds,lalohvan,poyo_eeg_neurosoft_8band,finished,NEUROSOFT_INTRASESSION_MULTISUBJ,per_channel_resample_cnn,0.2,2.75e-05,0.08,0.5,1,intrasession-block,,,41,0.3559626340866089,0.7722762823104858,0.3822086453437805,0.3547638952732086,0.3547638952732086
minipigs,multi-subject,47jd29ds,wczgrx86,poyo_eeg_neurosoft_8band,finished,NEUROSOFT_INTRASESSION_MULTISUBJ,per_channel_resample_cnn,0.2,2.75e-05,0.08,0.5,2,intrasession-block,,,41,0.3603646159172058,0.7721401453018188,0.3761402070522308,0.3587917983531952,0.3587917983531952
monkeys,single-session,h5gf9jn1,nxtupxjm,poyo_eeg_neurosoft_8band_sub-01_ses-011_task-AcousStim_acq-RH_desc-raw,finished,NEUROSOFT_INTRASESSION_SINGLESESS,per_channel_resample_cnn_add,0.4,2.5e-05,0.08,1.0,0,intrasession-block,sub-01,sub-01_ses-011_task-AcousStim_acq-RH_desc-raw,1,0.5481953024864197,0.8878868222236633,0.5911316871643066,0.557604193687439,0.557604193687439
monkeys,single-session,h5gf9jn1,elqqxjnw,poyo_eeg_neurosoft_8band_sub-01_ses-010_task-AcousStim_acq-RH_desc-raw,finished,NEUROSOFT_INTRASESSION_SINGLESESS,per_channel_resample_cnn_add,0.4,2.5e-05,0.08,1.0,0,intrasession-block,sub-01,sub-01_ses-010_task-AcousStim_acq-RH_desc-raw,1,0.5066580176353455,0.5309760570526123,0.5283899307250977,0.5210800766944885,0.5210800766944885
monkeys,single-session,h5gf9jn1,75dzcqy0,poyo_eeg_neurosoft_8band_sub-01_ses-012_task-AcousStim_acq-RH_desc-raw,finished,NEUROSOFT_INTRASESSION_SINGLESESS,per_channel_resample_cnn_add,0.4,2.5e-05,0.08,1.0,0,intrasession-block,sub-01,sub-01_ses-012_task-AcousStim_acq-RH_desc-raw,1,0.327317476272583,0.3685546815395355,0.3932932615280151,0.3525000214576721,0.3525000214576721
monkeys,single-session,h5gf9jn1,3c96enbf,poyo_eeg_neurosoft_8band_sub-01_ses-013_task-AcousStim_acq-RH_desc-raw,finished,NEUROSOFT_INTRASESSION_SINGLESESS,per_channel_resample_cnn_add,0.4,2.5e-05,0.08,1.0,0,intrasession-block,sub-01,sub-01_ses-013_task-AcousStim_acq-RH_desc-raw,1,0.4693166315555573,0.8729385137557983,0.5262784361839294,0.4735791087150574,0.4735791087150574
monkeys,single-session,h5gf9jn1,c9qm53g3,poyo_eeg_neurosoft_8band_sub-01_ses-014_task-AcousStim_acq-RH_desc-raw,finished,NEUROSOFT_INTRASESSION_SINGLESESS,per_channel_resample_cnn_add,0.4,2.5e-05,0.08,1.0,0,intrasession-block,sub-01,sub-01_ses-014_task-AcousStim_acq-RH_desc-raw,1,0.2250686734914779,0.6094904541969299,0.3198906481266022,0.2763265371322632,0.2763265371322632
monkeys,single-session,h5gf9jn1,mu4qm308,poyo_eeg_neurosoft_8band_sub-01_ses-015_task-AcousStim_acq-RH_desc-raw,finished,NEUROSOFT_INTRASESSION_SINGLESESS,per_channel_resample_cnn_add,0.4,2.5e-05,0.08,1.0,0,intrasession-block,sub-01,sub-01_ses-015_task-AcousStim_acq-RH_desc-raw,1,0.0773263424634933,0.5110013484954834,0.0533453896641731,0.1404761970043182,0.1404761970043182
monkeys,single-session,h5gf9jn1,lhqo1cij,poyo_eeg_neurosoft_8band_sub-01_ses-016_task-AcousStim_acq-RH_desc-raw,finished,NEUROSOFT_INTRASESSION_SINGLESESS,per_channel_resample_cnn_add,0.4,2.5e-05,0.08,1.0,0,intrasession-block,sub-01,sub-01_ses-016_task-AcousStim_acq-RH_desc-raw,1,0.6389743685722351,0.1611328125,0.6932367086410522,0.65625,0.65625
monkeys,single-session,h5gf9jn1,uyxxg4j3,poyo_eeg_neurosoft_8band_sub-01_ses-01_task-AcousStim_acq-RH_desc-raw,finished,NEUROSOFT_INTRASESSION_SINGLESESS,per_channel_resample_cnn_add,0.4,2.5e-05,0.08,1.0,0,intrasession-block,sub-01,sub-01_ses-01_task-AcousStim_acq-RH_desc-raw,1,0.964738667011261,0.3728603422641754,0.9641975164413452,0.965674102306366,0.965674102306366
monkeys,single-session,h5gf9jn1,jizoviqb,poyo_eeg_neurosoft_8band_sub-01_ses-02_task-AcousStim_acq-RH_desc-raw,finished,NEUROSOFT_INTRASESSION_SINGLESESS,per_channel_resample_cnn_add,0.4,2.5e-05,0.08,1.0,0,intrasession-block,sub-01,sub-01_ses-02_task-AcousStim_acq-RH_desc-raw,1,0.8330548405647278,0.9678139090538024,0.8480563163757324,0.835751473903656,0.835751473903656
monkeys,single-session,h5gf9jn1,8d2obnrj,poyo_eeg_neurosoft_8band_sub-01_ses-04_task-AcousStim_acq-RH_desc-raw,finished,NEUROSOFT_INTRASESSION_SINGLESESS,per_channel_resample_cnn_add,0.4,2.5e-05,0.08,1.0,0,intrasession-block,sub-01,sub-01_ses-04_task-AcousStim_acq-RH_desc-raw,1,0.1405464112758636,0.741025447845459,0.1889171004295349,0.1779411733150482,0.1779411733150482
monkeys,single-session,h5gf9jn1,pqqpvjps,poyo_eeg_neurosoft_8band_sub-01_ses-03_task-AcousStim_acq-RH_desc-raw,finished,NEUROSOFT_INTRASESSION_SINGLESESS,per_channel_resample_cnn_add,0.4,2.5e-05,0.08,1.0,0,intrasession-block,sub-01,sub-01_ses-03_task-AcousStim_acq-RH_desc-raw,1,0.7627540826797485,0.9467577934265136,0.792243242263794,0.7648200988769531,0.7648200988769531
monkeys,single-session,h5gf9jn1,kxqjutke,poyo_eeg_neurosoft_8band_sub-01_ses-05_task-AcousStim_acq-RH_desc-raw,finished,NEUROSOFT_INTRASESSION_SINGLESESS,per_channel_resample_cnn_add,0.4,2.5e-05,0.08,1.0,0,intrasession-block,sub-01,sub-01_ses-05_task-AcousStim_acq-RH_desc-raw,1,0.3132308423519134,0.2171771228313446,0.4576271176338196,0.3787878751754761,0.3787878751754761
monkeys,single-session,h5gf9jn1,17ucutbx,poyo_eeg_neurosoft_8band_sub-01_ses-06_task-AcousStim_acq-RH_desc-raw,finished,NEUROSOFT_INTRASESSION_SINGLESESS,per_channel_resample_cnn_add,0.4,2.5e-05,0.08,1.0,0,intrasession-block,sub-01,sub-01_ses-06_task-AcousStim_acq-RH_desc-raw,1,0.2380761504173278,0.2979559898376465,0.4087499976158142,0.318452388048172,0.318452388048172
monkeys,single-session,h5gf9jn1,5rxtnbeb,poyo_eeg_neurosoft_8band_sub-01_ses-07_task-AcousStim_acq-RH_desc-raw,finished,NEUROSOFT_INTRASESSION_SINGLESESS,per_channel_resample_cnn_add,0.4,2.5e-05,0.08,1.0,0,intrasession-block,sub-01,sub-01_ses-07_task-AcousStim_acq-RH_desc-raw,1,0.6954233646392822,0.928356409072876,0.7000666856765747,0.703748881816864,0.703748881816864
monkeys,single-session,h5gf9jn1,rshndrpv,poyo_eeg_neurosoft_8band_sub-01_ses-08_task-AcousStim_acq-RH_desc-raw,finished,NEUROSOFT_INTRASESSION_SINGLESESS,per_channel_resample_cnn_add,0.4,2.5e-05,0.08,1.0,0,intrasession-block,sub-01,sub-01_ses-08_task-AcousStim_acq-RH_desc-raw,1,0.1993022859096527,0.699916660785675,0.2899674773216247,0.2161458432674408,0.2161458432674408
monkeys,single-session,h5gf9jn1,kdvzn5yk,poyo_eeg_neurosoft_8band_sub-01_ses-09_task-AcousStim_acq-RH_desc-raw,finished,NEUROSOFT_INTRASESSION_SINGLESESS,per_channel_resample_cnn_add,0.4,2.5e-05,0.08,1.0,0,intrasession-block,sub-01,sub-01_ses-09_task-AcousStim_acq-RH_desc-raw,1,0.7300539016723633,0.577880859375,0.7356762886047363,0.7374999523162842,0.7374999523162842
monkeys,single-session,h5gf9jn1,prelg3ep,poyo_eeg_neurosoft_8band_sub-02_ses-01_task-AcousStim_acq-RH_desc-raw,finished,NEUROSOFT_INTRASESSION_SINGLESESS,per_channel_resample_cnn_add,0.4,2.5e-05,0.08,1.0,0,intrasession-block,sub-02,sub-02_ses-01_task-AcousStim_acq-RH_desc-raw,1,0.2464756816625595,0.2041310966014862,0.1955267041921615,0.3333333432674408,0.3333333432674408
monkeys,single-session,h5gf9jn1,ncqka4wb,poyo_eeg_neurosoft_8band_sub-02_ses-02_task-AcousStim_acq-RH_desc-raw,finished,NEUROSOFT_INTRASESSION_SINGLESESS,per_channel_resample_cnn_add,0.4,2.5e-05,0.08,1.0,0,intrasession-block,sub-02,sub-02_ses-02_task-AcousStim_acq-RH_desc-raw,1,0.0464131720364093,0.5318516492843628,0.1504922658205032,0.1270661205053329,0.1270661205053329
monkeys,single-session,h5gf9jn1,3ged4uv0,poyo_eeg_neurosoft_8band_sub-02_ses-03_task-AcousStim_acq-RH_desc-raw,finished,NEUROSOFT_INTRASESSION_SINGLESESS,per_channel_resample_cnn_add,0.4,2.5e-05,0.08,1.0,0,intrasession-block,sub-02,sub-02_ses-03_task-AcousStim_acq-RH_desc-raw,1,0.8592929244041443,0.2288381904363632,0.8638286590576172,0.8599656224250793,0.8599656224250793
monkeys,single-session,h5gf9jn1,cv0lcics,poyo_eeg_neurosoft_8band_sub-02_ses-04_task-AcousStim_acq-RH_desc-raw,finished,NEUROSOFT_INTRASESSION_SINGLESESS,per_channel_resample_cnn_add,0.4,2.5e-05,0.08,1.0,0,intrasession-block,sub-02,sub-02_ses-04_task-AcousStim_acq-RH_desc-raw,1,1.0,0.0,1.0,1.0,1.0
monkeys,single-session,h5gf9jn1,9qyjzef4,poyo_eeg_neurosoft_8band_sub-02_ses-05_task-AcousStim_acq-RH_desc-raw,finished,NEUROSOFT_INTRASESSION_SINGLESESS,per_channel_resample_cnn_add,0.4,2.5e-05,0.08,1.0,0,intrasession-block,sub-02,sub-02_ses-05_task-AcousStim_acq-RH_desc-raw,1,,,,,
monkeys,single-session,h5gf9jn1,gxaa34mv,poyo_eeg_neurosoft_8band_sub-03_ses-01_task-AcousStim_acq-RH_desc-raw,finished,NEUROSOFT_INTRASESSION_SINGLESESS,per_channel_resample_cnn_add,0.4,2.5e-05,0.08,1.0,0,intrasession-block,sub-03,sub-03_ses-01_task-AcousStim_acq-RH_desc-raw,1,0.3058922588825226,0.4976952075958252,0.3708229660987854,0.3385112285614013,0.3385112285614013
monkeys,single-session,h5gf9jn1,qlythk9n,poyo_eeg_neurosoft_8band_sub-04_ses-01_task-AcousStim_acq-LH_desc-raw,finished,NEUROSOFT_INTRASESSION_SINGLESESS,per_channel_resample_cnn_add,0.4,2.5e-05,0.08,1.0,0,intrasession-block,sub-04,sub-04_ses-01_task-AcousStim_acq-LH_desc-raw,1,0.1651785671710968,0.2782966792583465,0.1233333349227905,0.25,0.25
monkeys,single-session,h5gf9jn1,vzkadm34,poyo_eeg_neurosoft_8band_sub-04_ses-01_task-AcousStim_acq-RH_desc-raw,finished,NEUROSOFT_INTRASESSION_SINGLESESS,per_channel_resample_cnn_add,0.4,2.5e-05,0.08,1.0,0,intrasession-block,sub-04,sub-04_ses-01_task-AcousStim_acq-RH_desc-raw,1,0.0841117650270462,0.399440199136734,0.1293532401323318,0.172184333205223,0.172184333205223
monkeys,single-session,h5gf9jn1,bflx6m12,poyo_eeg_neurosoft_8band_sub-05_ses-01_task-AcousStim_acq-LH_desc-raw,finished,NEUROSOFT_INTRASESSION_SINGLESESS,per_channel_resample_cnn_add,0.4,2.5e-05,0.08,1.0,0,intrasession-block,sub-05,sub-05_ses-01_task-AcousStim_acq-LH_desc-raw,1,0.3548386991024017,0.1489899009466171,0.3425925970077514,0.5,0.5
monkeys,single-session,h5gf9jn1,bvici50o,poyo_eeg_neurosoft_8band_sub-05_ses-01_task-AcousStim_acq-RH_desc-raw,finished,NEUROSOFT_INTRASESSION_SINGLESESS,per_channel_resample_cnn_add,0.4,2.5e-05,0.08,1.0,0,intrasession-block,sub-05,sub-05_ses-01_task-AcousStim_acq-RH_desc-raw,1,0.0741971209645271,0.4365246593952179,0.0477208010852336,0.1666666716337204,0.1666666716337204
monkeys,single-session,h5gf9jn1,sjfu4vp8,poyo_eeg_neurosoft_8band_sub-06_ses-01_task-AcousStim_acq-RH_desc-raw,finished,NEUROSOFT_INTRASESSION_SINGLESESS,per_channel_resample_cnn_add,0.4,2.5e-05,0.08,1.0,0,intrasession-block,sub-06,sub-06_ses-01_task-AcousStim_acq-RH_desc-raw,1,0.3553818464279175,0.2169466018676757,0.5377073884010315,0.3854166567325592,0.3854166567325592
monkeys,single-session,h5gf9jn1,7xkeufac,poyo_eeg_neurosoft_8band_sub-01_ses-010_task-AcousStim_acq-RH_desc-raw,finished,NEUROSOFT_INTRASESSION_SINGLESESS,per_channel_resample_cnn_add,0.4,2.5e-05,0.08,1.0,1,intrasession-block,sub-01,sub-01_ses-010_task-AcousStim_acq-RH_desc-raw,1,0.503517210483551,0.5206469297409058,0.6295771598815918,0.5125932693481445,0.5125932693481445
monkeys,single-session,h5gf9jn1,1ri2xz82,poyo_eeg_neurosoft_8band_sub-01_ses-012_task-AcousStim_acq-RH_desc-raw,finished,NEUROSOFT_INTRASESSION_SINGLESESS,per_channel_resample_cnn_add,0.4,2.5e-05,0.08,1.0,1,intrasession-block,sub-01,sub-01_ses-012_task-AcousStim_acq-RH_desc-raw,1,0.1151515245437622,0.360785573720932,0.1389610469341278,0.2141666710376739,0.2141666710376739
monkeys,single-session,h5gf9jn1,o1z4tayj,poyo_eeg_neurosoft_8band_sub-01_ses-011_task-AcousStim_acq-RH_desc-raw,finished,NEUROSOFT_INTRASESSION_SINGLESESS,per_channel_resample_cnn_add,0.4,2.5e-05,0.08,1.0,1,intrasession-block,sub-01,sub-01_ses-011_task-AcousStim_acq-RH_desc-raw,1,0.5749937295913696,0.8971767425537109,0.6047943234443665,0.5811896920204163,0.5811896920204163
monkeys,single-session,h5gf9jn1,30s99fml,poyo_eeg_neurosoft_8band_sub-01_ses-014_task-AcousStim_acq-RH_desc-raw,finished,NEUROSOFT_INTRASESSION_SINGLESESS,per_channel_resample_cnn_add,0.4,2.5e-05,0.08,1.0,1,intrasession-block,sub-01,sub-01_ses-014_task-AcousStim_acq-RH_desc-raw,1,0.2513516843318939,0.5963233709335327,0.5267730951309204,0.2975752353668213,0.2975752353668213
monkeys,single-session,h5gf9jn1,hkn2c12d,poyo_eeg_neurosoft_8band_sub-01_ses-013_task-AcousStim_acq-RH_desc-raw,finished,NEUROSOFT_INTRASESSION_SINGLESESS,per_channel_resample_cnn_add,0.4,2.5e-05,0.08,1.0,1,intrasession-block,sub-01,sub-01_ses-013_task-AcousStim_acq-RH_desc-raw,1,0.133627712726593,0.6907606720924377,0.2144999951124191,0.2140406221151352,0.2140406221151352
monkeys,single-session,h5gf9jn1,e1t3es69,poyo_eeg_neurosoft_8band_sub-01_ses-015_task-AcousStim_acq-RH_desc-raw,finished,NEUROSOFT_INTRASESSION_SINGLESESS,per_channel_resample_cnn_add,0.4,2.5e-05,0.08,1.0,1,intrasession-block,sub-01,sub-01_ses-015_task-AcousStim_acq-RH_desc-raw,1,0.0779220834374427,0.5527764558792114,0.0535714291036129,0.1428571492433548,0.1428571492433548
monkeys,single-session,h5gf9jn1,p5d1xtl9,poyo_eeg_neurosoft_8band_sub-01_ses-016_task-AcousStim_acq-RH_desc-raw,finished,NEUROSOFT_INTRASESSION_SINGLESESS,per_channel_resample_cnn_add,0.4,2.5e-05,0.08,1.0,1,intrasession-block,sub-01,sub-01_ses-016_task-AcousStim_acq-RH_desc-raw,1,0.5555555820465088,0.1435546875,0.5919539928436279,0.5625,0.5625
monkeys,single-session,h5gf9jn1,qd62oyn9,poyo_eeg_neurosoft_8band_sub-01_ses-01_task-AcousStim_acq-RH_desc-raw,finished,NEUROSOFT_INTRASESSION_SINGLESESS,per_channel_resample_cnn_add,0.4,2.5e-05,0.08,1.0,1,intrasession-block,sub-01,sub-01_ses-01_task-AcousStim_acq-RH_desc-raw,1,0.6515151262283325,0.3138123154640198,0.7938596606254578,0.6557315587997437,0.6557315587997437
monkeys,single-session,h5gf9jn1,94t60hq2,poyo_eeg_neurosoft_8band_sub-01_ses-02_task-AcousStim_acq-RH_desc-raw,finished,NEUROSOFT_INTRASESSION_SINGLESESS,per_channel_resample_cnn_add,0.4,2.5e-05,0.08,1.0,1,intrasession-block,sub-01,sub-01_ses-02_task-AcousStim_acq-RH_desc-raw,1,0.8504316806793213,0.9788578152656556,0.8662608861923218,0.8534226417541504,0.8534226417541504
monkeys,single-session,h5gf9jn1,kgxarq2s,poyo_eeg_neurosoft_8band_sub-01_ses-03_task-AcousStim_acq-RH_desc-raw,finished,NEUROSOFT_INTRASESSION_SINGLESESS,per_channel_resample_cnn_add,0.4,2.5e-05,0.08,1.0,1,intrasession-block,sub-01,sub-01_ses-03_task-AcousStim_acq-RH_desc-raw,1,0.8125817179679871,0.9579500555992126,0.8399947881698608,0.8308806419372559,0.8308806419372559
monkeys,single-session,h5gf9jn1,6482qca4,poyo_eeg_neurosoft_8band_sub-01_ses-04_task-AcousStim_acq-RH_desc-raw,finished,NEUROSOFT_INTRASESSION_SINGLESESS,per_channel_resample_cnn_add,0.4,2.5e-05,0.08,1.0,1,intrasession-block,sub-01,sub-01_ses-04_task-AcousStim_acq-RH_desc-raw,1,0.1231060624122619,0.7226927876472473,0.1692708283662796,0.1661764681339264,0.1661764681339264
monkeys,single-session,h5gf9jn1,p8mzczx1,poyo_eeg_neurosoft_8band_sub-01_ses-05_task-AcousStim_acq-RH_desc-raw,finished,NEUROSOFT_INTRASESSION_SINGLESESS,per_channel_resample_cnn_add,0.4,2.5e-05,0.08,1.0,1,intrasession-block,sub-01,sub-01_ses-05_task-AcousStim_acq-RH_desc-raw,1,0.3172042965888977,0.2525630593299866,0.459770143032074,0.3787878751754761,0.3787878751754761
monkeys,single-session,h5gf9jn1,udf2zz7v,poyo_eeg_neurosoft_8band_sub-01_ses-06_task-AcousStim_acq-RH_desc-raw,finished,NEUROSOFT_INTRASESSION_SINGLESESS,per_channel_resample_cnn_add,0.4,2.5e-05,0.08,1.0,1,intrasession-block,sub-01,sub-01_ses-06_task-AcousStim_acq-RH_desc-raw,1,0.1787654310464859,0.3138406872749328,0.3272058963775635,0.2976190447807312,0.2976190447807312
monkeys,single-session,h5gf9jn1,qf0j0dkf,poyo_eeg_neurosoft_8band_sub-01_ses-07_task-AcousStim_acq-RH_desc-raw,finished,NEUROSOFT_INTRASESSION_SINGLESESS,per_channel_resample_cnn_add,0.4,2.5e-05,0.08,1.0,1,intrasession-block,sub-01,sub-01_ses-07_task-AcousStim_acq-RH_desc-raw,1,0.7146265506744385,0.9303421974182128,0.7255539894104004,0.7159103751182556,0.7159103751182556
monkeys,single-session,h5gf9jn1,gcpeod9i,poyo_eeg_neurosoft_8band_sub-01_ses-08_task-AcousStim_acq-RH_desc-raw,finished,NEUROSOFT_INTRASESSION_SINGLESESS,per_channel_resample_cnn_add,0.4,2.5e-05,0.08,1.0,1,intrasession-block,sub-01,sub-01_ses-08_task-AcousStim_acq-RH_desc-raw,1,0.334546148777008,0.7691147327423096,0.4011663794517517,0.3264324069023132,0.3264324069023132
monkeys,single-session,h5gf9jn1,o75w20c5,poyo_eeg_neurosoft_8band_sub-01_ses-09_task-AcousStim_acq-RH_desc-raw,finished,NEUROSOFT_INTRASESSION_SINGLESESS,per_channel_resample_cnn_add,0.4,2.5e-05,0.08,1.0,1,intrasession-block,sub-01,sub-01_ses-09_task-AcousStim_acq-RH_desc-raw,1,0.7475418448448181,0.5899658203125,0.7839731574058533,0.75,0.75
monkeys,single-session,h5gf9jn1,c99g2vf9,poyo_eeg_neurosoft_8band_sub-02_ses-01_task-AcousStim_acq-RH_desc-raw,finished,NEUROSOFT_INTRASESSION_SINGLESESS,per_channel_resample_cnn_add,0.4,2.5e-05,0.08,1.0,1,intrasession-block,sub-02,sub-02_ses-01_task-AcousStim_acq-RH_desc-raw,1,0.2464756816625595,0.2009100914001464,0.1955267041921615,0.3333333432674408,0.3333333432674408
monkeys,single-session,h5gf9jn1,8pkj2q2r,poyo_eeg_neurosoft_8band_sub-02_ses-02_task-AcousStim_acq-RH_desc-raw,finished,NEUROSOFT_INTRASESSION_SINGLESESS,per_channel_resample_cnn_add,0.4,2.5e-05,0.08,1.0,1,intrasession-block,sub-02,sub-02_ses-02_task-AcousStim_acq-RH_desc-raw,1,0.0686782896518707,0.5412392616271973,0.1949430108070373,0.1302083283662796,0.1302083283662796
monkeys,single-session,h5gf9jn1,cgklr8jq,poyo_eeg_neurosoft_8band_sub-02_ses-03_task-AcousStim_acq-RH_desc-raw,finished,NEUROSOFT_INTRASESSION_SINGLESESS,per_channel_resample_cnn_add,0.4,2.5e-05,0.08,1.0,1,intrasession-block,sub-02,sub-02_ses-03_task-AcousStim_acq-RH_desc-raw,1,0.8844104409217834,0.234700322151184,0.884494960308075,0.8847280740737915,0.8847280740737915
monkeys,single-session,h5gf9jn1,6d25ajsh,poyo_eeg_neurosoft_8band_sub-02_ses-04_task-AcousStim_acq-RH_desc-raw,finished,NEUROSOFT_INTRASESSION_SINGLESESS,per_channel_resample_cnn_add,0.4,2.5e-05,0.08,1.0,1,intrasession-block,sub-02,sub-02_ses-04_task-AcousStim_acq-RH_desc-raw,1,1.0,0.0,1.0,1.0,1.0
monkeys,single-session,h5gf9jn1,pil47zg4,poyo_eeg_neurosoft_8band_sub-02_ses-05_task-AcousStim_acq-RH_desc-raw,finished,NEUROSOFT_INTRASESSION_SINGLESESS,per_channel_resample_cnn_add,0.4,2.5e-05,0.08,1.0,1,intrasession-block,sub-02,sub-02_ses-05_task-AcousStim_acq-RH_desc-raw,1,,,,,
monkeys,single-session,h5gf9jn1,scdlo91v,poyo_eeg_neurosoft_8band_sub-03_ses-01_task-AcousStim_acq-RH_desc-raw,finished,NEUROSOFT_INTRASESSION_SINGLESESS,per_channel_resample_cnn_add,0.4,2.5e-05,0.08,1.0,1,intrasession-block,sub-03,sub-03_ses-01_task-AcousStim_acq-RH_desc-raw,1,0.0735632181167602,0.42810720205307,0.0471976399421691,0.1666666716337204,0.1666666716337204
monkeys,single-session,h5gf9jn1,4f0vdvva,poyo_eeg_neurosoft_8band_sub-04_ses-01_task-AcousStim_acq-LH_desc-raw,finished,NEUROSOFT_INTRASESSION_SINGLESESS,per_channel_resample_cnn_add,0.4,2.5e-05,0.08,1.0,1,intrasession-block,sub-04,sub-04_ses-01_task-AcousStim_acq-LH_desc-raw,1,0.1659291982650756,0.27688729763031,0.1241721883416175,0.25,0.25
monkeys,single-session,h5gf9jn1,e7360z5t,poyo_eeg_neurosoft_8band_sub-04_ses-01_task-AcousStim_acq-RH_desc-raw,finished,NEUROSOFT_INTRASESSION_SINGLESESS,per_channel_resample_cnn_add,0.4,2.5e-05,0.08,1.0,1,intrasession-block,sub-04,sub-04_ses-01_task-AcousStim_acq-RH_desc-raw,1,0.0723514184355735,0.3949418067932129,0.0462046228349208,0.1666666716337204,0.1666666716337204
monkeys,single-session,h5gf9jn1,4r9ayong,poyo_eeg_neurosoft_8band_sub-05_ses-01_task-AcousStim_acq-RH_desc-raw,finished,NEUROSOFT_INTRASESSION_SINGLESESS,per_channel_resample_cnn_add,0.4,2.5e-05,0.08,1.0,1,intrasession-block,sub-05,sub-05_ses-01_task-AcousStim_acq-RH_desc-raw,1,0.0767468512058258,0.428534060716629,0.0498511902987957,0.1666666716337204,0.1666666716337204
monkeys,single-session,h5gf9jn1,5gr6z2tr,poyo_eeg_neurosoft_8band_sub-05_ses-01_task-AcousStim_acq-LH_desc-raw,finished,NEUROSOFT_INTRASESSION_SINGLESESS,per_channel_resample_cnn_add,0.4,2.5e-05,0.08,1.0,1,intrasession-block,sub-05,sub-05_ses-01_task-AcousStim_acq-LH_desc-raw,1,0.4258373379707336,0.1329966336488723,0.497217059135437,0.5,0.5
monkeys,single-session,h5gf9jn1,1jl456qe,poyo_eeg_neurosoft_8band_sub-06_ses-01_task-AcousStim_acq-RH_desc-raw,finished,NEUROSOFT_INTRASESSION_SINGLESESS,per_channel_resample_cnn_add,0.4,2.5e-05,0.08,1.0,1,intrasession-block,sub-06,sub-06_ses-01_task-AcousStim_acq-RH_desc-raw,1,0.42920982837677,0.2221267223358154,0.4666666984558105,0.4525462985038757,0.4525462985038757
monkeys,single-session,h5gf9jn1,pbi81ugn,poyo_eeg_neurosoft_8band_sub-01_ses-010_task-AcousStim_acq-RH_desc-raw,finished,NEUROSOFT_INTRASESSION_SINGLESESS,per_channel_resample_cnn_add,0.4,2.5e-05,0.08,1.0,2,intrasession-block,sub-01,sub-01_ses-010_task-AcousStim_acq-RH_desc-raw,1,0.5305918455123901,0.527090311050415,0.6134679317474365,0.5356866717338562,0.5356866717338562
monkeys,single-session,h5gf9jn1,tc4mwwqm,poyo_eeg_neurosoft_8band_sub-01_ses-011_task-AcousStim_acq-RH_desc-raw,finished,NEUROSOFT_INTRASESSION_SINGLESESS,per_channel_resample_cnn_add,0.4,2.5e-05,0.08,1.0,2,intrasession-block,sub-01,sub-01_ses-011_task-AcousStim_acq-RH_desc-raw,1,0.5846649408340454,0.9112703800201416,0.6126061677932739,0.5942717790603638,0.5942717790603638
monkeys,single-session,h5gf9jn1,k4mkwdw4,poyo_eeg_neurosoft_8band_sub-01_ses-012_task-AcousStim_acq-RH_desc-raw,finished,NEUROSOFT_INTRASESSION_SINGLESESS,per_channel_resample_cnn_add,0.4,2.5e-05,0.08,1.0,2,intrasession-block,sub-01,sub-01_ses-012_task-AcousStim_acq-RH_desc-raw,1,0.2068627476692199,0.3251612186431885,0.2876757383346557,0.2775000035762787,0.2775000035762787
monkeys,single-session,h5gf9jn1,6ennomfk,poyo_eeg_neurosoft_8band_sub-01_ses-013_task-AcousStim_acq-RH_desc-raw,finished,NEUROSOFT_INTRASESSION_SINGLESESS,per_channel_resample_cnn_add,0.4,2.5e-05,0.08,1.0,2,intrasession-block,sub-01,sub-01_ses-013_task-AcousStim_acq-RH_desc-raw,1,0.1556286513805389,0.6855500936508179,0.2468006014823913,0.2043154835700988,0.2043154835700988
monkeys,single-session,h5gf9jn1,8r2lu23s,poyo_eeg_neurosoft_8band_sub-01_ses-014_task-AcousStim_acq-RH_desc-raw,finished,NEUROSOFT_INTRASESSION_SINGLESESS,per_channel_resample_cnn_add,0.4,2.5e-05,0.08,1.0,2,intrasession-block,sub-01,sub-01_ses-014_task-AcousStim_acq-RH_desc-raw,1,0.62001633644104,0.7966330051422119,0.6528682708740234,0.6167542934417725,0.6167542934417725
monkeys,single-session,h5gf9jn1,msbw7dcl,poyo_eeg_neurosoft_8band_sub-01_ses-015_task-AcousStim_acq-RH_desc-raw,finished,NEUROSOFT_INTRASESSION_SINGLESESS,per_channel_resample_cnn_add,0.4,2.5e-05,0.08,1.0,2,intrasession-block,sub-01,sub-01_ses-015_task-AcousStim_acq-RH_desc-raw,1,0.0779220834374427,0.5257903337478638,0.0535714291036129,0.1428571492433548,0.1428571492433548
monkeys,single-session,h5gf9jn1,hr1091hq,poyo_eeg_neurosoft_8band_sub-01_ses-016_task-AcousStim_acq-RH_desc-raw,finished,NEUROSOFT_INTRASESSION_SINGLESESS,per_channel_resample_cnn_add,0.4,2.5e-05,0.08,1.0,2,intrasession-block,sub-01,sub-01_ses-016_task-AcousStim_acq-RH_desc-raw,1,0.5933529138565063,0.1513671875,0.7580645084381104,0.59375,0.59375
monkeys,single-session,h5gf9jn1,sazgkvg8,poyo_eeg_neurosoft_8band_sub-01_ses-01_task-AcousStim_acq-RH_desc-raw,finished,NEUROSOFT_INTRASESSION_SINGLESESS,per_channel_resample_cnn_add,0.4,2.5e-05,0.08,1.0,2,intrasession-block,sub-01,sub-01_ses-01_task-AcousStim_acq-RH_desc-raw,1,0.9560596942901612,0.3731946945190429,0.9566421508789062,0.95681893825531,0.95681893825531
monkeys,single-session,h5gf9jn1,o9p80zfq,poyo_eeg_neurosoft_8band_sub-01_ses-02_task-AcousStim_acq-RH_desc-raw,finished,NEUROSOFT_INTRASESSION_SINGLESESS,per_channel_resample_cnn_add,0.4,2.5e-05,0.08,1.0,2,intrasession-block,sub-01,sub-01_ses-02_task-AcousStim_acq-RH_desc-raw,1,0.8280631303787231,0.9722021818161012,0.8503328561782837,0.8336411118507385,0.8336411118507385
monkeys,single-session,h5gf9jn1,ztii3ust,poyo_eeg_neurosoft_8band_sub-01_ses-03_task-AcousStim_acq-RH_desc-raw,finished,NEUROSOFT_INTRASESSION_SINGLESESS,per_channel_resample_cnn_add,0.4,2.5e-05,0.08,1.0,2,intrasession-block,sub-01,sub-01_ses-03_task-AcousStim_acq-RH_desc-raw,1,0.8302253484725952,0.9498277902603148,0.890123724937439,0.8121318221092224,0.8121318221092224
monkeys,single-session,h5gf9jn1,uq8dd5ml,poyo_eeg_neurosoft_8band_sub-01_ses-04_task-AcousStim_acq-RH_desc-raw,finished,NEUROSOFT_INTRASESSION_SINGLESESS,per_channel_resample_cnn_add,0.4,2.5e-05,0.08,1.0,2,intrasession-block,sub-01,sub-01_ses-04_task-AcousStim_acq-RH_desc-raw,1,0.1340018659830093,0.6578027009963989,0.1511356383562088,0.1627451032400131,0.1627451032400131
monkeys,single-session,h5gf9jn1,rff2moln,poyo_eeg_neurosoft_8band_sub-01_ses-06_task-AcousStim_acq-RH_desc-raw,finished,NEUROSOFT_INTRASESSION_SINGLESESS,per_channel_resample_cnn_add,0.4,2.5e-05,0.08,1.0,2,intrasession-block,sub-01,sub-01_ses-06_task-AcousStim_acq-RH_desc-raw,1,0.3062936961650848,0.3150573670864105,0.3459051847457886,0.3697916865348816,0.3697916865348816
monkeys,single-session,h5gf9jn1,n9ctplh4,poyo_eeg_neurosoft_8band_sub-01_ses-05_task-AcousStim_acq-RH_desc-raw,finished,NEUROSOFT_INTRASESSION_SINGLESESS,per_channel_resample_cnn_add,0.4,2.5e-05,0.08,1.0,2,intrasession-block,sub-01,sub-01_ses-05_task-AcousStim_acq-RH_desc-raw,1,0.21281598508358,0.2331387996673584,0.4576271176338196,0.3500000238418579,0.3500000238418579
monkeys,single-session,h5gf9jn1,tx6rifa5,poyo_eeg_neurosoft_8band_sub-01_ses-07_task-AcousStim_acq-RH_desc-raw,finished,NEUROSOFT_INTRASESSION_SINGLESESS,per_channel_resample_cnn_add,0.4,2.5e-05,0.08,1.0,2,intrasession-block,sub-01,sub-01_ses-07_task-AcousStim_acq-RH_desc-raw,1,0.7203351855278015,0.9334253668785096,0.730938732624054,0.7265714406967163,0.7265714406967163
monkeys,single-session,h5gf9jn1,5fj9xpem,poyo_eeg_neurosoft_8band_sub-01_ses-08_task-AcousStim_acq-RH_desc-raw,finished,NEUROSOFT_INTRASESSION_SINGLESESS,per_channel_resample_cnn_add,0.4,2.5e-05,0.08,1.0,2,intrasession-block,sub-01,sub-01_ses-08_task-AcousStim_acq-RH_desc-raw,1,0.2443123757839203,0.7621400356292725,0.3370698392391205,0.2822396755218506,0.2822396755218506
monkeys,single-session,h5gf9jn1,et5hipsc,poyo_eeg_neurosoft_8band_sub-02_ses-01_task-AcousStim_acq-RH_desc-raw,finished,NEUROSOFT_INTRASESSION_SINGLESESS,per_channel_resample_cnn_add,0.4,2.5e-05,0.08,1.0,2,intrasession-block,sub-02,sub-02_ses-01_task-AcousStim_acq-RH_desc-raw,1,0.2464756816625595,0.1995865106582641,0.1955267041921615,0.3333333432674408,0.3333333432674408
monkeys,single-session,h5gf9jn1,o2ch5ll5,poyo_eeg_neurosoft_8band_sub-01_ses-09_task-AcousStim_acq-RH_desc-raw,finished,NEUROSOFT_INTRASESSION_SINGLESESS,per_channel_resample_cnn_add,0.4,2.5e-05,0.08,1.0,2,intrasession-block,sub-01,sub-01_ses-09_task-AcousStim_acq-RH_desc-raw,1,0.7155067920684814,0.5755615234375,0.7296969890594482,0.7250000238418579,0.7250000238418579
monkeys,single-session,h5gf9jn1,jkrfract,poyo_eeg_neurosoft_8band_sub-02_ses-02_task-AcousStim_acq-RH_desc-raw,finished,NEUROSOFT_INTRASESSION_SINGLESESS,per_channel_resample_cnn_add,0.4,2.5e-05,0.08,1.0,2,intrasession-block,sub-02,sub-02_ses-02_task-AcousStim_acq-RH_desc-raw,1,0.0770816877484321,0.5339704751968384,0.1505641788244247,0.1425646543502807,0.1425646543502807
monkeys,single-session,h5gf9jn1,t4xr33b2,poyo_eeg_neurosoft_8band_sub-02_ses-03_task-AcousStim_acq-RH_desc-raw,finished,NEUROSOFT_INTRASESSION_SINGLESESS,per_channel_resample_cnn_add,0.4,2.5e-05,0.08,1.0,2,intrasession-block,sub-02,sub-02_ses-03_task-AcousStim_acq-RH_desc-raw,1,0.6584712862968445,0.181449145078659,0.7857142686843872,0.671262264251709,0.671262264251709
monkeys,single-session,h5gf9jn1,40yzyy35,poyo_eeg_neurosoft_8band_sub-02_ses-04_task-AcousStim_acq-RH_desc-raw,finished,NEUROSOFT_INTRASESSION_SINGLESESS,per_channel_resample_cnn_add,0.4,2.5e-05,0.08,1.0,2,intrasession-block,sub-02,sub-02_ses-04_task-AcousStim_acq-RH_desc-raw,1,1.0,0.0,1.0,1.0,1.0
monkeys,single-session,h5gf9jn1,53fydsbe,poyo_eeg_neurosoft_8band_sub-02_ses-05_task-AcousStim_acq-RH_desc-raw,finished,NEUROSOFT_INTRASESSION_SINGLESESS,per_channel_resample_cnn_add,0.4,2.5e-05,0.08,1.0,2,intrasession-block,sub-02,sub-02_ses-05_task-AcousStim_acq-RH_desc-raw,1,,,,,
monkeys,single-session,h5gf9jn1,69dmdfaw,poyo_eeg_neurosoft_8band_sub-03_ses-01_task-AcousStim_acq-RH_desc-raw,finished,NEUROSOFT_INTRASESSION_SINGLESESS,per_channel_resample_cnn_add,0.4,2.5e-05,0.08,1.0,2,intrasession-block,sub-03,sub-03_ses-01_task-AcousStim_acq-RH_desc-raw,1,0.312800645828247,0.4750366806983948,0.390553742647171,0.3134381771087646,0.3134381771087646
monkeys,single-session,h5gf9jn1,fcvc178z,poyo_eeg_neurosoft_8band_sub-04_ses-01_task-AcousStim_acq-LH_desc-raw,finished,NEUROSOFT_INTRASESSION_SINGLESESS,per_channel_resample_cnn_add,0.4,2.5e-05,0.08,1.0,2,intrasession-block,sub-04,sub-04_ses-01_task-AcousStim_acq-LH_desc-raw,1,0.1659291982650756,0.2545457482337951,0.1241721883416175,0.25,0.25
monkeys,single-session,h5gf9jn1,w77j4c9m,poyo_eeg_neurosoft_8band_sub-04_ses-01_task-AcousStim_acq-RH_desc-raw,finished,NEUROSOFT_INTRASESSION_SINGLESESS,per_channel_resample_cnn_add,0.4,2.5e-05,0.08,1.0,2,intrasession-block,sub-04,sub-04_ses-01_task-AcousStim_acq-RH_desc-raw,1,0.0723514184355735,0.3999341428279876,0.0566722489893436,0.1685393303632736,0.1685393303632736
monkeys,single-session,h5gf9jn1,rm3zkryr,poyo_eeg_neurosoft_8band_sub-05_ses-01_task-AcousStim_acq-LH_desc-raw,finished,NEUROSOFT_INTRASESSION_SINGLESESS,per_channel_resample_cnn_add,0.4,2.5e-05,0.08,1.0,2,intrasession-block,sub-05,sub-05_ses-01_task-AcousStim_acq-LH_desc-raw,1,0.383825421333313,0.1624579131603241,0.5272727608680725,0.5084174871444702,0.5084174871444702
monkeys,single-session,h5gf9jn1,5tb9gujz,poyo_eeg_neurosoft_8band_sub-05_ses-01_task-AcousStim_acq-RH_desc-raw,finished,NEUROSOFT_INTRASESSION_SINGLESESS,per_channel_resample_cnn_add,0.4,2.5e-05,0.08,1.0,2,intrasession-block,sub-05,sub-05_ses-01_task-AcousStim_acq-RH_desc-raw,1,0.0775462985038757,0.4381692409515381,0.0668527409434318,0.1683084666728973,0.1683084666728973
monkeys,single-session,h5gf9jn1,68g6xute,poyo_eeg_neurosoft_8band_sub-06_ses-01_task-AcousStim_acq-RH_desc-raw,finished,NEUROSOFT_INTRASESSION_SINGLESESS,per_channel_resample_cnn_add,0.4,2.5e-05,0.08,1.0,2,intrasession-block,sub-06,sub-06_ses-01_task-AcousStim_acq-RH_desc-raw,1,0.3182260394096374,0.2297853529453277,0.4650205969810486,0.3897058665752411,0.3897058665752411
monkeys,single-subject,aycfxm9b,ysauuizl,poyo_eeg_neurosoft_8band_sub-01,finished,NEUROSOFT_INTRASESSION_SINGLESUBJ,per_channel_resample_cnn_add,0.4,2.5e-05,0.08,1.0,0,intrasession-block,sub-01,,16,0.5264239311218262,0.8820140361785889,0.5301258563995361,0.5294877290725708,0.5294877290725708
monkeys,single-subject,aycfxm9b,2c2ci0rv,poyo_eeg_neurosoft_8band_sub-02,finished,NEUROSOFT_INTRASESSION_SINGLESUBJ,per_channel_resample_cnn_add,0.4,2.5e-05,0.08,1.0,0,intrasession-block,sub-02,,5,0.3218068480491638,0.8011132478713989,0.5426430702209473,0.3858408331871032,0.3858408331871032
monkeys,single-subject,aycfxm9b,fphavw3h,poyo_eeg_neurosoft_8band_sub-03,finished,NEUROSOFT_INTRASESSION_SINGLESUBJ,per_channel_resample_cnn_add,0.4,2.5e-05,0.08,1.0,0,intrasession-block,sub-03,sub-03_ses-01_task-AcousStim_acq-RH_desc-raw,1,0.3106233477592468,0.4947313666343689,0.4022138714790344,0.3425621390342712,0.3425621390342712
monkeys,single-subject,aycfxm9b,qigisi8y,poyo_eeg_neurosoft_8band_sub-04,finished,NEUROSOFT_INTRASESSION_SINGLESUBJ,per_channel_resample_cnn_add,0.4,2.5e-05,0.08,1.0,0,intrasession-block,sub-04,,2,0.1475610733032226,0.4514578580856323,0.1284268498420715,0.2099571824073791,0.2099571824073791
monkeys,single-subject,aycfxm9b,m64ik1xh,poyo_eeg_neurosoft_8band_sub-05,finished,NEUROSOFT_INTRASESSION_SINGLESUBJ,per_channel_resample_cnn_add,0.4,2.5e-05,0.08,1.0,0,intrasession-block,sub-05,,2,0.1759249567985534,0.5190940499305725,0.1678760051727295,0.2442528903484344,0.2442528903484344
monkeys,single-subject,aycfxm9b,a7waqmci,poyo_eeg_neurosoft_8band_sub-06,finished,NEUROSOFT_INTRASESSION_SINGLESUBJ,per_channel_resample_cnn_add,0.4,2.5e-05,0.08,1.0,0,intrasession-block,sub-06,sub-06_ses-01_task-AcousStim_acq-RH_desc-raw,1,0.3939393758773804,0.212447926402092,0.527193009853363,0.4166666865348816,0.4166666865348816
monkeys,single-subject,aycfxm9b,hd99nkcf,poyo_eeg_neurosoft_8band_sub-01,finished,NEUROSOFT_INTRASESSION_SINGLESUBJ,per_channel_resample_cnn_add,0.4,2.5e-05,0.08,1.0,1,intrasession-block,sub-01,,16,0.5220254063606262,0.8767718076705933,0.5288190841674805,0.531883716583252,0.531883716583252
monkeys,single-subject,aycfxm9b,gzwhl741,poyo_eeg_neurosoft_8band_sub-02,finished,NEUROSOFT_INTRASESSION_SINGLESUBJ,per_channel_resample_cnn_add,0.4,2.5e-05,0.08,1.0,1,intrasession-block,sub-02,,5,0.3257978558540344,0.8021420836448669,0.5335198044776917,0.3905534446239471,0.3905534446239471
monkeys,single-subject,aycfxm9b,dfyx637s,poyo_eeg_neurosoft_8band_sub-03,finished,NEUROSOFT_INTRASESSION_SINGLESUBJ,per_channel_resample_cnn_add,0.4,2.5e-05,0.08,1.0,1,intrasession-block,sub-03,sub-03_ses-01_task-AcousStim_acq-RH_desc-raw,1,0.0735632181167602,0.4229639172554016,0.0471976399421691,0.1666666716337204,0.1666666716337204
monkeys,single-subject,aycfxm9b,x7x772vu,poyo_eeg_neurosoft_8band_sub-04,finished,NEUROSOFT_INTRASESSION_SINGLESUBJ,per_channel_resample_cnn_add,0.4,2.5e-05,0.08,1.0,1,intrasession-block,sub-04,,2,0.434050977230072,0.6129388809204102,0.4420323669910431,0.4493003487586975,0.4493003487586975
monkeys,single-subject,aycfxm9b,65jr36g9,poyo_eeg_neurosoft_8band_sub-05,finished,NEUROSOFT_INTRASESSION_SINGLESUBJ,per_channel_resample_cnn_add,0.4,2.5e-05,0.08,1.0,1,intrasession-block,sub-05,,2,0.7729450464248657,0.7231336832046509,0.8355468511581421,0.7759969830513,0.7759969830513
monkeys,single-subject,aycfxm9b,k4qdrw0e,poyo_eeg_neurosoft_8band_sub-06,finished,NEUROSOFT_INTRASESSION_SINGLESUBJ,per_channel_resample_cnn_add,0.4,2.5e-05,0.08,1.0,1,intrasession-block,sub-06,sub-06_ses-01_task-AcousStim_acq-RH_desc-raw,1,0.345790296792984,0.2119097262620926,0.4718614816665649,0.3958333432674408,0.3958333432674408
monkeys,single-subject,aycfxm9b,85m2c7sk,poyo_eeg_neurosoft_8band_sub-01,finished,NEUROSOFT_INTRASESSION_SINGLESUBJ,per_channel_resample_cnn_add,0.4,2.5e-05,0.08,1.0,2,intrasession-block,sub-01,,16,0.5410388112068176,0.887533962726593,0.5471796989440918,0.5439658164978027,0.5439658164978027
monkeys,single-subject,aycfxm9b,dkk5rqvg,poyo_eeg_neurosoft_8band_sub-02,finished,NEUROSOFT_INTRASESSION_SINGLESUBJ,per_channel_resample_cnn_add,0.4,2.5e-05,0.08,1.0,2,intrasession-block,sub-02,,5,0.3254421949386596,0.7974122762680054,0.5371544361114502,0.387873500585556,0.387873500585556
monkeys,single-subject,aycfxm9b,8v9u37s6,poyo_eeg_neurosoft_8band_sub-03,finished,NEUROSOFT_INTRASESSION_SINGLESUBJ,per_channel_resample_cnn_add,0.4,2.5e-05,0.08,1.0,2,intrasession-block,sub-03,sub-03_ses-01_task-AcousStim_acq-RH_desc-raw,1,0.229997456073761,0.4843024015426636,0.3873219490051269,0.272212266921997,0.272212266921997
monkeys,single-subject,aycfxm9b,t01u45xt,poyo_eeg_neurosoft_8band_sub-04,finished,NEUROSOFT_INTRASESSION_SINGLESUBJ,per_channel_resample_cnn_add,0.4,2.5e-05,0.08,1.0,2,intrasession-block,sub-04,,2,0.1481189131736755,0.4485494792461395,0.1289860755205154,0.2105120718479156,0.2105120718479156
monkeys,single-subject,aycfxm9b,cjp3v3jk,poyo_eeg_neurosoft_8band_sub-05,finished,NEUROSOFT_INTRASESSION_SINGLESUBJ,per_channel_resample_cnn_add,0.4,2.5e-05,0.08,1.0,2,intrasession-block,sub-05,,2,0.7638145089149475,0.7215949296951294,0.8143453001976013,0.7449175119400024,0.7449175119400024
monkeys,single-subject,aycfxm9b,0e6guxww,poyo_eeg_neurosoft_8band_sub-06,finished,NEUROSOFT_INTRASESSION_SINGLESUBJ,per_channel_resample_cnn_add,0.4,2.5e-05,0.08,1.0,2,intrasession-block,sub-06,sub-06_ses-01_task-AcousStim_acq-RH_desc-raw,1,0.3186813294887543,0.230099618434906,0.4650205969810486,0.3909313678741455,0.3909313678741455
monkeys,multi-subject,bvcgw95o,ljqfklu4,poyo_eeg_neurosoft_8band,finished,NEUROSOFT_INTRASESSION_MULTISUBJ,per_channel_resample_cnn_add,0.4,2.5e-05,0.08,1.0,0,intrasession-block,,,27,0.4963646829128265,0.8799620866775513,0.4967339038848877,0.5059937238693237,0.5059937238693237
monkeys,multi-subject,bvcgw95o,tnspfvt2,poyo_eeg_neurosoft_8band,finished,NEUROSOFT_INTRASESSION_MULTISUBJ,per_channel_resample_cnn_add,0.4,2.5e-05,0.08,1.0,1,intrasession-block,,,27,0.4886689782142639,0.8782005906105042,0.486554205417633,0.4988952875137329,0.4988952875137329
monkeys,multi-subject,bvcgw95o,tpln4yqa,poyo_eeg_neurosoft_8band,finished,NEUROSOFT_INTRASESSION_MULTISUBJ,per_channel_resample_cnn_add,0.4,2.5e-05,0.08,1.0,2,intrasession-block,,,27,0.5129966139793396,0.8836374878883362,0.5099746584892273,0.523747980594635,0.523747980594635
