species,sweep_id,run_id,run_name,state,tokenizer,atn_dropout,learning_rate,weight_decay,grad_clip,fold,split_type,batch_size,f1,auroc,precision,recall,balanced_acc
minipigs,9cr4zl3u,skj451el,poyo_eeg_neurosoft_8band,finished,per_channel_resample_cnn_dim512,0.2,2.75e-05,0.08,0.5,0,intrasession-block,128,0.3785489499568939,0.7808332443237305,0.38516944646835327,0.3752492070198059,0.3752492070198059
minipigs,9cr4zl3u,g3ju582a,poyo_eeg_neurosoft_8band,finished,per_channel_resample_cnn_add,0.2,2.75e-05,0.1,0.5,0,intrasession-block,128,0.3779039978981018,0.7832815647125244,0.38550329208374023,0.37640851736068726,0.37640851736068726
minipigs,9cr4zl3u,wibu76bp,poyo_eeg_neurosoft_8band,finished,per_channel_resample_cnn_dim512,0.2,2.75e-05,0.1,0.5,0,intrasession-block,128,0.37777093052864075,0.7810566425323486,0.3846607804298401,0.37435710430145264,0.37435710430145264
minipigs,9cr4zl3u,2pnannb5,poyo_eeg_neurosoft_8band,finished,per_channel_resample_cnn_add,0.2,3e-05,0.08,0.5,0,intrasession-block,128,0.377144455909729,0.7861505746841431,0.3857293426990509,0.3735983371734619,0.3735983371734619
minipigs,9cr4zl3u,aej9a8j9,poyo_eeg_neurosoft_8band,finished,per_channel_resample_cnn_add,0.2,2.75e-05,0.08,0.5,0,intrasession-block,128,0.3766199350357056,0.7830361127853394,0.38554060459136963,0.37379366159439087,0.37379366159439087
minipigs,9cr4zl3u,mr0owlfp,poyo_eeg_neurosoft_8band,finished,per_channel_resample_cnn,0.2,3e-05,0.1,0.5,0,intrasession-block,128,0.3754381835460663,0.7801244258880615,0.3811590075492859,0.3725065588951111,0.3725065588951111
minipigs,9cr4zl3u,wbg8xnc5,poyo_eeg_neurosoft_8band,finished,per_channel_resample_cnn_dim512,0.4,3e-05,0.08,0.5,0,intrasession-block,128,0.3740243911743164,0.7791699767112732,0.38191765546798706,0.371288001537323,0.371288001537323
minipigs,9cr4zl3u,8furersl,poyo_eeg_neurosoft_8band,finished,per_channel_resample_cnn_add,0.2,3e-05,0.1,0.5,0,intrasession-block,128,0.3737857639789582,0.7858790159225464,0.3823812007904053,0.37036973237991333,0.37036973237991333
minipigs,9cr4zl3u,8qvop2g8,poyo_eeg_neurosoft_8band,finished,per_channel_resample_cnn_dim512,0.2,3e-05,0.08,0.5,0,intrasession-block,128,0.3731965124607086,0.781850278377533,0.38075870275497437,0.37039417028427124,0.37039417028427124
minipigs,9cr4zl3u,xkma6ekq,poyo_eeg_neurosoft_8band,finished,per_channel_resample_cnn_dim512,0.4,3e-05,0.1,0.5,0,intrasession-block,128,0.37307286262512207,0.7780733108520508,0.38117921352386475,0.36945879459381104,0.36945879459381104
minipigs,9cr4zl3u,648nw7br,poyo_eeg_neurosoft_8band,finished,per_channel_resample_cnn,0.2,2.75e-05,0.1,0.5,0,intrasession-block,128,0.37282052636146545,0.7812066078186035,0.3808179199695587,0.37055492401123047,0.37055492401123047
minipigs,9cr4zl3u,5sezs1mi,poyo_eeg_neurosoft_8band,finished,per_channel_resample_cnn,0.2,2.75e-05,0.08,0.5,0,intrasession-block,128,0.3725771903991699,0.7810883522033691,0.3800849914550781,0.3717176616191864,0.3717176616191864
minipigs,9cr4zl3u,ifnk9xve,poyo_eeg_neurosoft_8band,finished,per_channel_resample_cnn,0.4,3e-05,0.08,0.5,0,intrasession-block,128,0.3725234866142273,0.7776715159416199,0.37896543741226196,0.3695433735847473,0.3695433735847473
minipigs,9cr4zl3u,arg02a3y,poyo_eeg_neurosoft_8band,finished,per_channel_resample_cnn_dim512,0.2,3e-05,0.1,0.5,0,intrasession-block,128,0.37226948142051697,0.7812398076057434,0.3816946744918823,0.3691433072090149,0.3691433072090149
minipigs,9cr4zl3u,uhp1gz9m,poyo_eeg_neurosoft_8band,finished,per_channel_resample_cnn,0.2,3e-05,0.08,0.5,0,intrasession-block,128,0.37218889594078064,0.7814724445343018,0.38346487283706665,0.3690599799156189,0.3690599799156189
minipigs,9cr4zl3u,5f9ueu5p,poyo_eeg_neurosoft_8band,finished,per_channel_resample_cnn,0.2,2.5e-05,0.1,0.5,0,intrasession-block,128,0.37178468704223633,0.7777829170227051,0.3794814944267273,0.3698527216911316,0.3698527216911316
minipigs,9cr4zl3u,38p1d26i,poyo_eeg_neurosoft_8band,finished,per_channel_resample_cnn_dim512,0.2,2.5e-05,0.08,0.5,0,intrasession-block,128,0.3716840445995331,0.7776325941085815,0.3784469962120056,0.36958855390548706,0.36958855390548706
minipigs,9cr4zl3u,b4jdvbiz,poyo_eeg_neurosoft_8band,finished,per_channel_resample_cnn_add,0.4,3e-05,0.1,0.5,0,intrasession-block,128,0.37153634428977966,0.7857110500335693,0.38426560163497925,0.36888808012008667,0.36888808012008667
minipigs,9cr4zl3u,mjplh4mz,poyo_eeg_neurosoft_8band,finished,per_channel_resample_cnn_dim512,0.2,2.5e-05,0.1,0.5,0,intrasession-block,128,0.37133046984672546,0.7778022289276123,0.3780903220176697,0.36941826343536377,0.36941826343536377
minipigs,9cr4zl3u,jwu09v1f,poyo_eeg_neurosoft_8band,finished,per_channel_resample_cnn,0.4,3e-05,0.1,0.5,0,intrasession-block,128,0.37113499641418457,0.778497576713562,0.3788217604160309,0.3677063584327698,0.3677063584327698
minipigs,9cr4zl3u,464lgdnk,poyo_eeg_neurosoft_8band,finished,per_channel_resample_cnn_dim512,0.4,2.75e-05,0.1,0.5,0,intrasession-block,128,0.3709683120250702,0.7788457870483398,0.37817877531051636,0.37005019187927246,0.37005019187927246
minipigs,9cr4zl3u,s1xnc280,poyo_eeg_neurosoft_8band,finished,per_channel_resample_cnn_add,0.2,2.5e-05,0.08,0.5,0,intrasession-block,128,0.3706337511539459,0.7804060578346252,0.3813166618347168,0.3681720495223999,0.3681720495223999
minipigs,9cr4zl3u,5rk2c0n2,poyo_eeg_neurosoft_8band,finished,per_channel_resample_cnn_add,0.4,3e-05,0.08,0.5,0,intrasession-block,128,0.37055832147598267,0.7856965065002441,0.3837764859199524,0.3678111433982849,0.3678111433982849
minipigs,9cr4zl3u,vflbedlm,poyo_eeg_neurosoft_8band,finished,per_channel_resample_cnn_add,0.4,2.75e-05,0.08,0.5,0,intrasession-block,128,0.3704831004142761,0.7821981906890869,0.38420942425727844,0.3668924570083618,0.3668924570083618
minipigs,9cr4zl3u,nicxo4cs,poyo_eeg_neurosoft_8band,finished,per_channel_resample_cnn_dim512,0.4,2.5e-05,0.1,0.5,0,intrasession-block,128,0.3703288733959198,0.7777962684631348,0.3774901330471039,0.3686862885951996,0.3686862885951996
minipigs,9cr4zl3u,nqtthk7r,poyo_eeg_neurosoft_8band,finished,per_channel_resample_cnn,0.2,2.5e-05,0.08,0.5,0,intrasession-block,128,0.3702777028083801,0.7772684693336487,0.379067599773407,0.36880695819854736,0.36880695819854736
minipigs,9cr4zl3u,y6vmp0jn,poyo_eeg_neurosoft_8band,finished,per_channel_resample_cnn_add,0.4,2.75e-05,0.1,0.5,0,intrasession-block,128,0.37003055214881897,0.7819728851318359,0.386103093624115,0.36655861139297485,0.36655861139297485
minipigs,9cr4zl3u,2kdwbx1b,poyo_eeg_neurosoft_8band,finished,per_channel_resample_cnn,0.4,2.75e-05,0.08,0.5,0,intrasession-block,128,0.3697381019592285,0.7794641256332397,0.3796902894973755,0.36868420243263245,0.36868420243263245
minipigs,9cr4zl3u,2uptmqyn,poyo_eeg_neurosoft_8band,finished,per_channel_resample_cnn,0.4,2.75e-05,0.1,0.5,0,intrasession-block,128,0.3695160448551178,0.7793422341346741,0.37956488132476807,0.3671841621398926,0.3671841621398926
minipigs,9cr4zl3u,og4z01g2,poyo_eeg_neurosoft_8band,finished,per_channel_resample_cnn_add,0.2,2.5e-05,0.1,0.5,0,intrasession-block,128,0.3695000112056732,0.7803826332092285,0.38139960169792175,0.36699408292770386,0.36699408292770386
minipigs,9cr4zl3u,na7uhlla,poyo_eeg_neurosoft_8band,finished,per_channel_resample_cnn,0.4,2.5e-05,0.1,0.5,0,intrasession-block,128,0.36896640062332153,0.7782846093177795,0.37748610973358154,0.3690671920776367,0.3690671920776367
minipigs,9cr4zl3u,f1qzaef9,poyo_eeg_neurosoft_8band,finished,per_channel_resample_cnn_dim512,0.4,2.75e-05,0.08,0.5,0,intrasession-block,128,0.3685937523841858,0.779147207736969,0.38232332468032837,0.3664407432079315,0.3664407432079315
minipigs,9cr4zl3u,rx1tytij,poyo_eeg_neurosoft_8band,finished,per_channel_resample_cnn_add,0.4,2.5e-05,0.1,0.5,0,intrasession-block,128,0.3677383363246918,0.7766196131706238,0.3794363737106323,0.3658517599105835,0.3658517599105835
minipigs,9cr4zl3u,lkgl0nai,poyo_eeg_neurosoft_8band,finished,per_channel_resample_cnn_add,0.4,2.5e-05,0.08,0.5,0,intrasession-block,128,0.36711186170578,0.7766806483268738,0.38111448287963867,0.36494362354278564,0.36494362354278564
minipigs,9cr4zl3u,ci4la5f5,poyo_eeg_neurosoft_8band,finished,per_channel_resample_cnn,0.4,2.5e-05,0.08,0.5,0,intrasession-block,128,0.3669430613517761,0.7778099775314331,0.3786420226097107,0.36658307909965515,0.36658307909965515
minipigs,9cr4zl3u,q1jn2ppc,poyo_eeg_neurosoft_8band,finished,per_channel_resample_cnn_dim512,0.4,2.5e-05,0.08,0.5,0,intrasession-block,128,0.3663628101348877,0.7778153419494629,0.37637171149253845,0.36729109287261963,0.36729109287261963
minipigs,9cr4zl3u,8sbnz97a,poyo_eeg_neurosoft_8band,finished,per_channel_cwt_cnn,0.2,2.5e-05,0.1,0.5,0,intrasession-block,128,0.3148433268070221,0.7335610389709473,0.32873713970184326,0.31325533986091614,0.31325533986091614
minipigs,9cr4zl3u,5gwbwh3v,poyo_eeg_neurosoft_8band,finished,per_channel_cwt_cnn,0.2,3e-05,0.08,0.5,0,intrasession-block,128,0.31461024284362793,0.7275553941726685,0.32282042503356934,0.3124997913837433,0.3124997913837433
minipigs,9cr4zl3u,w2r9vx3h,poyo_eeg_neurosoft_8band,finished,per_channel_cwt_cnn,0.4,3e-05,0.08,0.5,0,intrasession-block,128,0.31181180477142334,0.7268629670143127,0.3201938271522522,0.31020069122314453,0.31020069122314453
minipigs,9cr4zl3u,9f5zt2b4,poyo_eeg_neurosoft_8band,finished,per_channel_cwt_cnn,0.2,2.75e-05,0.1,0.5,0,intrasession-block,128,0.3098224401473999,0.731255292892456,0.3259166479110718,0.30816808342933655,0.30816808342933655
minipigs,9cr4zl3u,2ueizx28,poyo_eeg_neurosoft_8band,finished,per_channel_cwt_cnn,0.4,2.75e-05,0.1,0.5,0,intrasession-block,128,0.30981510877609253,0.7249596118927002,0.3273285925388336,0.30647578835487366,0.30647578835487366
minipigs,9cr4zl3u,pq4ikd7t,poyo_eeg_neurosoft_8band,finished,per_channel_cwt_cnn,0.4,3e-05,0.1,0.5,0,intrasession-block,128,0.3069705069065094,0.7280324101448059,0.3202763497829437,0.305283784866333,0.305283784866333
minipigs,9cr4zl3u,t6m0f9gf,poyo_eeg_neurosoft_8band,finished,per_channel_cwt_cnn,0.4,2.75e-05,0.08,0.5,0,intrasession-block,128,0.3060142993927002,0.7250221967697144,0.3258904218673706,0.3043627142906189,0.3043627142906189
minipigs,9cr4zl3u,tpxb38hq,poyo_eeg_neurosoft_8band,finished,per_channel_cwt_cnn,0.4,2.5e-05,0.1,0.5,0,intrasession-block,128,0.2987016439437866,0.7240995764732361,0.3196139931678772,0.29701554775238037,0.29701554775238037
minipigs,9cr4zl3u,n6dqpmrw,poyo_eeg_neurosoft_8band,finished,per_channel_cwt_cnn,0.4,2.5e-05,0.08,0.5,0,intrasession-block,128,0.29782426357269287,0.7231818437576294,0.3197447955608368,0.2967143654823303,0.2967143654823303
minipigs,9cr4zl3u,h1blb1a2,poyo_eeg_neurosoft_8band,finished,per_channel_cwt_cnn,0.2,3e-05,0.1,0.5,0,intrasession-block,128,0.29122745990753174,0.7233535647392273,0.3299185633659363,0.2915864586830139,0.2915864586830139
minipigs,9cr4zl3u,d92wr896,poyo_eeg_neurosoft_8band,finished,per_channel_cwt_cnn,0.2,2.75e-05,0.08,0.5,0,intrasession-block,128,0.28369438648223877,0.7161813378334045,0.3242953419685364,0.28125494718551636,0.28125494718551636
minipigs,9cr4zl3u,saz29cfh,poyo_eeg_neurosoft_8band,finished,per_channel_cwt_cnn,0.2,2.5e-05,0.08,0.5,0,intrasession-block,128,0.2736663222312927,0.7106561660766602,0.319415420293808,0.27505719661712646,0.27505719661712646
monkeys,meu5wgw5,vrye18ce,poyo_eeg_neurosoft_8band,finished,per_channel_resample_cnn_add,0.4,2.5e-05,0.08,1.0,0,intrasession-block,128,0.5171999335289001,0.8844493627548218,0.5203877687454224,0.5175853967666626,0.5175853967666626
monkeys,meu5wgw5,quq6x3po,poyo_eeg_neurosoft_8band,finished,per_channel_resample_cnn_add,0.4,2.5e-05,0.3,1.0,0,intrasession-block,128,0.5163772106170654,0.8850489258766174,0.5220950841903687,0.5184715986251831,0.5184715986251831
monkeys,meu5wgw5,bequ84io,poyo_eeg_neurosoft_8band,finished,per_channel_resample_cnn_add,0.4,2.5e-05,0.3,0.5,0,intrasession-block,128,0.5137478113174438,0.8822669982910156,0.5172991156578064,0.5170068740844727,0.5170068740844727
monkeys,meu5wgw5,2nh8hmzc,poyo_eeg_neurosoft_8band,finished,per_channel_resample_cnn_add,0.4,2.5e-05,0.08,0.5,0,intrasession-block,128,0.5128742456436157,0.8841418623924255,0.5194504857063293,0.5152690410614014,0.5152690410614014
monkeys,meu5wgw5,3lwd82bd,poyo_eeg_neurosoft_8band,finished,per_channel_resample_cnn_add,0.4,2.75e-05,0.3,0.5,0,intrasession-block,128,0.5124883651733398,0.8839857578277588,0.521059513092041,0.5115618705749512,0.5115618705749512
monkeys,meu5wgw5,wlezigr1,poyo_eeg_neurosoft_8band,finished,per_channel_resample_cnn_add,0.4,2.5e-05,0.1,0.5,0,intrasession-block,128,0.5101485252380371,0.8830645084381104,0.5139533877372742,0.5141913890838623,0.5141913890838623
monkeys,meu5wgw5,4s8rcyng,poyo_eeg_neurosoft_8band,finished,per_channel_resample_cnn_add,0.4,2.75e-05,0.3,1.0,0,intrasession-block,128,0.5086446404457092,0.8822693824768066,0.5149095058441162,0.5102856159210205,0.5102856159210205
monkeys,meu5wgw5,k6r0svyw,poyo_eeg_neurosoft_8band,finished,per_channel_resample_cnn_add,0.4,2.5e-05,0.1,1.0,0,intrasession-block,128,0.507469117641449,0.883513331413269,0.5139902830123901,0.511539876461029,0.511539876461029
monkeys,meu5wgw5,z2yye1mg,poyo_eeg_neurosoft_8band,finished,per_channel_resample_cnn_add,0.4,3e-05,0.1,1.0,0,intrasession-block,128,0.507392168045044,0.8818169236183167,0.507391631603241,0.5127981901168823,0.5127981901168823
monkeys,meu5wgw5,3oxfpc7x,poyo_eeg_neurosoft_8band,finished,per_channel_resample_cnn_add,0.4,2.75e-05,0.1,1.0,0,intrasession-block,128,0.5065549612045288,0.8811436891555786,0.5135643482208252,0.5124654769897461,0.5124654769897461
monkeys,meu5wgw5,6ciefocd,poyo_eeg_neurosoft_8band,finished,per_channel_resample_cnn_add,0.4,2.75e-05,0.1,0.5,0,intrasession-block,128,0.5060282945632935,0.8820288777351379,0.5138779878616333,0.5100961327552795,0.5100961327552795
monkeys,meu5wgw5,u2wwp368,poyo_eeg_neurosoft_8band,finished,per_channel_resample_cnn_add,0.4,2.75e-05,0.08,1.0,0,intrasession-block,128,0.5041976571083069,0.880998432636261,0.5074170827865601,0.5097864866256714,0.5097864866256714
monkeys,meu5wgw5,5q6moohe,poyo_eeg_neurosoft_8band,finished,per_channel_resample_cnn_add,0.4,2.75e-05,0.08,0.5,0,intrasession-block,128,0.5031392574310303,0.8803956508636475,0.510402262210846,0.504342794418335,0.504342794418335
monkeys,meu5wgw5,7opoaitp,poyo_eeg_neurosoft_8band,finished,per_channel_resample_cnn_add,0.4,3e-05,0.3,1.0,0,intrasession-block,128,0.5030730962753296,0.8818804025650024,0.5129360556602478,0.5060673356056213,0.5060673356056213
monkeys,meu5wgw5,tky6ab9n,poyo_eeg_neurosoft_8band,finished,per_channel_resample_cnn_add,0.4,3e-05,0.3,0.5,0,intrasession-block,128,0.5014171004295349,0.8798182606697083,0.5077683329582214,0.5076810121536255,0.5076810121536255
monkeys,meu5wgw5,d8xgf5ee,poyo_eeg_neurosoft_8band,finished,per_channel_resample_cnn_add,0.4,3e-05,0.08,0.5,0,intrasession-block,128,0.5013595223426819,0.876907467842102,0.5041588544845581,0.5033154487609863,0.5033154487609863
monkeys,meu5wgw5,j83u1l7t,poyo_eeg_neurosoft_8band,finished,per_channel_resample_cnn_add,0.2,2.5e-05,0.3,0.5,0,intrasession-block,128,0.5008885860443115,0.878747820854187,0.505563497543335,0.5081148743629456,0.5081148743629456
monkeys,meu5wgw5,07iqurnm,poyo_eeg_neurosoft_8band,finished,per_channel_resample_cnn_add,0.2,2.5e-05,0.3,1.0,0,intrasession-block,128,0.5007103085517883,0.8829575777053833,0.5090029835700989,0.5046963691711426,0.5046963691711426
monkeys,meu5wgw5,6wamvka0,poyo_eeg_neurosoft_8band,finished,per_channel_resample_cnn_add,0.2,2.5e-05,0.1,1.0,0,intrasession-block,128,0.4990159869194031,0.8817014694213867,0.5066377520561218,0.5062779188156128,0.5062779188156128
monkeys,meu5wgw5,3hy7548h,poyo_eeg_neurosoft_8band,finished,per_channel_resample_cnn_add,0.4,3e-05,0.08,1.0,0,intrasession-block,128,0.49868687987327576,0.8783763647079468,0.5076629519462585,0.5015743970870972,0.5015743970870972
monkeys,meu5wgw5,w6jffkfn,poyo_eeg_neurosoft_8band,finished,per_channel_resample_cnn_add,0.2,2.5e-05,0.08,1.0,0,intrasession-block,128,0.49762773513793945,0.883708119392395,0.5103843212127686,0.4996347427368164,0.4996347427368164
monkeys,meu5wgw5,30at1md6,poyo_eeg_neurosoft_8band,finished,per_channel_resample_cnn_add,0.2,2.75e-05,0.1,1.0,0,intrasession-block,128,0.4967328608036041,0.8782398700714111,0.500525951385498,0.5014991760253906,0.5014991760253906
monkeys,meu5wgw5,lltpyg5c,poyo_eeg_neurosoft_8band,finished,per_channel_resample_cnn_add,0.4,3e-05,0.1,0.5,0,intrasession-block,128,0.49623459577560425,0.8773844838142395,0.49669957160949707,0.5017359852790833,0.5017359852790833
monkeys,meu5wgw5,seascgmq,poyo_eeg_neurosoft_8band,finished,per_channel_resample_cnn_add,0.2,3e-05,0.3,0.5,0,intrasession-block,128,0.4954185783863067,0.878650426864624,0.4993078410625458,0.49884033203125,0.49884033203125
monkeys,meu5wgw5,tla2d2rm,poyo_eeg_neurosoft_8band,finished,per_channel_resample_cnn_add,0.2,2.75e-05,0.3,1.0,0,intrasession-block,128,0.4952884912490845,0.8785595893859863,0.4983060657978058,0.4979511499404907,0.4979511499404907
monkeys,meu5wgw5,se7hyz1h,poyo_eeg_neurosoft_8band,finished,per_channel_resample_cnn_add,0.2,2.75e-05,0.3,0.5,0,intrasession-block,128,0.4948944449424744,0.8804559707641602,0.4965783357620239,0.5018000602722168,0.5018000602722168
monkeys,meu5wgw5,hwpygil5,poyo_eeg_neurosoft_8band,finished,per_channel_resample_cnn_add,0.2,2.5e-05,0.1,0.5,0,intrasession-block,128,0.4940016269683838,0.8788776397705078,0.4945758879184723,0.5012325644493103,0.5012325644493103
monkeys,meu5wgw5,a1n73nyn,poyo_eeg_neurosoft_8band,finished,per_channel_resample_cnn,0.2,2.5e-05,0.3,0.5,0,intrasession-block,128,0.4937288165092468,0.875483512878418,0.491260826587677,0.505126953125,0.505126953125
monkeys,meu5wgw5,9uqnxhh1,poyo_eeg_neurosoft_8band,finished,per_channel_resample_cnn,0.4,2.5e-05,0.3,1.0,0,intrasession-block,128,0.49355629086494446,0.8764363527297974,0.4963653087615967,0.4998469948768616,0.4998469948768616
monkeys,meu5wgw5,jsrknzo7,poyo_eeg_neurosoft_8band,finished,per_channel_resample_cnn_add,0.2,2.5e-05,0.08,0.5,0,intrasession-block,128,0.49305880069732666,0.8778705596923828,0.5006648898124695,0.4978591203689575,0.4978591203689575
monkeys,meu5wgw5,csh49cfo,poyo_eeg_neurosoft_8band,finished,per_channel_resample_cnn_add,0.2,3e-05,0.08,1.0,0,intrasession-block,128,0.492379754781723,0.8757244348526001,0.500557005405426,0.49962177872657776,0.49962177872657776
monkeys,meu5wgw5,s577reph,poyo_eeg_neurosoft_8band,finished,per_channel_resample_cnn_add,0.2,3e-05,0.3,1.0,0,intrasession-block,128,0.49230146408081055,0.8755572438240051,0.4931664764881134,0.4987643361091614,0.4987643361091614
monkeys,meu5wgw5,tn0dcuwf,poyo_eeg_neurosoft_8band,finished,per_channel_resample_cnn,0.4,2.75e-05,0.3,0.5,0,intrasession-block,128,0.49223074316978455,0.8788216710090637,0.49385932087898254,0.4971965551376343,0.4971965551376343
monkeys,meu5wgw5,dj0845xk,poyo_eeg_neurosoft_8band,finished,per_channel_resample_cnn_add,0.2,2.75e-05,0.08,1.0,0,intrasession-block,128,0.49130022525787354,0.8770711421966553,0.4956376552581787,0.5007615685462952,0.5007615685462952
monkeys,meu5wgw5,656fmcco,poyo_eeg_neurosoft_8band,finished,per_channel_resample_cnn_add,0.2,3e-05,0.1,0.5,0,intrasession-block,128,0.49112921953201294,0.8740208745002747,0.4934324324131012,0.49703431129455566,0.49703431129455566
monkeys,meu5wgw5,fiqn5lrr,poyo_eeg_neurosoft_8band,finished,per_channel_resample_cnn,0.2,2.5e-05,0.08,0.5,0,intrasession-block,128,0.4910096526145935,0.8736956119537354,0.4895370602607727,0.49698659777641296,0.49698659777641296
monkeys,meu5wgw5,zj1lfb9y,poyo_eeg_neurosoft_8band,finished,per_channel_resample_cnn,0.4,2.5e-05,0.1,0.5,0,intrasession-block,128,0.490781307220459,0.8745232820510864,0.48961883783340454,0.4958494305610657,0.4958494305610657
monkeys,meu5wgw5,55oxbwl9,poyo_eeg_neurosoft_8band,finished,per_channel_resample_cnn,0.4,2.5e-05,0.08,0.5,0,intrasession-block,128,0.4906536638736725,0.8738284111022949,0.48972564935684204,0.49365660548210144,0.49365660548210144
monkeys,meu5wgw5,nmp4awxp,poyo_eeg_neurosoft_8band,finished,per_channel_resample_cnn,0.4,2.5e-05,0.3,0.5,0,intrasession-block,128,0.4905626177787781,0.8773776292800903,0.4923095107078552,0.4993021488189697,0.4993021488189697
monkeys,meu5wgw5,2azhb3l2,poyo_eeg_neurosoft_8band,finished,per_channel_resample_cnn_add,0.2,3e-05,0.08,0.5,0,intrasession-block,128,0.4900931119918823,0.8763787150382996,0.4936232566833496,0.49603214859962463,0.49603214859962463
monkeys,meu5wgw5,2298w8v3,poyo_eeg_neurosoft_8band,finished,per_channel_resample_cnn,0.2,2.75e-05,0.3,0.5,0,intrasession-block,128,0.4900619387626648,0.8757430911064148,0.48989224433898926,0.5022000670433044,0.5022000670433044
monkeys,meu5wgw5,xl5cugls,poyo_eeg_neurosoft_8band,finished,per_channel_resample_cnn_add,0.2,3e-05,0.1,1.0,0,intrasession-block,128,0.4895678162574768,0.8748335838317871,0.49872225522994995,0.4940143823623657,0.4940143823623657
monkeys,meu5wgw5,oegbvv0e,poyo_eeg_neurosoft_8band,finished,per_channel_resample_cnn,0.4,2.75e-05,0.3,1.0,0,intrasession-block,128,0.48955947160720825,0.8764041066169739,0.4937460422515869,0.4937271475791931,0.4937271475791931
monkeys,meu5wgw5,egjmz7kb,poyo_eeg_neurosoft_8band,finished,per_channel_resample_cnn_add,0.2,2.75e-05,0.08,0.5,0,intrasession-block,128,0.489004909992218,0.8754037618637085,0.4902232587337494,0.49420100450515747,0.49420100450515747
monkeys,meu5wgw5,3blb86ao,poyo_eeg_neurosoft_8band,finished,per_channel_resample_cnn_add,0.2,2.75e-05,0.1,0.5,0,intrasession-block,128,0.48834726214408875,0.876098096370697,0.48979929089546204,0.4971802830696106,0.4971802830696106
monkeys,meu5wgw5,0eh1imax,poyo_eeg_neurosoft_8band,finished,per_channel_resample_cnn,0.2,2.5e-05,0.1,0.5,0,intrasession-block,128,0.48808324337005615,0.8749207258224487,0.48804110288619995,0.49811771512031555,0.49811771512031555
monkeys,meu5wgw5,62dja1rk,poyo_eeg_neurosoft_8band,finished,per_channel_resample_cnn,0.2,2.5e-05,0.3,1.0,0,intrasession-block,128,0.4880237579345703,0.8739656209945679,0.49112337827682495,0.491179496049881,0.491179496049881
monkeys,meu5wgw5,rkfg50ko,poyo_eeg_neurosoft_8band,finished,per_channel_resample_cnn,0.2,3e-05,0.3,1.0,0,intrasession-block,128,0.4880003333091736,0.8773722648620605,0.4981687366962433,0.49209198355674744,0.49209198355674744
monkeys,meu5wgw5,60lhtph2,poyo_eeg_neurosoft_8band,finished,per_channel_resample_cnn,0.4,3e-05,0.3,0.5,0,intrasession-block,128,0.48707765340805054,0.8792232275009155,0.4882010221481323,0.4933769106864929,0.4933769106864929
monkeys,meu5wgw5,8ug9owq4,poyo_eeg_neurosoft_8band,finished,per_channel_resample_cnn,0.2,3e-05,0.3,0.5,0,intrasession-block,128,0.4867538809776306,0.8777092695236206,0.4900469183921814,0.4984898865222931,0.4984898865222931
monkeys,meu5wgw5,toajma9y,poyo_eeg_neurosoft_8band,finished,per_channel_resample_cnn,0.4,2.75e-05,0.08,0.5,0,intrasession-block,128,0.48651939630508423,0.877448320388794,0.48643428087234497,0.49570441246032715,0.49570441246032715
monkeys,meu5wgw5,sc7s9x0j,poyo_eeg_neurosoft_8band,finished,per_channel_resample_cnn,0.4,3e-05,0.08,0.5,0,intrasession-block,128,0.4861717224121094,0.8803811073303223,0.49051493406295776,0.4912843704223633,0.4912843704223633
monkeys,meu5wgw5,bkfyvee4,poyo_eeg_neurosoft_8band,finished,per_channel_resample_cnn,0.4,2.5e-05,0.08,1.0,0,intrasession-block,128,0.4861336350440979,0.8726062774658203,0.4872313439846039,0.48942479491233826,0.48942479491233826
monkeys,meu5wgw5,gdhhd309,poyo_eeg_neurosoft_8band,finished,per_channel_resample_cnn,0.2,2.75e-05,0.1,0.5,0,intrasession-block,128,0.4861219823360443,0.8745361566543579,0.4905237555503845,0.48665499687194824,0.48665499687194824
monkeys,meu5wgw5,lxageztf,poyo_eeg_neurosoft_8band,finished,per_channel_resample_cnn,0.2,3e-05,0.08,0.5,0,intrasession-block,128,0.4859845042228699,0.8773201107978821,0.4891791343688965,0.4942755103111267,0.4942755103111267
monkeys,meu5wgw5,il4fxxwi,poyo_eeg_neurosoft_8band,finished,per_channel_resample_cnn,0.2,2.75e-05,0.1,1.0,0,intrasession-block,128,0.48557808995246887,0.8755160570144653,0.48801589012145996,0.4902840256690979,0.4902840256690979
monkeys,meu5wgw5,s667oed4,poyo_eeg_neurosoft_8band,finished,per_channel_resample_cnn,0.2,3e-05,0.1,1.0,0,intrasession-block,128,0.4853107929229736,0.877489447593689,0.4920562505722046,0.49389129877090454,0.49389129877090454
monkeys,meu5wgw5,y24yqgix,poyo_eeg_neurosoft_8band,finished,per_channel_resample_cnn,0.2,3e-05,0.1,0.5,0,intrasession-block,128,0.48515939712524414,0.8770709037780762,0.4873955249786377,0.49029386043548584,0.49029386043548584
monkeys,meu5wgw5,8kj430vx,poyo_eeg_neurosoft_8band,finished,per_channel_resample_cnn,0.4,2.5e-05,0.1,1.0,0,intrasession-block,128,0.4850040674209595,0.8739776611328125,0.48597389459609985,0.4916924238204956,0.4916924238204956
monkeys,meu5wgw5,1dfee5l6,poyo_eeg_neurosoft_8band,finished,per_channel_resample_cnn,0.2,3e-05,0.08,1.0,0,intrasession-block,128,0.48476946353912354,0.878300666809082,0.4917619228363037,0.4899306893348694,0.4899306893348694
monkeys,meu5wgw5,p1v05w1u,poyo_eeg_neurosoft_8band,finished,per_channel_resample_cnn,0.2,2.75e-05,0.08,0.5,0,intrasession-block,128,0.48457014560699463,0.8760018348693848,0.49205878376960754,0.491253137588501,0.491253137588501
monkeys,meu5wgw5,iriqfxpw,poyo_eeg_neurosoft_8band,finished,per_channel_resample_cnn,0.4,2.75e-05,0.1,0.5,0,intrasession-block,128,0.4836847484111786,0.8764128088951111,0.4865296483039856,0.4909811019897461,0.4909811019897461
monkeys,meu5wgw5,ypz0y7d9,poyo_eeg_neurosoft_8band,finished,per_channel_resample_cnn,0.4,3e-05,0.3,1.0,0,intrasession-block,128,0.4831351637840271,0.8777198791503906,0.4858829379081726,0.4861428737640381,0.4861428737640381
monkeys,meu5wgw5,moaditk4,poyo_eeg_neurosoft_8band,finished,per_channel_resample_cnn,0.4,2.75e-05,0.1,1.0,0,intrasession-block,128,0.4822816252708435,0.8775050044059753,0.4877862334251404,0.49189597368240356,0.49189597368240356
monkeys,meu5wgw5,6br6dus2,poyo_eeg_neurosoft_8band,finished,per_channel_resample_cnn,0.2,2.75e-05,0.3,1.0,0,intrasession-block,128,0.4819767475128174,0.8763607740402222,0.4877755343914032,0.4895598888397217,0.4895598888397217
monkeys,meu5wgw5,d1edkvln,poyo_eeg_neurosoft_8band,finished,per_channel_resample_cnn,0.4,3e-05,0.1,0.5,0,intrasession-block,128,0.4816178381443024,0.8773579001426697,0.4835512638092041,0.4879388213157654,0.4879388213157654
monkeys,meu5wgw5,7b0ldve4,poyo_eeg_neurosoft_8band,finished,per_channel_resample_cnn,0.4,3e-05,0.08,1.0,0,intrasession-block,128,0.48040592670440674,0.8753499984741211,0.4855886697769165,0.48566776514053345,0.48566776514053345
monkeys,meu5wgw5,bqj9r9t7,poyo_eeg_neurosoft_8band,finished,per_channel_resample_cnn,0.4,2.75e-05,0.08,1.0,0,intrasession-block,128,0.4798758625984192,0.8740838766098022,0.483309805393219,0.48770952224731445,0.48770952224731445
monkeys,meu5wgw5,tijqylaa,poyo_eeg_neurosoft_8band,finished,per_channel_resample_cnn,0.2,2.5e-05,0.1,1.0,0,intrasession-block,128,0.47964656352996826,0.8733186721801758,0.4834064841270447,0.48555105924606323,0.48555105924606323
monkeys,meu5wgw5,h9wawixd,poyo_eeg_neurosoft_8band,finished,per_channel_resample_cnn,0.2,2.75e-05,0.08,1.0,0,intrasession-block,128,0.47890138626098633,0.8742486238479614,0.48543959856033325,0.4842182993888855,0.4842182993888855
monkeys,meu5wgw5,rxg7a5dc,poyo_eeg_neurosoft_8band,finished,per_channel_resample_cnn,0.2,2.5e-05,0.08,1.0,0,intrasession-block,128,0.4781686961650848,0.8730670213699341,0.4782252907752991,0.48453444242477417,0.48453444242477417
monkeys,meu5wgw5,1z5tfoho,poyo_eeg_neurosoft_8band,finished,per_channel_resample_cnn,0.4,3e-05,0.1,1.0,0,intrasession-block,128,0.47763943672180176,0.876008927822113,0.48721927404403687,0.4841494858264923,0.4841494858264923
monkeys,meu5wgw5,dpbac632,poyo_eeg_neurosoft_8band,finished,per_channel_cwt_cnn,0.4,2.5e-05,0.1,0.5,0,intrasession-block,128,0.41481584310531616,0.8262183666229248,0.44043558835983276,0.42578279972076416,0.42578279972076416
monkeys,meu5wgw5,i0w95ysz,poyo_eeg_neurosoft_8band,finished,per_channel_cwt_cnn,0.4,2.5e-05,0.1,1.0,0,intrasession-block,128,0.3951689600944519,0.8262463212013245,0.423172265291214,0.40357592701911926,0.40357592701911926
monkeys,meu5wgw5,3xvwan9w,poyo_eeg_neurosoft_8band,finished,per_channel_cwt_cnn,0.4,2.75e-05,0.08,0.5,0,intrasession-block,128,0.3941019773483277,0.8240622878074646,0.4423081874847412,0.4059687852859497,0.4059687852859497
monkeys,meu5wgw5,7sotisqf,poyo_eeg_neurosoft_8band,finished,per_channel_cwt_cnn,0.2,2.5e-05,0.1,0.5,0,intrasession-block,128,0.3834461569786072,0.8188756704330444,0.45347926020622253,0.39607489109039307,0.39607489109039307
monkeys,meu5wgw5,daiw24m6,poyo_eeg_neurosoft_8band,finished,per_channel_cwt_cnn,0.4,3e-05,0.3,0.5,0,intrasession-block,128,0.38337382674217224,0.8209404349327087,0.42738449573516846,0.3976283371448517,0.3976283371448517
monkeys,meu5wgw5,mtbnud9y,poyo_eeg_neurosoft_8band,finished,per_channel_cwt_cnn,0.2,3e-05,0.1,0.5,0,intrasession-block,128,0.3568952977657318,0.8065227270126343,0.4329493045806885,0.3725084960460663,0.3725084960460663
monkeys,meu5wgw5,ngfpiqbn,poyo_eeg_neurosoft_8band,finished,per_channel_cwt_cnn,0.4,2.75e-05,0.1,0.5,0,intrasession-block,128,0.356029748916626,0.8061333298683167,0.4477576017379761,0.37133118510246277,0.37133118510246277
monkeys,meu5wgw5,dswpobc3,poyo_eeg_neurosoft_8band,finished,per_channel_cwt_cnn,0.2,2.75e-05,0.3,0.5,0,intrasession-block,128,0.3413390815258026,0.7994726300239563,0.44067054986953735,0.3459601402282715,0.3459601402282715
monkeys,meu5wgw5,3ky99ika,poyo_eeg_neurosoft_8band,finished,per_channel_cwt_cnn,0.2,2.75e-05,0.1,0.5,0,intrasession-block,128,0.33872395753860474,0.7981580495834351,0.43975117802619934,0.36077508330345154,0.36077508330345154
monkeys,meu5wgw5,in36ywmb,poyo_eeg_neurosoft_8band,finished,per_channel_cwt_cnn,0.4,2.75e-05,0.3,0.5,0,intrasession-block,128,0.331505686044693,0.7902925610542297,0.43916288018226624,0.3455885648727417,0.3455885648727417
monkeys,meu5wgw5,tg4dspe2,poyo_eeg_neurosoft_8band,finished,per_channel_cwt_cnn,0.2,3e-05,0.08,0.5,0,intrasession-block,128,0.3313075602054596,0.7875407338142395,0.4591531455516815,0.3487064242362976,0.3487064242362976
monkeys,meu5wgw5,i3x6spsn,poyo_eeg_neurosoft_8band,finished,per_channel_cwt_cnn,0.4,3e-05,0.08,1.0,0,intrasession-block,128,0.3311285376548767,0.7935032844543457,0.4219280481338501,0.35116979479789734,0.35116979479789734
monkeys,meu5wgw5,a1gwysmu,poyo_eeg_neurosoft_8band,finished,per_channel_cwt_cnn,0.2,2.5e-05,0.08,1.0,0,intrasession-block,128,0.3303905427455902,0.7965399622917175,0.4455776512622833,0.34383779764175415,0.34383779764175415
monkeys,meu5wgw5,y3r5b1pi,poyo_eeg_neurosoft_8band,finished,per_channel_cwt_cnn,0.2,3e-05,0.08,1.0,0,intrasession-block,128,0.32940077781677246,0.7908151149749756,0.44827625155448914,0.34964531660079956,0.34964531660079956
monkeys,meu5wgw5,t0tpj0nu,poyo_eeg_neurosoft_8band,finished,per_channel_cwt_cnn,0.2,2.5e-05,0.3,0.5,0,intrasession-block,128,0.32709869742393494,0.7814637422561646,0.450374960899353,0.3327040672302246,0.3327040672302246
monkeys,meu5wgw5,mt8b3ulk,poyo_eeg_neurosoft_8band,finished,per_channel_cwt_cnn,0.2,2.75e-05,0.08,0.5,0,intrasession-block,128,0.3258112668991089,0.7853778600692749,0.42138180136680603,0.35015353560447693,0.35015353560447693
monkeys,meu5wgw5,zemq8b9c,poyo_eeg_neurosoft_8band,finished,per_channel_cwt_cnn,0.2,2.5e-05,0.08,0.5,0,intrasession-block,128,0.32561957836151123,0.7813576459884644,0.4428384304046631,0.3330593407154083,0.3330593407154083
monkeys,meu5wgw5,7hq0gb9m,poyo_eeg_neurosoft_8band,finished,per_channel_cwt_cnn,0.4,2.75e-05,0.3,1.0,0,intrasession-block,128,0.32441529631614685,0.785769522190094,0.4402288794517517,0.35291314125061035,0.35291314125061035
monkeys,meu5wgw5,ig27bq5f,poyo_eeg_neurosoft_8band,finished,per_channel_cwt_cnn,0.2,3e-05,0.3,1.0,0,intrasession-block,128,0.32398223876953125,0.7862352132797241,0.4483620524406433,0.33539292216300964,0.33539292216300964
monkeys,meu5wgw5,iqpaywbb,poyo_eeg_neurosoft_8band,finished,per_channel_cwt_cnn,0.2,2.75e-05,0.1,1.0,0,intrasession-block,128,0.3233696520328522,0.7825703620910645,0.44797107577323914,0.35008320212364197,0.35008320212364197
monkeys,meu5wgw5,7qcbl0y9,poyo_eeg_neurosoft_8band,finished,per_channel_cwt_cnn,0.4,2.5e-05,0.3,0.5,0,intrasession-block,128,0.32328760623931885,0.7814939618110657,0.41521304845809937,0.3338989317417145,0.3338989317417145
monkeys,meu5wgw5,zg5audqx,poyo_eeg_neurosoft_8band,finished,per_channel_cwt_cnn,0.4,2.75e-05,0.1,1.0,0,intrasession-block,128,0.32300761342048645,0.7812215685844421,0.4398166537284851,0.3510655164718628,0.3510655164718628
monkeys,meu5wgw5,44qsgm3r,poyo_eeg_neurosoft_8band,finished,per_channel_cwt_cnn,0.2,3e-05,0.1,1.0,0,intrasession-block,128,0.3202226161956787,0.7859631776809692,0.4363431930541992,0.3352350890636444,0.3352350890636444
monkeys,meu5wgw5,emgail6z,poyo_eeg_neurosoft_8band,finished,per_channel_cwt_cnn,0.4,2.75e-05,0.08,1.0,0,intrasession-block,128,0.31902164220809937,0.7710453271865845,0.40552836656570435,0.32055121660232544,0.32055121660232544
monkeys,meu5wgw5,0o1ijy2f,poyo_eeg_neurosoft_8band,finished,per_channel_cwt_cnn,0.4,2.5e-05,0.08,1.0,0,intrasession-block,128,0.31878507137298584,0.7784453630447388,0.4222675561904907,0.33191120624542236,0.33191120624542236
monkeys,meu5wgw5,csqeofzn,poyo_eeg_neurosoft_8band,finished,per_channel_cwt_cnn,0.4,3e-05,0.1,0.5,0,intrasession-block,128,0.31867745518684387,0.777882993221283,0.4179181456565857,0.3317679762840271,0.3317679762840271
monkeys,meu5wgw5,zukdgujo,poyo_eeg_neurosoft_8band,finished,per_channel_cwt_cnn,0.4,2.5e-05,0.3,1.0,0,intrasession-block,128,0.3181605935096741,0.7794474363327026,0.42405304312705994,0.3317171335220337,0.3317171335220337
monkeys,meu5wgw5,2h69fsxk,poyo_eeg_neurosoft_8band,finished,per_channel_cwt_cnn,0.2,2.75e-05,0.3,1.0,0,intrasession-block,128,0.31772857904434204,0.7761655449867249,0.4387049674987793,0.3214249014854431,0.3214249014854431
monkeys,meu5wgw5,8uyem4p8,poyo_eeg_neurosoft_8band,finished,per_channel_cwt_cnn,0.4,2.5e-05,0.08,0.5,0,intrasession-block,128,0.3171633780002594,0.7727304697036743,0.4145209491252899,0.32032549381256104,0.32032549381256104
monkeys,meu5wgw5,z747bjr6,poyo_eeg_neurosoft_8band,finished,per_channel_cwt_cnn,0.2,2.5e-05,0.1,1.0,0,intrasession-block,128,0.31659331917762756,0.7768436074256897,0.44242727756500244,0.31980717182159424,0.31980717182159424
monkeys,meu5wgw5,jog6i2qz,poyo_eeg_neurosoft_8band,finished,per_channel_cwt_cnn,0.2,2.5e-05,0.3,1.0,0,intrasession-block,128,0.31644487380981445,0.7766432762145996,0.45197322964668274,0.3327040672302246,0.3327040672302246
monkeys,meu5wgw5,l2dzy2g7,poyo_eeg_neurosoft_8band,finished,per_channel_cwt_cnn,0.4,3e-05,0.08,0.5,0,intrasession-block,128,0.3152863681316376,0.7752048969268799,0.4161731004714966,0.32866373658180237,0.32866373658180237
monkeys,meu5wgw5,25gpxaml,poyo_eeg_neurosoft_8band,finished,per_channel_cwt_cnn,0.4,3e-05,0.1,1.0,0,intrasession-block,128,0.30688101053237915,0.7740164995193481,0.41750288009643555,0.33267131447792053,0.33267131447792053
monkeys,meu5wgw5,r0t5opet,poyo_eeg_neurosoft_8band,finished,per_channel_cwt_cnn,0.2,2.75e-05,0.08,1.0,0,intrasession-block,128,0.033210333436727524,0.5025516748428345,0.0191489364951849,0.125,0.125
monkeys,meu5wgw5,ibj0v1y4,poyo_eeg_neurosoft_8band,finished,per_channel_cwt_cnn,0.2,3e-05,0.3,0.5,0,intrasession-block,128,0.033210333436727524,0.5025516748428345,0.0191489364951849,0.125,0.125
monkeys,meu5wgw5,jv3kxwll,poyo_eeg_neurosoft_8band,finished,per_channel_cwt_cnn,0.4,3e-05,0.3,1.0,0,intrasession-block,128,0.033210333436727524,0.5025516748428345,0.0191489364951849,0.125,0.125
