species,sweep_id,run_id,run_name,state,gamma,alpha_smoothing,label_smoothing,weight_decay,cw_smoothing,embed_dim,depth,self_heads,cross_heads,channel_emb_fraction,tokenizer,fold,learning_rate,atn_dropout,f1,auroc,precision,recall,balanced_acc
minipigs,bvig2bi8,8nb2237n,poyo_eeg_neurosoft_8band,finished,0.5,0.75,0.2,0.09,0.75,32,2,6,6,1/2,per_channel_resample_cnn,0,2.75e-05,0.2,0.3948379456996918,0.8028217554092407,0.39720994234085083,0.41059792041778564,0.41059792041778564
minipigs,bvig2bi8,eb3smlex,poyo_eeg_neurosoft_8band,finished,1.0,0.75,0.1,0.09,0.75,32,2,6,6,1/2,per_channel_resample_cnn,0,2.75e-05,0.2,0.3928784132003784,0.8065587282180786,0.4004669785499573,0.4080493748188019,0.4080493748188019
minipigs,bvig2bi8,1lcc01lq,poyo_eeg_neurosoft_8band,finished,0.5,0.75,0.1,0.09,0.75,32,2,6,6,1/2,per_channel_resample_cnn,0,2.75e-05,0.2,0.39262986183166504,0.8034859895706177,0.39574676752090454,0.40608131885528564,0.40608131885528564
minipigs,bvig2bi8,n7awwc65,poyo_eeg_neurosoft_8band,finished,1.0,0.75,0.2,0.09,0.75,32,2,6,6,1/2,per_channel_resample_cnn,0,2.75e-05,0.2,0.3917036056518554,0.8038861751556396,0.39780014753341675,0.40574535727500916,0.40574535727500916
minipigs,bvig2bi8,6cu6ez7v,poyo_eeg_neurosoft_8band,finished,1.5,0.75,0.2,0.09,0.75,32,2,6,6,1/2,per_channel_resample_cnn,0,2.75e-05,0.2,0.3913580775260926,0.8054734468460083,0.39278918504714966,0.40519052743911743,0.40519052743911743
minipigs,bvig2bi8,vd2mwr1a,poyo_eeg_neurosoft_8band,finished,2.0,0.75,0.1,0.09,0.75,32,2,6,6,1/2,per_channel_resample_cnn,0,2.75e-05,0.2,0.3874765634536743,0.8109127283096313,0.3970123529434204,0.4081123471260071,0.4081123471260071
minipigs,bvig2bi8,uil8fifo,poyo_eeg_neurosoft_8band,finished,2.0,1.0,0.2,0.09,0.75,32,2,6,6,1/2,per_channel_resample_cnn,0,2.75e-05,0.2,0.3871931731700897,0.8042476177215576,0.3933781385421753,0.4063783884048462,0.4063783884048462
minipigs,bvig2bi8,2x0koiqh,poyo_eeg_neurosoft_8band,finished,1.5,0.75,0.1,0.09,0.75,32,2,6,6,1/2,per_channel_resample_cnn,0,2.75e-05,0.2,0.3870025277137756,0.8085207939147949,0.3921545445919037,0.40254539251327515,0.40254539251327515
minipigs,bvig2bi8,mft563un,poyo_eeg_neurosoft_8band,finished,2.0,0.75,0.2,0.09,0.75,32,2,6,6,1/2,per_channel_resample_cnn,0,2.75e-05,0.2,0.38563135266304016,0.8061146140098572,0.3905736207962036,0.4027668535709381,0.4027668535709381
minipigs,bvig2bi8,pmqfetu1,poyo_eeg_neurosoft_8band,finished,0.5,1.0,0.2,0.09,0.75,32,2,6,6,1/2,per_channel_resample_cnn,0,2.75e-05,0.2,0.37934237718582153,0.7923176288604736,0.3826873302459717,0.393766850233078,0.393766850233078
minipigs,bvig2bi8,5kmxm2v5,poyo_eeg_neurosoft_8band,finished,1.5,1.0,0.2,0.09,0.75,32,2,6,6,1/2,per_channel_resample_cnn,0,2.75e-05,0.2,0.3789908289909363,0.8013477325439453,0.38649535179138184,0.3990775942802429,0.3990775942802429
minipigs,bvig2bi8,rx5kw67t,poyo_eeg_neurosoft_8band,finished,1.0,1.0,0.2,0.09,0.75,32,2,6,6,1/2,per_channel_resample_cnn,0,2.75e-05,0.2,0.376935213804245,0.7990800142288208,0.3871311843395233,0.3957100212574005,0.3957100212574005
minipigs,bvig2bi8,ee0w33s6,poyo_eeg_neurosoft_8band,finished,2.0,1.0,0.1,0.09,0.75,32,2,6,6,1/2,per_channel_resample_cnn,0,2.75e-05,0.2,0.37512367963790894,0.8016631603240967,0.37779131531715393,0.39148715138435364,0.39148715138435364
minipigs,bvig2bi8,y5nwgmpj,poyo_eeg_neurosoft_8band,finished,1.5,1.0,0.1,0.09,0.75,32,2,6,6,1/2,per_channel_resample_cnn,0,2.75e-05,0.2,0.3743259906768799,0.7993606328964233,0.37940359115600586,0.3914984464645386,0.3914984464645386
minipigs,bvig2bi8,kp6q0hsb,poyo_eeg_neurosoft_8band,finished,0.5,1.0,0.1,0.09,0.75,32,2,6,6,1/2,per_channel_resample_cnn,0,2.75e-05,0.2,0.36983686685562134,0.7923662662506104,0.3770180940628052,0.3884899616241455,0.3884899616241455
minipigs,bvig2bi8,ta39t1eb,poyo_eeg_neurosoft_8band,finished,1.0,1.0,0.1,0.09,0.75,32,2,6,6,1/2,per_channel_resample_cnn,0,2.75e-05,0.2,0.3686455488204956,0.7949326038360596,0.3773607611656189,0.38775834441185,0.38775834441185
monkeys,weslebt0,ar4uww6o,poyo_eeg_neurosoft_8band,finished,0.5,0.75,0.1,0.09,1.0,64,4,6,8,,per_channel_resample_cnn_add,0,2.5e-05,0.4,0.5161483883857727,0.8826742768287659,0.5139337778091431,0.5258656740188599,0.5258656740188599
monkeys,weslebt0,zh7gwk6c,poyo_eeg_neurosoft_8band,finished,1.5,0.75,0.1,0.09,1.0,64,4,6,8,,per_channel_resample_cnn_add,0,2.5e-05,0.4,0.5147151947021484,0.8845933675765991,0.5126763582229614,0.5263179540634155,0.5263179540634155
monkeys,weslebt0,0w6yvsg0,poyo_eeg_neurosoft_8band,finished,1.0,1.0,0.1,0.09,1.0,64,4,6,8,,per_channel_resample_cnn_add,0,2.5e-05,0.4,0.5141693353652954,0.881420373916626,0.5118663311004639,0.5252574682235718,0.5252574682235718
monkeys,weslebt0,fti6d3qm,poyo_eeg_neurosoft_8band,finished,2.0,1.0,0.1,0.09,1.0,64,4,6,8,,per_channel_resample_cnn_add,0,2.5e-05,0.4,0.5137107968330383,0.8840428590774536,0.5106692314147949,0.5239536762237549,0.5239536762237549
monkeys,weslebt0,hp368qsg,poyo_eeg_neurosoft_8band,finished,1.0,0.75,0.1,0.09,1.0,64,4,6,8,,per_channel_resample_cnn_add,0,2.5e-05,0.4,0.5133073925971985,0.8835170269012451,0.5119214057922363,0.526934027671814,0.526934027671814
monkeys,weslebt0,99bm5hjv,poyo_eeg_neurosoft_8band,finished,0.5,1.0,0.2,0.09,1.0,64,4,6,8,,per_channel_resample_cnn_add,0,2.5e-05,0.4,0.5125688314437866,0.8787899017333984,0.5124029517173767,0.5251047611236572,0.5251047611236572
monkeys,weslebt0,asrg1wbg,poyo_eeg_neurosoft_8band,finished,1.5,1.0,0.1,0.09,1.0,64,4,6,8,,per_channel_resample_cnn_add,0,2.5e-05,0.4,0.510751485824585,0.8842614889144897,0.509558916091919,0.5220928192138672,0.5220928192138672
monkeys,weslebt0,b31v4osf,poyo_eeg_neurosoft_8band,finished,2.0,1.0,0.2,0.09,1.0,64,4,6,8,,per_channel_resample_cnn_add,0,2.5e-05,0.4,0.5104255080223083,0.8792263269424438,0.5081875324249268,0.5237940549850464,0.5237940549850464
monkeys,weslebt0,he9ok7c2,poyo_eeg_neurosoft_8band,finished,1.0,1.0,0.2,0.09,1.0,64,4,6,8,,per_channel_resample_cnn_add,0,2.5e-05,0.4,0.5102096199989319,0.8808391094207764,0.5084538459777832,0.5214998722076416,0.5214998722076416
monkeys,weslebt0,24vd2u63,poyo_eeg_neurosoft_8band,finished,2.0,0.75,0.1,0.09,1.0,64,4,6,8,,per_channel_resample_cnn_add,0,2.5e-05,0.4,0.5100431442260742,0.8835682272911072,0.5088878870010376,0.523209810256958,0.523209810256958
monkeys,weslebt0,sylbknuo,poyo_eeg_neurosoft_8band,finished,1.0,0.75,0.2,0.09,1.0,64,4,6,8,,per_channel_resample_cnn_add,0,2.5e-05,0.4,0.5088300108909607,0.8792432546615601,0.5075711011886597,0.5202711224555969,0.5202711224555969
monkeys,weslebt0,irj6n0tu,poyo_eeg_neurosoft_8band,finished,1.5,1.0,0.2,0.09,1.0,64,4,6,8,,per_channel_resample_cnn_add,0,2.5e-05,0.4,0.5077863931655884,0.8803212642669678,0.5063767433166504,0.5196470618247986,0.5196470618247986
monkeys,weslebt0,gm1xk1p4,poyo_eeg_neurosoft_8band,finished,0.5,0.75,0.2,0.09,1.0,64,4,6,8,,per_channel_resample_cnn_add,0,2.5e-05,0.4,0.507644772529602,0.8782309293746948,0.5063024759292603,0.5184707641601562,0.5184707641601562
monkeys,weslebt0,syyaheyk,poyo_eeg_neurosoft_8band,finished,2.0,0.75,0.2,0.09,1.0,64,4,6,8,,per_channel_resample_cnn_add,0,2.5e-05,0.4,0.5063096284866333,0.8794333934783936,0.5057889223098755,0.5178595781326294,0.5178595781326294
monkeys,weslebt0,2h5e4wy5,poyo_eeg_neurosoft_8band,finished,0.5,1.0,0.1,0.09,1.0,64,4,6,8,,per_channel_resample_cnn_add,0,2.5e-05,0.4,0.5062519907951355,0.8813633322715759,0.5064119100570679,0.521324634552002,0.521324634552002
monkeys,weslebt0,2j747n6t,poyo_eeg_neurosoft_8band,finished,1.5,0.75,0.2,0.09,1.0,64,4,6,8,,per_channel_resample_cnn_add,0,2.5e-05,0.4,0.5057297945022583,0.8794877529144287,0.5041481256484985,0.5191240906715393,0.5191240906715393
