species,sweep_id,run_id,run_name,state,embed_dim,depth,self_heads,cross_heads,channel_emb_fraction,tokenizer,weight_decay,learning_rate,atn_dropout,grad_clip,fold,split_type,batch_size,f1,auroc,precision,recall,balanced_acc
minipigs,ov9f1g0n,ncx1been,poyo_eeg_neurosoft_8band,finished,32,2,6,6,1/2,per_channel_resample_cnn,0.08,2.75e-05,0.2,0.5,0,intrasession-block,128,0.3936342000961304,0.8009076118469238,0.4048957824707031,0.39539486169815063,0.39539486169815063
minipigs,ov9f1g0n,nb7yfcxy,poyo_eeg_neurosoft_8band,finished,32,4,6,6,1/2,per_channel_resample_cnn,0.1,2.75e-05,0.2,0.5,0,intrasession-block,128,0.3927317261695862,0.8013403415679932,0.39923974871635437,0.39315611124038696,0.39315611124038696
minipigs,ov9f1g0n,gcgk6o9a,poyo_eeg_neurosoft_8band,finished,32,4,6,6,1/2,per_channel_resample_cnn,0.08,2.75e-05,0.2,0.5,0,intrasession-block,128,0.3901769816875458,0.8014714121818542,0.3989143371582031,0.3913272023200989,0.3913272023200989
minipigs,ov9f1g0n,wtio4bq5,poyo_eeg_neurosoft_8band,finished,32,4,6,8,1/2,per_channel_resample_cnn,0.08,2.75e-05,0.2,0.5,0,intrasession-block,128,0.38624998927116394,0.7858713865280151,0.39233118295669556,0.3856850266456604,0.3856850266456604
minipigs,ov9f1g0n,degdevhs,poyo_eeg_neurosoft_8band,finished,32,2,8,6,1/2,per_channel_resample_cnn,0.08,2.75e-05,0.2,0.5,0,intrasession-block,128,0.3852488398551941,0.789957582950592,0.3963555097579956,0.3863445818424225,0.3863445818424225
minipigs,ov9f1g0n,kr47pjrz,poyo_eeg_neurosoft_8band,finished,32,2,8,6,1/2,per_channel_resample_cnn,0.1,2.75e-05,0.2,0.5,0,intrasession-block,128,0.38411715626716614,0.7894340753555298,0.39723652601242065,0.3867097496986389,0.3867097496986389
minipigs,ov9f1g0n,bvrkj5wh,poyo_eeg_neurosoft_8band,finished,128,2,6,6,1/2,per_channel_resample_cnn,0.08,2.75e-05,0.2,0.5,0,intrasession-block,128,0.3816934227943421,0.787194013595581,0.3905298113822937,0.3832862377166748,0.3832862377166748
minipigs,ov9f1g0n,osv4dwgx,poyo_eeg_neurosoft_8band,finished,256,2,6,6,1/2,per_channel_resample_cnn,0.1,2.75e-05,0.2,0.5,0,intrasession-block,128,0.38144904375076294,0.790440559387207,0.394070565700531,0.37951838970184326,0.37951838970184326
minipigs,ov9f1g0n,to5p28cc,poyo_eeg_neurosoft_8band,finished,128,2,6,6,1/2,per_channel_resample_cnn,0.1,2.75e-05,0.2,0.5,0,intrasession-block,128,0.3808330297470093,0.787269115447998,0.39024126529693604,0.3823939263820648,0.3823939263820648
minipigs,ov9f1g0n,fi4v845j,poyo_eeg_neurosoft_8band,finished,32,2,6,8,1/2,per_channel_resample_cnn,0.08,2.75e-05,0.2,0.5,0,intrasession-block,128,0.3804565966129303,0.7871620655059814,0.3986740708351135,0.38068628311157227,0.38068628311157227
minipigs,ov9f1g0n,j2rlr6xw,poyo_eeg_neurosoft_8band,finished,256,2,8,8,1/2,per_channel_resample_cnn,0.08,2.75e-05,0.2,0.5,0,intrasession-block,128,0.3795155882835388,0.7900712490081787,0.3871959447860718,0.37900155782699585,0.37900155782699585
minipigs,ov9f1g0n,fjua7gfl,poyo_eeg_neurosoft_8band,finished,256,2,6,6,1/2,per_channel_resample_cnn,0.08,2.75e-05,0.2,0.5,0,intrasession-block,128,0.37913987040519714,0.7910875082015991,0.3917934000492096,0.37824636697769165,0.37824636697769165
minipigs,ov9f1g0n,iigifmde,poyo_eeg_neurosoft_8band,finished,32,4,8,6,1/2,per_channel_resample_cnn,0.08,2.75e-05,0.2,0.5,0,intrasession-block,128,0.3791167736053467,0.787828803062439,0.385129451751709,0.3799595236778259,0.3799595236778259
minipigs,ov9f1g0n,jucinzjd,poyo_eeg_neurosoft_8band,finished,256,2,6,8,1/2,per_channel_resample_cnn,0.08,2.75e-05,0.2,0.5,0,intrasession-block,128,0.3785661458969116,0.7903587222099304,0.3955857753753662,0.3770933747291565,0.3770933747291565
minipigs,ov9f1g0n,choem69u,poyo_eeg_neurosoft_8band,finished,128,4,6,8,1/2,per_channel_resample_cnn,0.08,2.75e-05,0.2,0.5,0,intrasession-block,128,0.3777259588241577,0.7871257066726685,0.38601136207580566,0.3786078095436096,0.3786078095436096
minipigs,ov9f1g0n,l8y0796m,poyo_eeg_neurosoft_8band,finished,64,2,8,6,1/2,per_channel_resample_cnn,0.1,2.75e-05,0.2,0.5,0,intrasession-block,128,0.3770483732223511,0.7838138341903687,0.39282941818237305,0.3743137717247009,0.3743137717247009
minipigs,ov9f1g0n,5wb1br38,poyo_eeg_neurosoft_8band,finished,32,4,8,6,1/2,per_channel_resample_cnn,0.1,2.75e-05,0.2,0.5,0,intrasession-block,128,0.3769935071468353,0.7886699438095093,0.38291576504707336,0.3773110508918762,0.3773110508918762
minipigs,ov9f1g0n,unkbvuip,poyo_eeg_neurosoft_8band,finished,256,4,6,8,1/2,per_channel_resample_cnn,0.08,2.75e-05,0.2,0.5,0,intrasession-block,128,0.37665998935699463,0.7888892889022827,0.39115384221076965,0.3726985454559326,0.3726985454559326
minipigs,ov9f1g0n,cnnnq7yi,poyo_eeg_neurosoft_8band,finished,128,2,8,8,1/4,per_channel_resample_cnn,0.08,2.75e-05,0.2,0.5,0,intrasession-block,128,0.37465107440948486,0.7807953357696533,0.38547372817993164,0.37317609786987305,0.37317609786987305
minipigs,ov9f1g0n,ddovvl02,poyo_eeg_neurosoft_8band,finished,256,2,8,6,1/3,per_channel_resample_cnn,0.08,2.75e-05,0.2,0.5,0,intrasession-block,128,0.37455761432647705,0.7833760380744934,0.3850433826446533,0.3720206916332245,0.3720206916332245
minipigs,ov9f1g0n,rbv9h4gs,poyo_eeg_neurosoft_8band,finished,256,2,8,6,1/3,per_channel_resample_cnn,0.1,2.75e-05,0.2,0.5,0,intrasession-block,128,0.3743806481361389,0.7827320098876953,0.3859666585922241,0.3715885877609253,0.3715885877609253
minipigs,ov9f1g0n,2klxlnjn,poyo_eeg_neurosoft_8band,finished,32,4,8,8,1/2,per_channel_resample_cnn,0.08,2.75e-05,0.2,0.5,0,intrasession-block,128,0.37417733669281006,0.7801217436790466,0.38290780782699585,0.3752250671386719,0.3752250671386719
minipigs,ov9f1g0n,jxsbs5oz,poyo_eeg_neurosoft_8band,finished,64,2,8,6,1/2,per_channel_resample_cnn,0.08,2.75e-05,0.2,0.5,0,intrasession-block,128,0.3733687698841095,0.783545732498169,0.39166420698165894,0.373626172542572,0.373626172542572
minipigs,ov9f1g0n,l5ssl6w5,poyo_eeg_neurosoft_8band,finished,128,2,8,8,1/2,per_channel_resample_cnn,0.08,2.75e-05,0.2,0.5,0,intrasession-block,128,0.37331587076187134,0.7856591939926147,0.38488447666168213,0.3731374740600586,0.3731374740600586
minipigs,ov9f1g0n,503pq4jk,poyo_eeg_neurosoft_8band,finished,256,4,8,6,1/3,per_channel_resample_cnn,0.08,2.75e-05,0.2,0.5,0,intrasession-block,128,0.37313738465309143,0.776207447052002,0.3761359453201294,0.3735008239746094,0.3735008239746094
minipigs,ov9f1g0n,pgqh1noj,poyo_eeg_neurosoft_8band,finished,256,4,8,6,1/2,per_channel_resample_cnn,0.08,2.75e-05,0.2,0.5,0,intrasession-block,128,0.3723132610321045,0.7846702933311462,0.398337721824646,0.3726874589920044,0.3726874589920044
minipigs,ov9f1g0n,lt8ojts9,poyo_eeg_neurosoft_8band,finished,128,4,8,6,1/3,per_channel_resample_cnn,0.08,2.75e-05,0.2,0.5,0,intrasession-block,128,0.3716873824596405,0.7745873928070068,0.38070106506347656,0.3689884543418884,0.3689884543418884
minipigs,ov9f1g0n,u7t20hxa,poyo_eeg_neurosoft_8band,finished,128,2,6,8,1/3,per_channel_resample_cnn,0.08,2.75e-05,0.2,0.5,0,intrasession-block,128,0.3711652457714081,0.7757167816162109,0.39217764139175415,0.3682466745376587,0.3682466745376587
minipigs,ov9f1g0n,lyodfb3k,poyo_eeg_neurosoft_8band,finished,128,2,6,8,1/2,per_channel_resample_cnn,0.08,2.75e-05,0.2,0.5,0,intrasession-block,128,0.3710523247718811,0.7894622087478638,0.3883892893791199,0.3706820607185364,0.3706820607185364
minipigs,ov9f1g0n,jvpgppua,poyo_eeg_neurosoft_8band,finished,128,4,8,6,1/2,per_channel_resample_cnn,0.08,2.75e-05,0.2,0.5,0,intrasession-block,128,0.3708425760269165,0.7821135520935059,0.3880755305290222,0.3716053068637848,0.3716053068637848
minipigs,ov9f1g0n,692zf4ws,poyo_eeg_neurosoft_8band,finished,256,4,6,8,1/3,per_channel_resample_cnn,0.08,2.75e-05,0.2,0.5,0,intrasession-block,128,0.3708237409591675,0.777890145778656,0.38250619173049927,0.36739692091941833,0.36739692091941833
minipigs,ov9f1g0n,h7ed2tr7,poyo_eeg_neurosoft_8band,finished,32,2,6,6,1/4,per_channel_resample_cnn,0.08,2.75e-05,0.2,0.5,0,intrasession-block,128,0.37058284878730774,0.7821636199951172,0.38278764486312866,0.36742809414863586,0.36742809414863586
minipigs,ov9f1g0n,recsx2bh,poyo_eeg_neurosoft_8band,finished,128,2,8,6,1/2,per_channel_resample_cnn,0.1,2.75e-05,0.2,0.5,0,intrasession-block,128,0.37025824189186096,0.7885928153991699,0.3795902729034424,0.36794063448905945,0.36794063448905945
minipigs,ov9f1g0n,ve82frb3,poyo_eeg_neurosoft_8band,finished,32,2,8,8,1/3,per_channel_resample_cnn,0.08,2.75e-05,0.2,0.5,0,intrasession-block,128,0.370029479265213,0.7841500639915466,0.38491880893707275,0.37462446093559265,0.37462446093559265
minipigs,ov9f1g0n,wdzxas9z,poyo_eeg_neurosoft_8band,finished,128,4,8,6,1/2,per_channel_resample_cnn,0.1,2.75e-05,0.2,0.5,0,intrasession-block,128,0.36993616819381714,0.7827943563461304,0.38725197315216064,0.3694194555282593,0.3694194555282593
minipigs,ov9f1g0n,xj4gw8bi,poyo_eeg_neurosoft_8band,finished,64,2,6,8,1/2,per_channel_resample_cnn,0.08,2.75e-05,0.2,0.5,0,intrasession-block,128,0.369868129491806,0.7808617949485779,0.38675278425216675,0.37109482288360596,0.37109482288360596
minipigs,ov9f1g0n,t11uuz4c,poyo_eeg_neurosoft_8band,finished,128,2,8,6,1/2,per_channel_resample_cnn,0.08,2.75e-05,0.2,0.5,0,intrasession-block,128,0.36899590492248535,0.7881299257278442,0.3796986937522888,0.366235613822937,0.366235613822937
minipigs,ov9f1g0n,brj97i94,poyo_eeg_neurosoft_8band,finished,128,2,6,6,1/3,per_channel_resample_cnn,0.08,2.75e-05,0.2,0.5,0,intrasession-block,128,0.36894628405570984,0.7748669385910034,0.3760218322277069,0.36735695600509644,0.36735695600509644
minipigs,ov9f1g0n,n45dg4hx,poyo_eeg_neurosoft_8band,finished,128,2,6,6,1/3,per_channel_resample_cnn,0.1,2.75e-05,0.2,0.5,0,intrasession-block,128,0.36882323026657104,0.7751110196113586,0.3726692795753479,0.3687230348587036,0.3687230348587036
minipigs,ov9f1g0n,h71246p0,poyo_eeg_neurosoft_8band,finished,128,4,6,6,1/3,per_channel_resample_cnn,0.1,2.75e-05,0.2,0.5,0,intrasession-block,128,0.3685834407806397,0.7679142951965332,0.37447482347488403,0.3691008388996124,0.3691008388996124
minipigs,ov9f1g0n,i4kznkwr,poyo_eeg_neurosoft_8band,finished,128,4,8,6,1/3,per_channel_resample_cnn,0.1,2.75e-05,0.2,0.5,0,intrasession-block,128,0.36839884519577026,0.7748150825500488,0.37895211577415466,0.36766546964645386,0.36766546964645386
minipigs,ov9f1g0n,kq0ezq0m,poyo_eeg_neurosoft_8band,finished,256,4,6,6,1/3,per_channel_resample_cnn,0.08,2.75e-05,0.2,0.5,0,intrasession-block,128,0.3683568835258484,0.7840235233306885,0.381884902715683,0.367355614900589,0.367355614900589
minipigs,ov9f1g0n,72tbk9i5,poyo_eeg_neurosoft_8band,finished,128,2,8,6,1/3,per_channel_resample_cnn,0.1,2.75e-05,0.2,0.5,0,intrasession-block,128,0.368032306432724,0.7768741846084595,0.38825005292892456,0.36614954471588135,0.36614954471588135
minipigs,ov9f1g0n,bryt6knv,poyo_eeg_neurosoft_8band,finished,128,2,8,6,1/3,per_channel_resample_cnn,0.08,2.75e-05,0.2,0.5,0,intrasession-block,128,0.36781045794487,0.7773267030715942,0.3847488760948181,0.36622244119644165,0.36622244119644165
minipigs,ov9f1g0n,4128398a,poyo_eeg_neurosoft_8band,finished,128,2,6,8,1/4,per_channel_resample_cnn,0.08,2.75e-05,0.2,0.5,0,intrasession-block,128,0.3678065836429596,0.7874941825866699,0.37786805629730225,0.3688013553619385,0.3688013553619385
minipigs,ov9f1g0n,zo36w8ec,poyo_eeg_neurosoft_8band,finished,128,4,8,8,1/2,per_channel_resample_cnn,0.08,2.75e-05,0.2,0.5,0,intrasession-block,128,0.3674871325492859,0.7839927673339844,0.3749723434448242,0.3666853606700897,0.3666853606700897
minipigs,ov9f1g0n,49gvza3w,poyo_eeg_neurosoft_8band,finished,64,4,6,8,1/2,per_channel_resample_cnn,0.08,2.75e-05,0.2,0.5,0,intrasession-block,128,0.36743009090423584,0.7790907621383667,0.3774476647377014,0.3704978823661804,0.3704978823661804
minipigs,ov9f1g0n,0ovabalo,poyo_eeg_neurosoft_8band,finished,64,2,8,8,1/2,per_channel_resample_cnn,0.08,2.75e-05,0.2,0.5,0,intrasession-block,128,0.3673553764820099,0.7810718417167664,0.38141220808029175,0.3677399158477783,0.3677399158477783
minipigs,ov9f1g0n,8jnu5zz5,poyo_eeg_neurosoft_8band,finished,128,2,8,8,1/3,per_channel_resample_cnn,0.08,2.75e-05,0.2,0.5,0,intrasession-block,128,0.3672390580177307,0.7768183946609497,0.3785516023635864,0.36436301469802856,0.36436301469802856
minipigs,ov9f1g0n,azupox9x,poyo_eeg_neurosoft_8band,finished,64,4,6,6,1/2,per_channel_resample_cnn,0.1,2.75e-05,0.2,0.5,0,intrasession-block,128,0.3672094941139221,0.7779205441474915,0.38067638874053955,0.371153861284256,0.371153861284256
minipigs,ov9f1g0n,qyai96o9,poyo_eeg_neurosoft_8band,finished,32,4,6,8,1/4,per_channel_resample_cnn,0.08,2.75e-05,0.2,0.5,0,intrasession-block,128,0.3670855164527893,0.7810155153274536,0.3714101016521454,0.3732471466064453,0.3732471466064453
minipigs,ov9f1g0n,hellkwog,poyo_eeg_neurosoft_8band,finished,32,2,6,6,1/4,per_channel_resample_cnn,0.1,2.75e-05,0.2,0.5,0,intrasession-block,128,0.3666332364082336,0.7827062606811523,0.38434529304504395,0.36582517623901367,0.36582517623901367
minipigs,ov9f1g0n,3345zb17,poyo_eeg_neurosoft_8band,finished,64,2,6,6,1/3,per_channel_resample_cnn,0.08,2.75e-05,0.2,0.5,0,intrasession-block,128,0.3658270239830017,0.7784440517425537,0.376659631729126,0.3669864237308502,0.3669864237308502
minipigs,ov9f1g0n,mry6d8ym,poyo_eeg_neurosoft_8band,finished,128,4,6,8,1/3,per_channel_resample_cnn,0.08,2.75e-05,0.2,0.5,0,intrasession-block,128,0.36579951643943787,0.7762385010719299,0.3739342987537384,0.3686850666999817,0.3686850666999817
minipigs,ov9f1g0n,bd9e7qkw,poyo_eeg_neurosoft_8band,finished,64,2,6,6,1/2,per_channel_resample_cnn,0.08,2.75e-05,0.2,0.5,0,intrasession-block,128,0.36567872762680054,0.7757986187934875,0.3833938241004944,0.3645918369293213,0.3645918369293213
minipigs,ov9f1g0n,iyrolri3,poyo_eeg_neurosoft_8band,finished,64,4,6,6,1/2,per_channel_resample_cnn,0.08,2.75e-05,0.2,0.5,0,intrasession-block,128,0.365650475025177,0.7770706415176392,0.38202017545700073,0.3697088956832886,0.3697088956832886
minipigs,ov9f1g0n,5pjo9hnx,poyo_eeg_neurosoft_8band,finished,32,2,8,8,1/4,per_channel_resample_cnn,0.08,2.75e-05,0.2,0.5,0,intrasession-block,128,0.365454375743866,0.7772603034973145,0.3787495493888855,0.3648280203342438,0.3648280203342438
minipigs,ov9f1g0n,wzii5pxf,poyo_eeg_neurosoft_8band,finished,256,2,8,8,1/3,per_channel_resample_cnn,0.08,2.75e-05,0.2,0.5,0,intrasession-block,128,0.36526572704315186,0.7897899150848389,0.38065361976623535,0.36466673016548157,0.36466673016548157
minipigs,ov9f1g0n,mgdykry4,poyo_eeg_neurosoft_8band,finished,64,4,8,8,1/2,per_channel_resample_cnn,0.08,2.75e-05,0.2,0.5,0,intrasession-block,128,0.3651115894317627,0.7824192047119141,0.38207706809043884,0.3640210032463074,0.3640210032463074
minipigs,ov9f1g0n,1xlj9o8c,poyo_eeg_neurosoft_8band,finished,32,2,8,8,1/2,per_channel_resample_cnn,0.08,2.75e-05,0.2,0.5,0,intrasession-block,128,0.3650439977645874,0.778977632522583,0.38361912965774536,0.3627764582633972,0.3627764582633972
minipigs,ov9f1g0n,mjqm23l0,poyo_eeg_neurosoft_8band,finished,128,4,6,6,1/3,per_channel_resample_cnn,0.08,2.75e-05,0.2,0.5,0,intrasession-block,128,0.36490628123283386,0.7678312063217163,0.3764687180519104,0.36341729760169983,0.36341729760169983
minipigs,ov9f1g0n,h92lpanv,poyo_eeg_neurosoft_8band,finished,64,4,8,8,1/3,per_channel_resample_cnn,0.08,2.75e-05,0.2,0.5,0,intrasession-block,128,0.36474400758743286,0.7720800638198853,0.37721312046051025,0.3636229634284973,0.3636229634284973
minipigs,ov9f1g0n,nr4yriqq,poyo_eeg_neurosoft_8band,finished,64,2,6,6,1/2,per_channel_resample_cnn,0.1,2.75e-05,0.2,0.5,0,intrasession-block,128,0.3647315502166748,0.7760635614395142,0.3822747468948364,0.36482638120651245,0.36482638120651245
minipigs,ov9f1g0n,qs4xgi1p,poyo_eeg_neurosoft_8band,finished,256,2,6,8,1/3,per_channel_resample_cnn,0.08,2.75e-05,0.2,0.5,0,intrasession-block,128,0.36415839195251465,0.7721362113952637,0.37259864807128906,0.3625710606575012,0.3625710606575012
minipigs,ov9f1g0n,avrhpvn4,poyo_eeg_neurosoft_8band,finished,256,2,8,6,1/2,per_channel_resample_cnn,0.08,2.75e-05,0.2,0.5,0,intrasession-block,128,0.3640589118003845,0.7787606716156006,0.3798176050186157,0.3624289631843567,0.3624289631843567
minipigs,ov9f1g0n,0w48vp7h,poyo_eeg_neurosoft_8band,finished,64,2,6,8,1/3,per_channel_resample_cnn,0.08,2.75e-05,0.2,0.5,0,intrasession-block,128,0.3640499413013458,0.7681200504302979,0.38413411378860474,0.35901641845703125,0.35901641845703125
minipigs,ov9f1g0n,7b99afty,poyo_eeg_neurosoft_8band,finished,64,2,6,8,1/4,per_channel_resample_cnn,0.08,2.75e-05,0.2,0.5,0,intrasession-block,128,0.3635299801826477,0.7768828868865967,0.38763993978500366,0.360870897769928,0.360870897769928
minipigs,ov9f1g0n,rrr255zt,poyo_eeg_neurosoft_8band,finished,64,4,6,6,1/4,per_channel_resample_cnn,0.08,2.75e-05,0.2,0.5,0,intrasession-block,128,0.3631815314292908,0.780289351940155,0.39174824953079224,0.3585461974143982,0.3585461974143982
minipigs,ov9f1g0n,ou7m6y75,poyo_eeg_neurosoft_8band,finished,64,2,6,6,1/3,per_channel_resample_cnn,0.1,2.75e-05,0.2,0.5,0,intrasession-block,128,0.36285510659217834,0.7792143225669861,0.3764604926109314,0.3642701804637909,0.3642701804637909
minipigs,ov9f1g0n,nn7o9vch,poyo_eeg_neurosoft_8band,finished,256,2,8,6,1/2,per_channel_resample_cnn,0.1,2.75e-05,0.2,0.5,0,intrasession-block,128,0.3626147508621216,0.7789162993431091,0.37959539890289307,0.3605312705039978,0.3605312705039978
minipigs,ov9f1g0n,71nv5lkb,poyo_eeg_neurosoft_8band,finished,128,2,8,6,1/4,per_channel_resample_cnn,0.1,2.75e-05,0.2,0.5,0,intrasession-block,128,0.36250039935112,0.7808598279953003,0.3705459237098694,0.36086493730545044,0.36086493730545044
minipigs,ov9f1g0n,dyv1pxjl,poyo_eeg_neurosoft_8band,finished,256,2,6,6,1/3,per_channel_resample_cnn,0.08,2.75e-05,0.2,0.5,0,intrasession-block,128,0.3623378276824951,0.7788411378860474,0.37336570024490356,0.35997194051742554,0.35997194051742554
minipigs,ov9f1g0n,b3r253tz,poyo_eeg_neurosoft_8band,finished,256,2,6,8,1/4,per_channel_resample_cnn,0.08,2.75e-05,0.2,0.5,0,intrasession-block,128,0.3623230755329132,0.7757483720779419,0.3743065297603607,0.3587506413459778,0.3587506413459778
minipigs,ov9f1g0n,mg0rv7ib,poyo_eeg_neurosoft_8band,finished,64,4,8,8,1/4,per_channel_resample_cnn,0.08,2.75e-05,0.2,0.5,0,intrasession-block,128,0.3622128963470459,0.7762550115585327,0.3843815326690674,0.3626444935798645,0.3626444935798645
minipigs,ov9f1g0n,fw2jcrit,poyo_eeg_neurosoft_8band,finished,32,2,8,6,1/3,per_channel_resample_cnn,0.08,2.75e-05,0.2,0.5,0,intrasession-block,128,0.362196147441864,0.775229275226593,0.37280356884002686,0.36399370431900024,0.36399370431900024
minipigs,ov9f1g0n,jf76zztt,poyo_eeg_neurosoft_8band,finished,128,2,8,6,1/4,per_channel_resample_cnn,0.08,2.75e-05,0.2,0.5,0,intrasession-block,128,0.3621506690979004,0.7805485725402832,0.36924928426742554,0.3607870042324066,0.3607870042324066
minipigs,ov9f1g0n,q9x14kh2,poyo_eeg_neurosoft_8band,finished,64,2,8,6,1/4,per_channel_resample_cnn,0.1,2.75e-05,0.2,0.5,0,intrasession-block,128,0.36171019077301025,0.7687240839004517,0.38203901052474976,0.3605040907859802,0.3605040907859802
minipigs,ov9f1g0n,l13kz3me,poyo_eeg_neurosoft_8band,finished,128,4,8,8,1/3,per_channel_resample_cnn,0.08,2.75e-05,0.2,0.5,0,intrasession-block,128,0.36168625950813293,0.7687615156173706,0.3807787299156189,0.3620162606239319,0.3620162606239319
minipigs,ov9f1g0n,ajtvt0ur,poyo_eeg_neurosoft_8band,finished,64,2,8,6,1/4,per_channel_resample_cnn,0.08,2.75e-05,0.2,0.5,0,intrasession-block,128,0.36159393191337585,0.7686337232589722,0.38234567642211914,0.36010703444480896,0.36010703444480896
minipigs,ov9f1g0n,3ku2x04u,poyo_eeg_neurosoft_8band,finished,32,4,8,8,1/3,per_channel_resample_cnn,0.08,2.75e-05,0.2,0.5,0,intrasession-block,128,0.3612971007823944,0.7726670503616333,0.37697654962539673,0.363023579120636,0.363023579120636
minipigs,ov9f1g0n,45ztjksp,poyo_eeg_neurosoft_8band,finished,128,4,6,6,1/4,per_channel_resample_cnn,0.1,2.75e-05,0.2,0.5,0,intrasession-block,128,0.36115989089012146,0.7679781317710876,0.37995651364326477,0.3576299250125885,0.3576299250125885
minipigs,ov9f1g0n,w9osvmfg,poyo_eeg_neurosoft_8band,finished,256,2,6,6,1/3,per_channel_resample_cnn,0.1,2.75e-05,0.2,0.5,0,intrasession-block,128,0.3604804277420044,0.7786939144134521,0.3746919631958008,0.35839134454727173,0.35839134454727173
minipigs,ov9f1g0n,bgut4fy8,poyo_eeg_neurosoft_8band,finished,64,4,6,6,1/3,per_channel_resample_cnn,0.08,2.75e-05,0.2,0.5,0,intrasession-block,128,0.3604029715061188,0.7667741179466248,0.36734041571617126,0.3637445271015167,0.3637445271015167
minipigs,ov9f1g0n,4o390nco,poyo_eeg_neurosoft_8band,finished,128,4,6,6,1/4,per_channel_resample_cnn,0.08,2.75e-05,0.2,0.5,0,intrasession-block,128,0.36017361283302307,0.7683796882629395,0.3773958086967468,0.3590182960033417,0.3590182960033417
minipigs,ov9f1g0n,mph2y2mn,poyo_eeg_neurosoft_8band,finished,32,2,8,6,1/3,per_channel_resample_cnn,0.1,2.75e-05,0.2,0.5,0,intrasession-block,128,0.3599075973033905,0.776817798614502,0.36961692571640015,0.3625732958316803,0.3625732958316803
minipigs,ov9f1g0n,dhzx8qh9,poyo_eeg_neurosoft_8band,finished,128,4,8,8,1/4,per_channel_resample_cnn,0.08,2.75e-05,0.2,0.5,0,intrasession-block,128,0.3597114682197571,0.7780811786651611,0.3735712170600891,0.3581581115722656,0.3581581115722656
minipigs,ov9f1g0n,mcoyaxsr,poyo_eeg_neurosoft_8band,finished,256,4,6,6,1/2,per_channel_resample_cnn,0.08,2.75e-05,0.2,0.5,0,intrasession-block,128,0.35962021350860596,0.7765789031982422,0.3803344964981079,0.35744595527648926,0.35744595527648926
minipigs,ov9f1g0n,di8f8ggs,poyo_eeg_neurosoft_8band,finished,256,2,8,8,1/4,per_channel_resample_cnn,0.08,2.75e-05,0.2,0.5,0,intrasession-block,128,0.3595064878463745,0.7755272388458252,0.37284111976623535,0.35614556074142456,0.35614556074142456
minipigs,ov9f1g0n,jtc8hlzg,poyo_eeg_neurosoft_8band,finished,64,2,8,6,1/3,per_channel_resample_cnn,0.1,2.75e-05,0.2,0.5,0,intrasession-block,128,0.3590235710144043,0.7712271213531494,0.3790872097015381,0.36087357997894287,0.36087357997894287
minipigs,ov9f1g0n,1a6gxkby,poyo_eeg_neurosoft_8band,finished,64,4,6,6,1/3,per_channel_resample_cnn,0.1,2.75e-05,0.2,0.5,0,intrasession-block,128,0.35899829864501953,0.7672367095947266,0.3671712875366211,0.36059659719467163,0.36059659719467163
minipigs,ov9f1g0n,h5h1321c,poyo_eeg_neurosoft_8band,finished,256,4,8,6,1/4,per_channel_resample_cnn,0.08,2.75e-05,0.2,0.5,0,intrasession-block,128,0.3586578965187073,0.7723212242126465,0.3684082627296448,0.3566046953201294,0.3566046953201294
minipigs,ov9f1g0n,a6sfbbn0,poyo_eeg_neurosoft_8band,finished,128,4,8,6,1/4,per_channel_resample_cnn,0.08,2.75e-05,0.2,0.5,0,intrasession-block,128,0.3584110140800476,0.7682256698608398,0.36703193187713623,0.35648685693740845,0.35648685693740845
minipigs,ov9f1g0n,fdm2g3az,poyo_eeg_neurosoft_8band,finished,64,2,8,6,1/3,per_channel_resample_cnn,0.08,2.75e-05,0.2,0.5,0,intrasession-block,128,0.357576847076416,0.7712445259094238,0.37716132402420044,0.36039385199546814,0.36039385199546814
minipigs,ov9f1g0n,j7mu0d13,poyo_eeg_neurosoft_8band,finished,128,2,6,6,1/4,per_channel_resample_cnn,0.08,2.75e-05,0.2,0.5,0,intrasession-block,128,0.35743266344070435,0.7747353315353394,0.3770536184310913,0.35447537899017334,0.35447537899017334
minipigs,ov9f1g0n,47ibbech,poyo_eeg_neurosoft_8band,finished,32,2,6,8,1/4,per_channel_resample_cnn,0.08,2.75e-05,0.2,0.5,0,intrasession-block,128,0.35742896795272827,0.7750322818756104,0.3678446412086487,0.3569016456604004,0.3569016456604004
minipigs,ov9f1g0n,iynuwv4b,poyo_eeg_neurosoft_8band,finished,64,2,8,8,1/4,per_channel_resample_cnn,0.08,2.75e-05,0.2,0.5,0,intrasession-block,128,0.35726016759872437,0.7705214619636536,0.3763410449028015,0.35823482275009155,0.35823482275009155
minipigs,ov9f1g0n,pap5qhlx,poyo_eeg_neurosoft_8band,finished,32,4,6,6,1/3,per_channel_resample_cnn,0.1,2.75e-05,0.2,0.5,0,intrasession-block,128,0.3571232855319977,0.7658171653747559,0.3704628646373749,0.35998255014419556,0.35998255014419556
minipigs,ov9f1g0n,0r1tqt75,poyo_eeg_neurosoft_8band,finished,64,4,6,8,1/3,per_channel_resample_cnn,0.08,2.75e-05,0.2,0.5,0,intrasession-block,128,0.35685664415359497,0.7705519795417786,0.3715187907218933,0.3583102226257324,0.3583102226257324
minipigs,ov9f1g0n,bo35anvs,poyo_eeg_neurosoft_8band,finished,64,4,6,8,1/4,per_channel_resample_cnn,0.08,2.75e-05,0.2,0.5,0,intrasession-block,128,0.35679811239242554,0.7798709869384766,0.37918251752853394,0.35930323600769043,0.35930323600769043
minipigs,ov9f1g0n,klnxyzld,poyo_eeg_neurosoft_8band,finished,32,4,8,6,1/4,per_channel_resample_cnn,0.1,2.75e-05,0.2,0.5,0,intrasession-block,128,0.35678818821907043,0.7702195644378662,0.3726275861263275,0.35531914234161377,0.35531914234161377
minipigs,ov9f1g0n,ghvjfljp,poyo_eeg_neurosoft_8band,finished,32,4,6,6,1/3,per_channel_resample_cnn,0.08,2.75e-05,0.2,0.5,0,intrasession-block,128,0.35649681091308594,0.7651110291481018,0.3745177388191223,0.3605148494243622,0.3605148494243622
minipigs,ov9f1g0n,n0kzq2bw,poyo_eeg_neurosoft_8band,finished,128,2,6,6,1/4,per_channel_resample_cnn,0.1,2.75e-05,0.2,0.5,0,intrasession-block,128,0.3562416732311249,0.7754095792770386,0.377335786819458,0.3534356653690338,0.3534356653690338
minipigs,ov9f1g0n,8nqw3xef,poyo_eeg_neurosoft_8band,finished,32,2,6,8,1/3,per_channel_resample_cnn,0.08,2.75e-05,0.2,0.5,0,intrasession-block,128,0.35621505975723267,0.7729364633560181,0.3768468499183655,0.3596789240837097,0.3596789240837097
minipigs,ov9f1g0n,qhfjms7a,poyo_eeg_neurosoft_8band,finished,128,4,6,8,1/4,per_channel_resample_cnn,0.08,2.75e-05,0.2,0.5,0,intrasession-block,128,0.355482280254364,0.7755443453788757,0.3745690584182739,0.35398685932159424,0.35398685932159424
minipigs,ov9f1g0n,cwbyxlx9,poyo_eeg_neurosoft_8band,finished,256,2,8,6,1/4,per_channel_resample_cnn,0.1,2.75e-05,0.2,0.5,0,intrasession-block,128,0.35469505190849304,0.7718721628189087,0.37063831090927124,0.35265371203422546,0.35265371203422546
minipigs,ov9f1g0n,5651p3x3,poyo_eeg_neurosoft_8band,finished,32,4,8,6,1/4,per_channel_resample_cnn,0.08,2.75e-05,0.2,0.5,0,intrasession-block,128,0.35458001494407654,0.7687444090843201,0.36887574195861816,0.3565601110458374,0.3565601110458374
minipigs,ov9f1g0n,duzd10tb,poyo_eeg_neurosoft_8band,finished,32,4,8,6,1/3,per_channel_resample_cnn,0.1,2.75e-05,0.2,0.5,0,intrasession-block,128,0.3542969226837158,0.7703714370727539,0.37247031927108765,0.35322803258895874,0.35322803258895874
minipigs,ov9f1g0n,klag1djr,poyo_eeg_neurosoft_8band,finished,256,2,8,6,1/4,per_channel_resample_cnn,0.08,2.75e-05,0.2,0.5,0,intrasession-block,128,0.35398179292678833,0.771485447883606,0.37026888132095337,0.3506721258163452,0.3506721258163452
minipigs,ov9f1g0n,zdvg8xtu,poyo_eeg_neurosoft_8band,finished,64,2,6,6,1/4,per_channel_resample_cnn,0.1,2.75e-05,0.2,0.5,0,intrasession-block,128,0.3535487651824951,0.7721633911132812,0.3736610412597656,0.356505423784256,0.356505423784256
minipigs,ov9f1g0n,25ljgamv,poyo_eeg_neurosoft_8band,finished,32,4,8,8,1/4,per_channel_resample_cnn,0.08,2.75e-05,0.2,0.5,0,intrasession-block,128,0.35217756032943726,0.7671676874160767,0.35976243019104004,0.3552522659301758,0.3552522659301758
minipigs,ov9f1g0n,j1e9h7xs,poyo_eeg_neurosoft_8band,finished,256,4,6,8,1/4,per_channel_resample_cnn,0.08,2.75e-05,0.2,0.5,0,intrasession-block,128,0.35206347703933716,0.7742576003074646,0.3666723370552063,0.34964197874069214,0.34964197874069214
minipigs,ov9f1g0n,h0crhmqh,poyo_eeg_neurosoft_8band,finished,32,4,6,6,1/4,per_channel_resample_cnn,0.08,2.75e-05,0.2,0.5,0,intrasession-block,128,0.3518131375312805,0.7649891376495361,0.36263036727905273,0.3520735800266266,0.3520735800266266
minipigs,ov9f1g0n,erzsu8vx,poyo_eeg_neurosoft_8band,finished,64,2,8,8,1/3,per_channel_resample_cnn,0.08,2.75e-05,0.2,0.5,0,intrasession-block,128,0.35156160593032837,0.7701709270477295,0.37187880277633667,0.34765487909317017,0.34765487909317017
minipigs,ov9f1g0n,yudozq7g,poyo_eeg_neurosoft_8band,finished,32,4,6,6,1/4,per_channel_resample_cnn,0.1,2.75e-05,0.2,0.5,0,intrasession-block,128,0.3513762354850769,0.766192615032196,0.3665494918823242,0.35137784481048584,0.35137784481048584
minipigs,ov9f1g0n,t0vjuxi0,poyo_eeg_neurosoft_8band,finished,32,4,8,6,1/3,per_channel_resample_cnn,0.08,2.75e-05,0.2,0.5,0,intrasession-block,128,0.3505459129810333,0.7695394158363342,0.3651200532913208,0.3486725091934204,0.3486725091934204
minipigs,ov9f1g0n,jtjwfha1,poyo_eeg_neurosoft_8band,finished,64,2,6,6,1/4,per_channel_resample_cnn,0.08,2.75e-05,0.2,0.5,0,intrasession-block,128,0.350381076335907,0.7714880108833313,0.3700203597545624,0.3538458049297333,0.3538458049297333
minipigs,ov9f1g0n,kywu481g,poyo_eeg_neurosoft_8band,finished,32,2,6,6,1/3,per_channel_resample_cnn,0.1,2.75e-05,0.2,0.5,0,intrasession-block,128,0.34980788826942444,0.7619503140449524,0.3660195469856262,0.354493111371994,0.354493111371994
minipigs,ov9f1g0n,mw7dsvvw,poyo_eeg_neurosoft_8band,finished,256,2,6,6,1/4,per_channel_resample_cnn,0.1,2.75e-05,0.2,0.5,0,intrasession-block,128,0.3482173681259155,0.7668524384498596,0.3577249050140381,0.347308874130249,0.347308874130249
minipigs,ov9f1g0n,7312nft2,poyo_eeg_neurosoft_8band,finished,32,4,6,8,1/3,per_channel_resample_cnn,0.08,2.75e-05,0.2,0.5,0,intrasession-block,128,0.34754109382629395,0.7657595872879028,0.3618929982185364,0.35183924436569214,0.35183924436569214
minipigs,ov9f1g0n,g94pyjzw,poyo_eeg_neurosoft_8band,finished,256,4,6,6,1/4,per_channel_resample_cnn,0.08,2.75e-05,0.2,0.5,0,intrasession-block,128,0.34678733348846436,0.7700238227844238,0.35986292362213135,0.34561973810195923,0.34561973810195923
minipigs,ov9f1g0n,qeirkqlp,poyo_eeg_neurosoft_8band,finished,256,2,6,6,1/4,per_channel_resample_cnn,0.08,2.75e-05,0.2,0.5,0,intrasession-block,128,0.34636032581329346,0.7666549682617188,0.36143890023231506,0.3448176085948944,0.3448176085948944
minipigs,ov9f1g0n,rvwt6f1u,poyo_eeg_neurosoft_8band,finished,32,2,6,6,1/3,per_channel_resample_cnn,0.08,2.75e-05,0.2,0.5,0,intrasession-block,128,0.3417108952999115,0.761310338973999,0.36660289764404297,0.34609657526016235,0.34609657526016235
minipigs,ov9f1g0n,fsvulz0z,poyo_eeg_neurosoft_8band,finished,32,2,8,6,1/4,per_channel_resample_cnn,0.1,2.75e-05,0.2,0.5,0,intrasession-block,128,0.3406738042831421,0.7604129314422607,0.37448549270629883,0.3414037823677063,0.3414037823677063
minipigs,ov9f1g0n,wft1mnrf,poyo_eeg_neurosoft_8band,finished,32,2,8,6,1/4,per_channel_resample_cnn,0.08,2.75e-05,0.2,0.5,0,intrasession-block,128,0.34020692110061646,0.7608491778373718,0.3714015483856201,0.3431362807750702,0.3431362807750702
monkeys,104ze4mt,zrvjtixp,poyo_eeg_neurosoft_8band,finished,64,4,6,8,,per_channel_resample_cnn_add,0.3,2.5e-05,0.4,1.0,0,intrasession-block,128,0.5382431745529175,0.8916394710540771,0.5356448888778687,0.5484764575958252,0.5484764575958252
monkeys,104ze4mt,gdrqhz0i,poyo_eeg_neurosoft_8band,finished,128,4,6,8,,per_channel_resample_cnn_add,0.3,2.5e-05,0.4,1.0,0,intrasession-block,128,0.5359493494033813,0.8910102248191833,0.5326836109161377,0.5422683954238892,0.5422683954238892
monkeys,104ze4mt,4zemuq6q,poyo_eeg_neurosoft_8band,finished,64,2,6,8,,per_channel_resample_cnn_add,0.3,2.5e-05,0.4,1.0,0,intrasession-block,128,0.5327237844467163,0.8910939693450928,0.5314146876335144,0.5372041463851929,0.5372041463851929
monkeys,104ze4mt,tc2yhyyq,poyo_eeg_neurosoft_8band,finished,128,4,6,8,,per_channel_resample_cnn_add,0.08,2.5e-05,0.4,1.0,0,intrasession-block,128,0.52730393409729,0.8896399736404419,0.5267506837844849,0.5326343774795532,0.5326343774795532
monkeys,104ze4mt,u18uks5n,poyo_eeg_neurosoft_8band,finished,128,4,8,8,,per_channel_resample_cnn_add,0.3,2.5e-05,0.4,1.0,0,intrasession-block,128,0.527045488357544,0.8917101621627808,0.532232403755188,0.5281635522842407,0.5281635522842407
monkeys,104ze4mt,0618a0oq,poyo_eeg_neurosoft_8band,finished,128,2,8,8,,per_channel_resample_cnn_add,0.3,2.5e-05,0.4,1.0,0,intrasession-block,128,0.5264360904693604,0.8910478353500366,0.5241439342498779,0.5317026376724243,0.5317026376724243
monkeys,104ze4mt,h4qsn42i,poyo_eeg_neurosoft_8band,finished,128,4,8,8,,per_channel_resample_cnn_add,0.08,2.5e-05,0.4,1.0,0,intrasession-block,128,0.5254884362220764,0.891760528087616,0.5353575944900513,0.530984103679657,0.530984103679657
monkeys,104ze4mt,t2e03kxa,poyo_eeg_neurosoft_8band,finished,64,4,6,8,,per_channel_resample_cnn_add,0.08,2.5e-05,0.4,1.0,0,intrasession-block,128,0.5250797867774963,0.8874775171279907,0.5249270796775818,0.5341404676437378,0.5341404676437378
monkeys,104ze4mt,rpe99rj5,poyo_eeg_neurosoft_8band,finished,64,4,8,8,,per_channel_resample_cnn_add,0.3,2.5e-05,0.4,1.0,0,intrasession-block,128,0.5246628522872925,0.8864010572433472,0.5303674936294556,0.5288218259811401,0.5288218259811401
monkeys,104ze4mt,ign3t7c2,poyo_eeg_neurosoft_8band,finished,64,2,6,6,,per_channel_resample_cnn_add,0.3,2.5e-05,0.4,1.0,0,intrasession-block,128,0.5246530771255493,0.8846710920333862,0.5299093127250671,0.5247633457183838,0.5247633457183838
monkeys,104ze4mt,y9w8mwny,poyo_eeg_neurosoft_8band,finished,128,2,6,8,,per_channel_resample_cnn_add,0.3,2.5e-05,0.4,1.0,0,intrasession-block,128,0.5237646102905273,0.8880044221878052,0.5279507040977478,0.5267083048820496,0.5267083048820496
monkeys,104ze4mt,m62v4h8x,poyo_eeg_neurosoft_8band,finished,32,2,8,6,,per_channel_resample_cnn_add,0.3,2.5e-05,0.4,1.0,0,intrasession-block,128,0.5230560302734375,0.8863446712493896,0.5250811576843262,0.5240947008132935,0.5240947008132935
monkeys,104ze4mt,f28plro0,poyo_eeg_neurosoft_8band,finished,32,4,8,8,,per_channel_resample_cnn_add,0.3,2.5e-05,0.4,1.0,0,intrasession-block,128,0.5225673913955688,0.8834414482116699,0.5305005311965942,0.524177610874176,0.524177610874176
monkeys,104ze4mt,suf76zsb,poyo_eeg_neurosoft_8band,finished,256,2,8,8,,per_channel_resample_cnn_add,0.3,2.5e-05,0.4,1.0,0,intrasession-block,128,0.5222917795181274,0.8895369172096252,0.5269286632537842,0.5268287062644958,0.5268287062644958
monkeys,104ze4mt,yg3rba2i,poyo_eeg_neurosoft_8band,finished,64,2,6,8,,per_channel_resample_cnn_add,0.08,2.5e-05,0.4,1.0,0,intrasession-block,128,0.5214056372642517,0.8880927562713623,0.5233211517333984,0.527241587638855,0.527241587638855
monkeys,104ze4mt,ns6sowuq,poyo_eeg_neurosoft_8band,finished,64,4,8,6,,per_channel_resample_cnn_add,0.08,2.5e-05,0.4,1.0,0,intrasession-block,128,0.5199922919273376,0.8848623633384705,0.5264687538146973,0.5205990076065063,0.5205990076065063
monkeys,104ze4mt,30obvrzl,poyo_eeg_neurosoft_8band,finished,256,2,8,8,,per_channel_resample_cnn_add,0.08,2.5e-05,0.4,1.0,0,intrasession-block,128,0.5196264982223511,0.8868750333786011,0.5228116512298584,0.5275757312774658,0.5275757312774658
monkeys,104ze4mt,bqyv9v3l,poyo_eeg_neurosoft_8band,finished,128,2,8,8,,per_channel_resample_cnn_add,0.08,2.5e-05,0.4,1.0,0,intrasession-block,128,0.5181958675384521,0.889107882976532,0.5234439373016357,0.5301729440689087,0.5301729440689087
monkeys,104ze4mt,efw07dzs,poyo_eeg_neurosoft_8band,finished,128,2,6,8,,per_channel_resample_cnn_add,0.08,2.5e-05,0.4,1.0,0,intrasession-block,128,0.5180716514587402,0.8855381011962891,0.5264259576797485,0.5213494300842285,0.5213494300842285
monkeys,104ze4mt,kphs5m9g,poyo_eeg_neurosoft_8band,finished,32,2,8,6,,per_channel_resample_cnn_add,0.08,2.5e-05,0.4,1.0,0,intrasession-block,128,0.5179912447929382,0.8839664459228516,0.5210140943527222,0.5170851349830627,0.5170851349830627
monkeys,104ze4mt,srsbwxnp,poyo_eeg_neurosoft_8band,finished,64,2,8,8,,per_channel_resample_cnn_add,0.3,2.5e-05,0.4,1.0,0,intrasession-block,128,0.517444372177124,0.887282133102417,0.5314784049987793,0.523105263710022,0.523105263710022
monkeys,104ze4mt,sxxpov8k,poyo_eeg_neurosoft_8band,finished,64,2,8,6,,per_channel_resample_cnn_add,0.3,2.5e-05,0.4,1.0,0,intrasession-block,128,0.5171411037445068,0.8857376575469971,0.5250632166862488,0.522575855255127,0.522575855255127
monkeys,104ze4mt,sc59c93c,poyo_eeg_neurosoft_8band,finished,256,2,8,6,,per_channel_resample_cnn_add,0.08,2.5e-05,0.4,1.0,0,intrasession-block,128,0.5169452428817749,0.8876269459724426,0.5188878774642944,0.5205554366111755,0.5205554366111755
monkeys,104ze4mt,zefg9rb4,poyo_eeg_neurosoft_8band,finished,128,4,8,6,,per_channel_resample_cnn_add,0.3,2.5e-05,0.4,1.0,0,intrasession-block,128,0.5161252021789551,0.8838675022125244,0.5190724730491638,0.5211609601974487,0.5211609601974487
monkeys,104ze4mt,2aklt9kk,poyo_eeg_neurosoft_8band,finished,256,2,6,8,,per_channel_resample_cnn_add,0.3,2.5e-05,0.4,1.0,0,intrasession-block,128,0.5158877372741699,0.8859105706214905,0.5150787830352783,0.5225218534469604,0.5225218534469604
monkeys,104ze4mt,e490swvp,poyo_eeg_neurosoft_8band,finished,32,2,6,8,,per_channel_resample_cnn_add,0.3,2.5e-05,0.4,1.0,0,intrasession-block,128,0.5154533386230469,0.8853601217269897,0.5338041186332703,0.5167633295059204,0.5167633295059204
monkeys,104ze4mt,wbhnvbam,poyo_eeg_neurosoft_8band,finished,256,2,8,6,,per_channel_resample_cnn_add,0.3,2.5e-05,0.4,1.0,0,intrasession-block,128,0.5150372982025146,0.8889963626861572,0.5208967328071594,0.5195630788803101,0.5195630788803101
monkeys,104ze4mt,8xfab29p,poyo_eeg_neurosoft_8band,finished,64,2,8,6,,per_channel_resample_cnn_add,0.08,2.5e-05,0.4,1.0,0,intrasession-block,128,0.5141047835350037,0.88399738073349,0.5205458402633667,0.5195066928863525,0.5195066928863525
monkeys,104ze4mt,vgsvl4ik,poyo_eeg_neurosoft_8band,finished,32,2,8,8,,per_channel_resample_cnn_add,0.3,2.5e-05,0.4,1.0,0,intrasession-block,128,0.5139673948287964,0.8816244602203369,0.5132010579109192,0.5234163999557495,0.5234163999557495
monkeys,104ze4mt,nr961axj,poyo_eeg_neurosoft_8band,finished,256,4,6,6,,per_channel_resample_cnn_add,0.08,2.5e-05,0.4,1.0,0,intrasession-block,128,0.5136750936508179,0.8826854825019836,0.5228555202484131,0.516573429107666,0.516573429107666
monkeys,104ze4mt,30l8j14z,poyo_eeg_neurosoft_8band,finished,128,2,8,6,,per_channel_resample_cnn_add,0.3,2.5e-05,0.4,1.0,0,intrasession-block,128,0.5133772492408752,0.8817172646522522,0.513607382774353,0.5165643692016602,0.5165643692016602
monkeys,104ze4mt,bauatmn1,poyo_eeg_neurosoft_8band,finished,32,4,8,8,,per_channel_resample_cnn_add,0.08,2.5e-05,0.4,1.0,0,intrasession-block,128,0.5131937265396118,0.8802527785301208,0.5176345109939575,0.5152838230133057,0.5152838230133057
monkeys,104ze4mt,f46ozyt0,poyo_eeg_neurosoft_8band,finished,64,2,8,8,,per_channel_resample_cnn_add,0.08,2.5e-05,0.4,1.0,0,intrasession-block,128,0.5130144953727722,0.8856939077377319,0.5198150277137756,0.5181065797805786,0.5181065797805786
monkeys,104ze4mt,dx3yr0h2,poyo_eeg_neurosoft_8band,finished,64,2,6,6,,per_channel_resample_cnn_add,0.08,2.5e-05,0.4,1.0,0,intrasession-block,128,0.5128527283668518,0.8833919763565063,0.5186430215835571,0.5154832601547241,0.5154832601547241
monkeys,104ze4mt,205lhszx,poyo_eeg_neurosoft_8band,finished,256,2,6,6,,per_channel_resample_cnn_add,0.3,2.5e-05,0.4,1.0,0,intrasession-block,128,0.5127072334289551,0.8861707448959351,0.5178872346878052,0.5156573057174683,0.5156573057174683
monkeys,104ze4mt,lt457am9,poyo_eeg_neurosoft_8band,finished,32,2,6,6,,per_channel_resample_cnn_add,0.3,2.5e-05,0.4,1.0,0,intrasession-block,128,0.5122976303100586,0.8835886120796204,0.5185645818710327,0.5151277184486389,0.5151277184486389
monkeys,104ze4mt,eyjnmvbz,poyo_eeg_neurosoft_8band,finished,128,4,6,6,,per_channel_resample_cnn_add,0.3,2.5e-05,0.4,1.0,0,intrasession-block,128,0.5120992064476013,0.880217969417572,0.522190511226654,0.5140422582626343,0.5140422582626343
monkeys,104ze4mt,mr3fxysn,poyo_eeg_neurosoft_8band,finished,32,2,6,8,,per_channel_resample_cnn_add,0.08,2.5e-05,0.4,1.0,0,intrasession-block,128,0.5115072727203369,0.8812330961227417,0.5207990407943726,0.5165624618530273,0.5165624618530273
monkeys,104ze4mt,2j0si1ev,poyo_eeg_neurosoft_8band,finished,256,4,6,6,,per_channel_resample_cnn_add,0.3,2.5e-05,0.4,1.0,0,intrasession-block,128,0.5112977623939514,0.8849380016326904,0.5139038562774658,0.5197567939758301,0.5197567939758301
monkeys,104ze4mt,2593gec2,poyo_eeg_neurosoft_8band,finished,64,4,8,8,,per_channel_resample_cnn_add,0.08,2.5e-05,0.4,1.0,0,intrasession-block,128,0.5109663009643555,0.8845487833023071,0.5159175992012024,0.5207821130752563,0.5207821130752563
monkeys,104ze4mt,eruvqxms,poyo_eeg_neurosoft_8band,finished,32,4,6,8,,per_channel_resample_cnn_add,0.3,2.5e-05,0.4,1.0,0,intrasession-block,128,0.5105940103530884,0.8824907541275024,0.5167224407196045,0.5210599899291992,0.5210599899291992
monkeys,104ze4mt,ev35krs6,poyo_eeg_neurosoft_8band,finished,256,4,8,8,,per_channel_resample_cnn_add,0.3,2.5e-05,0.4,1.0,0,intrasession-block,128,0.5104562044143677,0.8850564956665039,0.5192025303840637,0.5162995457649231,0.5162995457649231
monkeys,104ze4mt,23mdonfk,poyo_eeg_neurosoft_8band,finished,32,4,6,8,,per_channel_resample_cnn_add,0.08,2.5e-05,0.4,1.0,0,intrasession-block,128,0.5103012323379517,0.8793587684631348,0.511925220489502,0.5152761340141296,0.5152761340141296
monkeys,104ze4mt,q7k7nzjj,poyo_eeg_neurosoft_8band,finished,256,2,6,6,,per_channel_resample_cnn_add,0.08,2.5e-05,0.4,1.0,0,intrasession-block,128,0.5100198984146118,0.8858115673065186,0.5171121954917908,0.5154620409011841,0.5154620409011841
monkeys,104ze4mt,jjb1gnrf,poyo_eeg_neurosoft_8band,finished,32,2,8,8,,per_channel_resample_cnn_add,0.08,2.5e-05,0.4,1.0,0,intrasession-block,128,0.5091391801834106,0.8804068565368652,0.5083367824554443,0.5129194259643555,0.5129194259643555
monkeys,104ze4mt,k3o99slz,poyo_eeg_neurosoft_8band,finished,64,4,6,6,,per_channel_resample_cnn_add,0.08,2.5e-05,0.4,1.0,0,intrasession-block,128,0.5080035328865051,0.881436288356781,0.5158393383026123,0.5108541250228882,0.5108541250228882
monkeys,104ze4mt,j6f5jqd7,poyo_eeg_neurosoft_8band,finished,128,4,6,6,,per_channel_resample_cnn_add,0.08,2.5e-05,0.4,1.0,0,intrasession-block,128,0.5078251361846924,0.8793107867240906,0.504310131072998,0.5150506496429443,0.5150506496429443
monkeys,104ze4mt,ajsl8m3h,poyo_eeg_neurosoft_8band,finished,256,4,8,8,,per_channel_resample_cnn_add,0.08,2.5e-05,0.4,1.0,0,intrasession-block,128,0.5077054500579834,0.8847461938858032,0.5156055688858032,0.5119017362594604,0.5119017362594604
monkeys,104ze4mt,rlywgofn,poyo_eeg_neurosoft_8band,finished,128,2,8,6,,per_channel_resample_cnn_add,0.08,2.5e-05,0.4,1.0,0,intrasession-block,128,0.5072873830795288,0.8801884651184082,0.5094900131225586,0.5094127655029297,0.5094127655029297
monkeys,104ze4mt,1qzw8tg2,poyo_eeg_neurosoft_8band,finished,256,4,6,8,,per_channel_resample_cnn_add,0.3,2.5e-05,0.4,1.0,0,intrasession-block,128,0.5068368911743164,0.8832135200500488,0.5102105140686035,0.5098661184310913,0.5098661184310913
monkeys,104ze4mt,hi3niel8,poyo_eeg_neurosoft_8band,finished,32,4,6,6,,per_channel_resample_cnn_add,0.08,2.5e-05,0.4,1.0,0,intrasession-block,128,0.5050933957099915,0.88134765625,0.5058215856552124,0.5089889168739319,0.5089889168739319
monkeys,104ze4mt,3b5jtuj9,poyo_eeg_neurosoft_8band,finished,256,2,6,8,,per_channel_resample_cnn_add,0.08,2.5e-05,0.4,1.0,0,intrasession-block,128,0.5035740733146667,0.8810746669769287,0.5040963888168335,0.508863091468811,0.508863091468811
monkeys,104ze4mt,pzgcikfw,poyo_eeg_neurosoft_8band,finished,32,4,8,6,,per_channel_resample_cnn_add,0.08,2.5e-05,0.4,1.0,0,intrasession-block,128,0.5023653507232666,0.8772718906402588,0.503708004951477,0.5069042444229126,0.5069042444229126
monkeys,104ze4mt,qanki1ok,poyo_eeg_neurosoft_8band,finished,128,4,8,6,,per_channel_resample_cnn_add,0.08,2.5e-05,0.4,1.0,0,intrasession-block,128,0.5019397735595703,0.8842586278915405,0.5156168937683105,0.5056095123291016,0.5056095123291016
monkeys,104ze4mt,wgyxwwal,poyo_eeg_neurosoft_8band,finished,256,4,6,8,,per_channel_resample_cnn_add,0.08,2.5e-05,0.4,1.0,0,intrasession-block,128,0.5004310607910156,0.8794336318969727,0.5039719343185425,0.5050493478775024,0.5050493478775024
monkeys,104ze4mt,055ik7f0,poyo_eeg_neurosoft_8band,finished,256,4,8,6,,per_channel_resample_cnn_add,0.3,2.5e-05,0.4,1.0,0,intrasession-block,128,0.49950745701789856,0.8761612176895142,0.5019418597221375,0.5057246685028076,0.5057246685028076
monkeys,104ze4mt,gqe4ic5p,poyo_eeg_neurosoft_8band,finished,256,4,8,6,,per_channel_resample_cnn_add,0.08,2.5e-05,0.4,1.0,0,intrasession-block,128,0.4964740574359894,0.8767772912979126,0.4966736435890198,0.4989309310913086,0.4989309310913086
monkeys,104ze4mt,s0zjt6zn,poyo_eeg_neurosoft_8band,finished,128,2,6,6,,per_channel_resample_cnn_add,0.3,2.5e-05,0.4,1.0,0,intrasession-block,128,0.49450257420539856,0.8754223585128784,0.4987093210220337,0.5025295615196228,0.5025295615196228
monkeys,104ze4mt,28rai429,poyo_eeg_neurosoft_8band,finished,128,2,6,6,,per_channel_resample_cnn_add,0.08,2.5e-05,0.4,1.0,0,intrasession-block,128,0.4909096360206604,0.8732466697692871,0.4942893385887146,0.49656957387924194,0.49656957387924194
monkeys,104ze4mt,7zmo69yz,poyo_eeg_neurosoft_8band,finished,32,2,6,6,,per_channel_resample_cnn_add,0.08,2.5e-05,0.4,1.0,0,intrasession-block,128,0.3317025303840637,0.7904092073440552,0.44806334376335144,0.3522372841835022,0.3522372841835022
