species,embed_dim,depth,self_heads,cross_heads,channel_emb_fraction,weight_decay,n_folds,f1_mean,f1_std,auroc_mean,auroc_std,precision_mean,precision_std,recall_mean,recall_std,balanced_acc_mean,balanced_acc_std
minipigs,32,2,6,6,1/2,0.08,1,0.3936342000961304,0.0,0.8009076118469238,0.0,0.4048957824707031,0.0,0.39539486169815063,0.0,0.39539486169815063,0.0
minipigs,32,2,6,6,1/3,0.08,1,0.3417108952999115,0.0,0.761310338973999,0.0,0.36660289764404297,0.0,0.34609657526016235,0.0,0.34609657526016235,0.0
minipigs,32,2,6,6,1/3,0.1,1,0.34980788826942444,0.0,0.7619503140449524,0.0,0.3660195469856262,0.0,0.354493111371994,0.0,0.354493111371994,0.0
minipigs,32,2,6,6,1/4,0.08,1,0.37058284878730774,0.0,0.7821636199951172,0.0,0.38278764486312866,0.0,0.36742809414863586,0.0,0.36742809414863586,0.0
minipigs,32,2,6,6,1/4,0.1,1,0.3666332364082336,0.0,0.7827062606811523,0.0,0.38434529304504395,0.0,0.36582517623901367,0.0,0.36582517623901367,0.0
minipigs,32,2,6,8,1/2,0.08,1,0.3804565966129303,0.0,0.7871620655059814,0.0,0.3986740708351135,0.0,0.38068628311157227,0.0,0.38068628311157227,0.0
minipigs,32,2,6,8,1/3,0.08,1,0.35621505975723267,0.0,0.7729364633560181,0.0,0.3768468499183655,0.0,0.3596789240837097,0.0,0.3596789240837097,0.0
minipigs,32,2,6,8,1/4,0.08,1,0.35742896795272827,0.0,0.7750322818756104,0.0,0.3678446412086487,0.0,0.3569016456604004,0.0,0.3569016456604004,0.0
minipigs,32,2,8,6,1/2,0.08,1,0.3852488398551941,0.0,0.789957582950592,0.0,0.3963555097579956,0.0,0.3863445818424225,0.0,0.3863445818424225,0.0
minipigs,32,2,8,6,1/2,0.1,1,0.38411715626716614,0.0,0.7894340753555298,0.0,0.39723652601242065,0.0,0.3867097496986389,0.0,0.3867097496986389,0.0
minipigs,32,2,8,6,1/3,0.08,1,0.362196147441864,0.0,0.775229275226593,0.0,0.37280356884002686,0.0,0.36399370431900024,0.0,0.36399370431900024,0.0
minipigs,32,2,8,6,1/3,0.1,1,0.3599075973033905,0.0,0.776817798614502,0.0,0.36961692571640015,0.0,0.3625732958316803,0.0,0.3625732958316803,0.0
minipigs,32,2,8,6,1/4,0.08,1,0.34020692110061646,0.0,0.7608491778373718,0.0,0.3714015483856201,0.0,0.3431362807750702,0.0,0.3431362807750702,0.0
minipigs,32,2,8,6,1/4,0.1,1,0.3406738042831421,0.0,0.7604129314422607,0.0,0.37448549270629883,0.0,0.3414037823677063,0.0,0.3414037823677063,0.0
minipigs,32,2,8,8,1/2,0.08,1,0.3650439977645874,0.0,0.778977632522583,0.0,0.38361912965774536,0.0,0.3627764582633972,0.0,0.3627764582633972,0.0
minipigs,32,2,8,8,1/3,0.08,1,0.370029479265213,0.0,0.7841500639915466,0.0,0.38491880893707275,0.0,0.37462446093559265,0.0,0.37462446093559265,0.0
minipigs,32,2,8,8,1/4,0.08,1,0.365454375743866,0.0,0.7772603034973145,0.0,0.3787495493888855,0.0,0.3648280203342438,0.0,0.3648280203342438,0.0
minipigs,32,4,6,6,1/2,0.08,1,0.3901769816875458,0.0,0.8014714121818542,0.0,0.3989143371582031,0.0,0.3913272023200989,0.0,0.3913272023200989,0.0
minipigs,32,4,6,6,1/2,0.1,1,0.3927317261695862,0.0,0.8013403415679932,0.0,0.39923974871635437,0.0,0.39315611124038696,0.0,0.39315611124038696,0.0
minipigs,32,4,6,6,1/3,0.08,1,0.35649681091308594,0.0,0.7651110291481018,0.0,0.3745177388191223,0.0,0.3605148494243622,0.0,0.3605148494243622,0.0
minipigs,32,4,6,6,1/3,0.1,1,0.3571232855319977,0.0,0.7658171653747559,0.0,0.3704628646373749,0.0,0.35998255014419556,0.0,0.35998255014419556,0.0
minipigs,32,4,6,6,1/4,0.08,1,0.3518131375312805,0.0,0.7649891376495361,0.0,0.36263036727905273,0.0,0.3520735800266266,0.0,0.3520735800266266,0.0
minipigs,32,4,6,6,1/4,0.1,1,0.3513762354850769,0.0,0.766192615032196,0.0,0.3665494918823242,0.0,0.35137784481048584,0.0,0.35137784481048584,0.0
minipigs,32,4,6,8,1/2,0.08,1,0.38624998927116394,0.0,0.7858713865280151,0.0,0.39233118295669556,0.0,0.3856850266456604,0.0,0.3856850266456604,0.0
minipigs,32,4,6,8,1/3,0.08,1,0.34754109382629395,0.0,0.7657595872879028,0.0,0.3618929982185364,0.0,0.35183924436569214,0.0,0.35183924436569214,0.0
minipigs,32,4,6,8,1/4,0.08,1,0.3670855164527893,0.0,0.7810155153274536,0.0,0.3714101016521454,0.0,0.3732471466064453,0.0,0.3732471466064453,0.0
minipigs,32,4,8,6,1/2,0.08,1,0.3791167736053467,0.0,0.787828803062439,0.0,0.385129451751709,0.0,0.3799595236778259,0.0,0.3799595236778259,0.0
minipigs,32,4,8,6,1/2,0.1,1,0.3769935071468353,0.0,0.7886699438095093,0.0,0.38291576504707336,0.0,0.3773110508918762,0.0,0.3773110508918762,0.0
minipigs,32,4,8,6,1/3,0.08,1,0.3505459129810333,0.0,0.7695394158363342,0.0,0.3651200532913208,0.0,0.3486725091934204,0.0,0.3486725091934204,0.0
minipigs,32,4,8,6,1/3,0.1,1,0.3542969226837158,0.0,0.7703714370727539,0.0,0.37247031927108765,0.0,0.35322803258895874,0.0,0.35322803258895874,0.0
minipigs,32,4,8,6,1/4,0.08,1,0.35458001494407654,0.0,0.7687444090843201,0.0,0.36887574195861816,0.0,0.3565601110458374,0.0,0.3565601110458374,0.0
minipigs,32,4,8,6,1/4,0.1,1,0.35678818821907043,0.0,0.7702195644378662,0.0,0.3726275861263275,0.0,0.35531914234161377,0.0,0.35531914234161377,0.0
minipigs,32,4,8,8,1/2,0.08,1,0.37417733669281006,0.0,0.7801217436790466,0.0,0.38290780782699585,0.0,0.3752250671386719,0.0,0.3752250671386719,0.0
minipigs,32,4,8,8,1/3,0.08,1,0.3612971007823944,0.0,0.7726670503616333,0.0,0.37697654962539673,0.0,0.363023579120636,0.0,0.363023579120636,0.0
minipigs,32,4,8,8,1/4,0.08,1,0.35217756032943726,0.0,0.7671676874160767,0.0,0.35976243019104004,0.0,0.3552522659301758,0.0,0.3552522659301758,0.0
minipigs,64,2,6,6,1/2,0.08,1,0.36567872762680054,0.0,0.7757986187934875,0.0,0.3833938241004944,0.0,0.3645918369293213,0.0,0.3645918369293213,0.0
minipigs,64,2,6,6,1/2,0.1,1,0.3647315502166748,0.0,0.7760635614395142,0.0,0.3822747468948364,0.0,0.36482638120651245,0.0,0.36482638120651245,0.0
minipigs,64,2,6,6,1/3,0.08,1,0.3658270239830017,0.0,0.7784440517425537,0.0,0.376659631729126,0.0,0.3669864237308502,0.0,0.3669864237308502,0.0
minipigs,64,2,6,6,1/3,0.1,1,0.36285510659217834,0.0,0.7792143225669861,0.0,0.3764604926109314,0.0,0.3642701804637909,0.0,0.3642701804637909,0.0
minipigs,64,2,6,6,1/4,0.08,1,0.350381076335907,0.0,0.7714880108833313,0.0,0.3700203597545624,0.0,0.3538458049297333,0.0,0.3538458049297333,0.0
minipigs,64,2,6,6,1/4,0.1,1,0.3535487651824951,0.0,0.7721633911132812,0.0,0.3736610412597656,0.0,0.356505423784256,0.0,0.356505423784256,0.0
minipigs,64,2,6,8,1/2,0.08,1,0.369868129491806,0.0,0.7808617949485779,0.0,0.38675278425216675,0.0,0.37109482288360596,0.0,0.37109482288360596,0.0
minipigs,64,2,6,8,1/3,0.08,1,0.3640499413013458,0.0,0.7681200504302979,0.0,0.38413411378860474,0.0,0.35901641845703125,0.0,0.35901641845703125,0.0
minipigs,64,2,6,8,1/4,0.08,1,0.3635299801826477,0.0,0.7768828868865967,0.0,0.38763993978500366,0.0,0.360870897769928,0.0,0.360870897769928,0.0
minipigs,64,2,8,6,1/2,0.08,1,0.3733687698841095,0.0,0.783545732498169,0.0,0.39166420698165894,0.0,0.373626172542572,0.0,0.373626172542572,0.0
minipigs,64,2,8,6,1/2,0.1,1,0.3770483732223511,0.0,0.7838138341903687,0.0,0.39282941818237305,0.0,0.3743137717247009,0.0,0.3743137717247009,0.0
minipigs,64,2,8,6,1/3,0.08,1,0.357576847076416,0.0,0.7712445259094238,0.0,0.37716132402420044,0.0,0.36039385199546814,0.0,0.36039385199546814,0.0
minipigs,64,2,8,6,1/3,0.1,1,0.3590235710144043,0.0,0.7712271213531494,0.0,0.3790872097015381,0.0,0.36087357997894287,0.0,0.36087357997894287,0.0
minipigs,64,2,8,6,1/4,0.08,1,0.36159393191337585,0.0,0.7686337232589722,0.0,0.38234567642211914,0.0,0.36010703444480896,0.0,0.36010703444480896,0.0
minipigs,64,2,8,6,1/4,0.1,1,0.36171019077301025,0.0,0.7687240839004517,0.0,0.38203901052474976,0.0,0.3605040907859802,0.0,0.3605040907859802,0.0
minipigs,64,2,8,8,1/2,0.08,1,0.3673553764820099,0.0,0.7810718417167664,0.0,0.38141220808029175,0.0,0.3677399158477783,0.0,0.3677399158477783,0.0
minipigs,64,2,8,8,1/3,0.08,1,0.35156160593032837,0.0,0.7701709270477295,0.0,0.37187880277633667,0.0,0.34765487909317017,0.0,0.34765487909317017,0.0
minipigs,64,2,8,8,1/4,0.08,1,0.35726016759872437,0.0,0.7705214619636536,0.0,0.3763410449028015,0.0,0.35823482275009155,0.0,0.35823482275009155,0.0
minipigs,64,4,6,6,1/2,0.08,1,0.365650475025177,0.0,0.7770706415176392,0.0,0.38202017545700073,0.0,0.3697088956832886,0.0,0.3697088956832886,0.0
minipigs,64,4,6,6,1/2,0.1,1,0.3672094941139221,0.0,0.7779205441474915,0.0,0.38067638874053955,0.0,0.371153861284256,0.0,0.371153861284256,0.0
minipigs,64,4,6,6,1/3,0.08,1,0.3604029715061188,0.0,0.7667741179466248,0.0,0.36734041571617126,0.0,0.3637445271015167,0.0,0.3637445271015167,0.0
minipigs,64,4,6,6,1/3,0.1,1,0.35899829864501953,0.0,0.7672367095947266,0.0,0.3671712875366211,0.0,0.36059659719467163,0.0,0.36059659719467163,0.0
minipigs,64,4,6,6,1/4,0.08,1,0.3631815314292908,0.0,0.780289351940155,0.0,0.39174824953079224,0.0,0.3585461974143982,0.0,0.3585461974143982,0.0
minipigs,64,4,6,8,1/2,0.08,1,0.36743009090423584,0.0,0.7790907621383667,0.0,0.3774476647377014,0.0,0.3704978823661804,0.0,0.3704978823661804,0.0
minipigs,64,4,6,8,1/3,0.08,1,0.35685664415359497,0.0,0.7705519795417786,0.0,0.3715187907218933,0.0,0.3583102226257324,0.0,0.3583102226257324,0.0
minipigs,64,4,6,8,1/4,0.08,1,0.35679811239242554,0.0,0.7798709869384766,0.0,0.37918251752853394,0.0,0.35930323600769043,0.0,0.35930323600769043,0.0
minipigs,64,4,8,8,1/2,0.08,1,0.3651115894317627,0.0,0.7824192047119141,0.0,0.38207706809043884,0.0,0.3640210032463074,0.0,0.3640210032463074,0.0
minipigs,64,4,8,8,1/3,0.08,1,0.36474400758743286,0.0,0.7720800638198853,0.0,0.37721312046051025,0.0,0.3636229634284973,0.0,0.3636229634284973,0.0
minipigs,64,4,8,8,1/4,0.08,1,0.3622128963470459,0.0,0.7762550115585327,0.0,0.3843815326690674,0.0,0.3626444935798645,0.0,0.3626444935798645,0.0
minipigs,128,2,6,6,1/2,0.08,1,0.3816934227943421,0.0,0.787194013595581,0.0,0.3905298113822937,0.0,0.3832862377166748,0.0,0.3832862377166748,0.0
minipigs,128,2,6,6,1/2,0.1,1,0.3808330297470093,0.0,0.787269115447998,0.0,0.39024126529693604,0.0,0.3823939263820648,0.0,0.3823939263820648,0.0
minipigs,128,2,6,6,1/3,0.08,1,0.36894628405570984,0.0,0.7748669385910034,0.0,0.3760218322277069,0.0,0.36735695600509644,0.0,0.36735695600509644,0.0
minipigs,128,2,6,6,1/3,0.1,1,0.36882323026657104,0.0,0.7751110196113586,0.0,0.3726692795753479,0.0,0.3687230348587036,0.0,0.3687230348587036,0.0
minipigs,128,2,6,6,1/4,0.08,1,0.35743266344070435,0.0,0.7747353315353394,0.0,0.3770536184310913,0.0,0.35447537899017334,0.0,0.35447537899017334,0.0
minipigs,128,2,6,6,1/4,0.1,1,0.3562416732311249,0.0,0.7754095792770386,0.0,0.377335786819458,0.0,0.3534356653690338,0.0,0.3534356653690338,0.0
minipigs,128,2,6,8,1/2,0.08,1,0.3710523247718811,0.0,0.7894622087478638,0.0,0.3883892893791199,0.0,0.3706820607185364,0.0,0.3706820607185364,0.0
minipigs,128,2,6,8,1/3,0.08,1,0.3711652457714081,0.0,0.7757167816162109,0.0,0.39217764139175415,0.0,0.3682466745376587,0.0,0.3682466745376587,0.0
minipigs,128,2,6,8,1/4,0.08,1,0.3678065836429596,0.0,0.7874941825866699,0.0,0.37786805629730225,0.0,0.3688013553619385,0.0,0.3688013553619385,0.0
minipigs,128,2,8,6,1/2,0.08,1,0.36899590492248535,0.0,0.7881299257278442,0.0,0.3796986937522888,0.0,0.366235613822937,0.0,0.366235613822937,0.0
minipigs,128,2,8,6,1/2,0.1,1,0.37025824189186096,0.0,0.7885928153991699,0.0,0.3795902729034424,0.0,0.36794063448905945,0.0,0.36794063448905945,0.0
minipigs,128,2,8,6,1/3,0.08,1,0.36781045794487,0.0,0.7773267030715942,0.0,0.3847488760948181,0.0,0.36622244119644165,0.0,0.36622244119644165,0.0
minipigs,128,2,8,6,1/3,0.1,1,0.368032306432724,0.0,0.7768741846084595,0.0,0.38825005292892456,0.0,0.36614954471588135,0.0,0.36614954471588135,0.0
minipigs,128,2,8,6,1/4,0.08,1,0.3621506690979004,0.0,0.7805485725402832,0.0,0.36924928426742554,0.0,0.3607870042324066,0.0,0.3607870042324066,0.0
minipigs,128,2,8,6,1/4,0.1,1,0.36250039935112,0.0,0.7808598279953003,0.0,0.3705459237098694,0.0,0.36086493730545044,0.0,0.36086493730545044,0.0
minipigs,128,2,8,8,1/2,0.08,1,0.37331587076187134,0.0,0.7856591939926147,0.0,0.38488447666168213,0.0,0.3731374740600586,0.0,0.3731374740600586,0.0
minipigs,128,2,8,8,1/3,0.08,1,0.3672390580177307,0.0,0.7768183946609497,0.0,0.3785516023635864,0.0,0.36436301469802856,0.0,0.36436301469802856,0.0
minipigs,128,2,8,8,1/4,0.08,1,0.37465107440948486,0.0,0.7807953357696533,0.0,0.38547372817993164,0.0,0.37317609786987305,0.0,0.37317609786987305,0.0
minipigs,128,4,6,6,1/3,0.08,1,0.36490628123283386,0.0,0.7678312063217163,0.0,0.3764687180519104,0.0,0.36341729760169983,0.0,0.36341729760169983,0.0
minipigs,128,4,6,6,1/3,0.1,1,0.3685834407806397,0.0,0.7679142951965332,0.0,0.37447482347488403,0.0,0.3691008388996124,0.0,0.3691008388996124,0.0
minipigs,128,4,6,6,1/4,0.08,1,0.36017361283302307,0.0,0.7683796882629395,0.0,0.3773958086967468,0.0,0.3590182960033417,0.0,0.3590182960033417,0.0
minipigs,128,4,6,6,1/4,0.1,1,0.36115989089012146,0.0,0.7679781317710876,0.0,0.37995651364326477,0.0,0.3576299250125885,0.0,0.3576299250125885,0.0
minipigs,128,4,6,8,1/2,0.08,1,0.3777259588241577,0.0,0.7871257066726685,0.0,0.38601136207580566,0.0,0.3786078095436096,0.0,0.3786078095436096,0.0
minipigs,128,4,6,8,1/3,0.08,1,0.36579951643943787,0.0,0.7762385010719299,0.0,0.3739342987537384,0.0,0.3686850666999817,0.0,0.3686850666999817,0.0
minipigs,128,4,6,8,1/4,0.08,1,0.355482280254364,0.0,0.7755443453788757,0.0,0.3745690584182739,0.0,0.35398685932159424,0.0,0.35398685932159424,0.0
minipigs,128,4,8,6,1/2,0.08,1,0.3708425760269165,0.0,0.7821135520935059,0.0,0.3880755305290222,0.0,0.3716053068637848,0.0,0.3716053068637848,0.0
minipigs,128,4,8,6,1/2,0.1,1,0.36993616819381714,0.0,0.7827943563461304,0.0,0.38725197315216064,0.0,0.3694194555282593,0.0,0.3694194555282593,0.0
minipigs,128,4,8,6,1/3,0.08,1,0.3716873824596405,0.0,0.7745873928070068,0.0,0.38070106506347656,0.0,0.3689884543418884,0.0,0.3689884543418884,0.0
minipigs,128,4,8,6,1/3,0.1,1,0.36839884519577026,0.0,0.7748150825500488,0.0,0.37895211577415466,0.0,0.36766546964645386,0.0,0.36766546964645386,0.0
minipigs,128,4,8,6,1/4,0.08,1,0.3584110140800476,0.0,0.7682256698608398,0.0,0.36703193187713623,0.0,0.35648685693740845,0.0,0.35648685693740845,0.0
minipigs,128,4,8,8,1/2,0.08,1,0.3674871325492859,0.0,0.7839927673339844,0.0,0.3749723434448242,0.0,0.3666853606700897,0.0,0.3666853606700897,0.0
minipigs,128,4,8,8,1/3,0.08,1,0.36168625950813293,0.0,0.7687615156173706,0.0,0.3807787299156189,0.0,0.3620162606239319,0.0,0.3620162606239319,0.0
minipigs,128,4,8,8,1/4,0.08,1,0.3597114682197571,0.0,0.7780811786651611,0.0,0.3735712170600891,0.0,0.3581581115722656,0.0,0.3581581115722656,0.0
minipigs,256,2,6,6,1/2,0.08,1,0.37913987040519714,0.0,0.7910875082015991,0.0,0.3917934000492096,0.0,0.37824636697769165,0.0,0.37824636697769165,0.0
minipigs,256,2,6,6,1/2,0.1,1,0.38144904375076294,0.0,0.790440559387207,0.0,0.394070565700531,0.0,0.37951838970184326,0.0,0.37951838970184326,0.0
minipigs,256,2,6,6,1/3,0.08,1,0.3623378276824951,0.0,0.7788411378860474,0.0,0.37336570024490356,0.0,0.35997194051742554,0.0,0.35997194051742554,0.0
minipigs,256,2,6,6,1/3,0.1,1,0.3604804277420044,0.0,0.7786939144134521,0.0,0.3746919631958008,0.0,0.35839134454727173,0.0,0.35839134454727173,0.0
minipigs,256,2,6,6,1/4,0.08,1,0.34636032581329346,0.0,0.7666549682617188,0.0,0.36143890023231506,0.0,0.3448176085948944,0.0,0.3448176085948944,0.0
minipigs,256,2,6,6,1/4,0.1,1,0.3482173681259155,0.0,0.7668524384498596,0.0,0.3577249050140381,0.0,0.347308874130249,0.0,0.347308874130249,0.0
minipigs,256,2,6,8,1/2,0.08,1,0.3785661458969116,0.0,0.7903587222099304,0.0,0.3955857753753662,0.0,0.3770933747291565,0.0,0.3770933747291565,0.0
minipigs,256,2,6,8,1/3,0.08,1,0.36415839195251465,0.0,0.7721362113952637,0.0,0.37259864807128906,0.0,0.3625710606575012,0.0,0.3625710606575012,0.0
minipigs,256,2,6,8,1/4,0.08,1,0.3623230755329132,0.0,0.7757483720779419,0.0,0.3743065297603607,0.0,0.3587506413459778,0.0,0.3587506413459778,0.0
minipigs,256,2,8,6,1/2,0.08,1,0.3640589118003845,0.0,0.7787606716156006,0.0,0.3798176050186157,0.0,0.3624289631843567,0.0,0.3624289631843567,0.0
minipigs,256,2,8,6,1/2,0.1,1,0.3626147508621216,0.0,0.7789162993431091,0.0,0.37959539890289307,0.0,0.3605312705039978,0.0,0.3605312705039978,0.0
minipigs,256,2,8,6,1/3,0.08,1,0.37455761432647705,0.0,0.7833760380744934,0.0,0.3850433826446533,0.0,0.3720206916332245,0.0,0.3720206916332245,0.0
minipigs,256,2,8,6,1/3,0.1,1,0.3743806481361389,0.0,0.7827320098876953,0.0,0.3859666585922241,0.0,0.3715885877609253,0.0,0.3715885877609253,0.0
minipigs,256,2,8,6,1/4,0.08,1,0.35398179292678833,0.0,0.771485447883606,0.0,0.37026888132095337,0.0,0.3506721258163452,0.0,0.3506721258163452,0.0
minipigs,256,2,8,6,1/4,0.1,1,0.35469505190849304,0.0,0.7718721628189087,0.0,0.37063831090927124,0.0,0.35265371203422546,0.0,0.35265371203422546,0.0
minipigs,256,2,8,8,1/2,0.08,1,0.3795155882835388,0.0,0.7900712490081787,0.0,0.3871959447860718,0.0,0.37900155782699585,0.0,0.37900155782699585,0.0
minipigs,256,2,8,8,1/3,0.08,1,0.36526572704315186,0.0,0.7897899150848389,0.0,0.38065361976623535,0.0,0.36466673016548157,0.0,0.36466673016548157,0.0
minipigs,256,2,8,8,1/4,0.08,1,0.3595064878463745,0.0,0.7755272388458252,0.0,0.37284111976623535,0.0,0.35614556074142456,0.0,0.35614556074142456,0.0
minipigs,256,4,6,6,1/2,0.08,1,0.35962021350860596,0.0,0.7765789031982422,0.0,0.3803344964981079,0.0,0.35744595527648926,0.0,0.35744595527648926,0.0
minipigs,256,4,6,6,1/3,0.08,1,0.3683568835258484,0.0,0.7840235233306885,0.0,0.381884902715683,0.0,0.367355614900589,0.0,0.367355614900589,0.0
minipigs,256,4,6,6,1/4,0.08,1,0.34678733348846436,0.0,0.7700238227844238,0.0,0.35986292362213135,0.0,0.34561973810195923,0.0,0.34561973810195923,0.0
minipigs,256,4,6,8,1/2,0.08,1,0.37665998935699463,0.0,0.7888892889022827,0.0,0.39115384221076965,0.0,0.3726985454559326,0.0,0.3726985454559326,0.0
minipigs,256,4,6,8,1/3,0.08,1,0.3708237409591675,0.0,0.777890145778656,0.0,0.38250619173049927,0.0,0.36739692091941833,0.0,0.36739692091941833,0.0
minipigs,256,4,6,8,1/4,0.08,1,0.35206347703933716,0.0,0.7742576003074646,0.0,0.3666723370552063,0.0,0.34964197874069214,0.0,0.34964197874069214,0.0
minipigs,256,4,8,6,1/2,0.08,1,0.3723132610321045,0.0,0.7846702933311462,0.0,0.398337721824646,0.0,0.3726874589920044,0.0,0.3726874589920044,0.0
minipigs,256,4,8,6,1/3,0.08,1,0.37313738465309143,0.0,0.776207447052002,0.0,0.3761359453201294,0.0,0.3735008239746094,0.0,0.3735008239746094,0.0
minipigs,256,4,8,6,1/4,0.08,1,0.3586578965187073,0.0,0.7723212242126465,0.0,0.3684082627296448,0.0,0.3566046953201294,0.0,0.3566046953201294,0.0
monkeys,32,2,6,6,,0.08,2,0.42260807752609253,0.12855985766320388,0.8376054167747498,0.06674551946948924,0.482128843665123,0.048175891970104655,0.43451228737831116,0.11635442536238856,0.43451228737831116,0.11635442536238856
monkeys,32,2,6,6,,0.3,2,0.5134575963020325,0.0016404396377410176,0.8856935799121857,0.0029768740571729565,0.5208342671394348,0.0032098196888926678,0.5166768133640289,0.002190751038747761,0.5166768133640289,0.002190751038747761
monkeys,32,2,6,8,,0.08,2,0.5047013312578201,0.009625054721008615,0.8782727718353271,0.0041865307562841255,0.5122202038764954,0.012132307518648935,0.5089763402938843,0.010728395994751054,0.5089763402938843,0.010728395994751054
monkeys,32,2,6,8,,0.3,2,0.5090844035148621,0.00900703440786912,0.8831944763660431,0.0030626850407411365,0.5188705623149872,0.021119237879778357,0.5109664797782898,0.008197983503853997,0.5109664797782898,0.008197983503853997
monkeys,32,2,8,6,,0.08,2,0.5121324956417084,0.008285522508211124,0.882481187582016,0.0021004724892374257,0.5158497989177704,0.007303416644210272,0.5155939161777496,0.0021089018589396046,0.5155939161777496,0.0021089018589396046
monkeys,32,2,8,6,,0.3,2,0.5235077142715454,0.0006387776360311099,0.8856573700904846,0.0009719906203582381,0.525287389755249,0.0002916561916953867,0.5276112258434296,0.0049731173900429415,0.5276112258434296,0.0049731173900429415
monkeys,32,2,8,8,,0.08,2,0.5067700743675232,0.00335042157552501,0.8778541684150696,0.0036100461623521174,0.5099738240242004,0.002315126388703409,0.5093410313129425,0.005060614247551557,0.5093410313129425,0.005060614247551557
monkeys,32,2,8,8,,0.3,2,0.5067064613103867,0.010268510657224394,0.8779258131980896,0.005230676781293015,0.5086643397808075,0.006415888308267866,0.5126931965351105,0.015164899709553292,0.5126931965351105,0.015164899709553292
monkeys,32,4,6,6,,0.08,1,0.5050933957099915,0.0,0.88134765625,0.0,0.5058215856552124,0.0,0.5089889168739319,0.0,0.5089889168739319,0.0
monkeys,32,4,6,6,,0.3,1,0.5144069194793701,0.0,0.886271595954895,0.0,0.5138351917266846,0.0,0.5193390250205994,0.0,0.5193390250205994,0.0
monkeys,32,4,6,8,,0.08,2,0.5005273371934891,0.01382237507051153,0.877273678779602,0.00294876210921619,0.5041242390871048,0.011032253699090345,0.505511999130249,0.013808571977624211,0.505511999130249,0.013808571977624211
monkeys,32,4,6,8,,0.3,2,0.5049009025096893,0.008051270324187575,0.8803966641426086,0.00296149045746648,0.5110360980033875,0.008041702989575603,0.5127287805080414,0.011782109354371916,0.5127287805080414,0.011782109354371916
monkeys,32,4,8,6,,0.08,1,0.5023653507232666,0.0,0.8772718906402588,0.0,0.503708004951477,0.0,0.5069042444229126,0.0,0.5069042444229126,0.0
monkeys,32,4,8,6,,0.3,1,0.5061327219009399,0.0,0.8780854940414429,0.0,0.5171274542808533,0.0,0.5040438175201416,0.0,0.5040438175201416,0.0
monkeys,32,4,8,8,,0.08,2,0.510726809501648,0.0034887475323377645,0.8794009387493134,0.001204683370986884,0.5171825885772705,0.0006391148108191971,0.5130564570426941,0.003149971164007198,0.5130564570426941,0.003149971164007198
monkeys,32,4,8,8,,0.3,1,0.5225673913955688,0.0,0.8834414482116699,0.0,0.5305005311965942,0.0,0.524177610874176,0.0,0.524177610874176,0.0
monkeys,64,2,6,6,,0.08,2,0.5133004486560822,0.000633172105179161,0.8839957118034363,0.0008538108571336913,0.5166523456573486,0.002815240893133678,0.5165141224861145,0.0014578594899918246,0.5165141224861145,0.0014578594899918246
monkeys,64,2,6,6,,0.3,2,0.5203940868377686,0.006023121826994844,0.8869281709194183,0.0031919915719725595,0.5250910818576813,0.006814007439301771,0.5245438814163208,0.00031036939243422364,0.5245438814163208,0.00031036939243422364
monkeys,64,2,6,8,,0.08,2,0.5157521665096283,0.007995215015668087,0.8869366645812988,0.0016349605474346013,0.5178546607494354,0.007730785688110738,0.5214035511016846,0.008256230448496054,0.5214035511016846,0.008256230448496054
monkeys,64,2,6,8,,0.3,2,0.5254596471786499,0.010273041443439355,0.8895503878593445,0.0021829538717732457,0.5245874226093292,0.00965521079111816,0.529891163110733,0.01034212012814871,0.529891163110733,0.01034212012814871
monkeys,64,2,8,6,,0.08,2,0.5095591843128204,0.0064284480691241125,0.8820604383945465,0.002739250125268536,0.5157530307769775,0.006778056177521978,0.5118231773376465,0.010866131895684656,0.5118231773376465,0.010866131895684656
monkeys,64,2,8,6,,0.3,2,0.5135888457298279,0.005023651461407503,0.8846803903579712,0.0014952015977724767,0.5214063823223114,0.005171544752832231,0.5163606703281403,0.008789598816401418,0.5163606703281403,0.008789598816401418
monkeys,64,2,8,8,,0.08,2,0.5064052641391754,0.00934686444741246,0.882472574710846,0.0045556528555425356,0.5149100720882416,0.0069366547684684724,0.5094630718231201,0.012223766179917574,0.5094630718231201,0.012223766179917574
monkeys,64,2,8,8,,0.3,2,0.5142125487327576,0.00457048854621837,0.8856363296508789,0.002327517562165612,0.5220763087272644,0.013296572061913871,0.5198113322257996,0.004658322578515074,0.5198113322257996,0.004658322578515074
monkeys,64,4,6,6,,0.08,1,0.5080035328865051,0.0,0.881436288356781,0.0,0.5158393383026123,0.0,0.5108541250228882,0.0,0.5108541250228882,0.0
monkeys,64,4,6,6,,0.3,1,0.5069739818572998,0.0,0.8818202018737793,0.0,0.5102656483650208,0.0,0.5143893957138062,0.0,0.5143893957138062,0.0
monkeys,64,4,6,8,,0.08,2,0.5146061480045319,0.014811962000123066,0.8836135864257812,0.005464423203134433,0.5157849490642548,0.012928925102353342,0.5212863087654114,0.01817852581862775,0.5212863087654114,0.01817852581862775
monkeys,64,4,6,8,,0.3,2,0.5271584391593933,0.015676183128838946,0.8874279856681824,0.005955939750468479,0.5287625789642334,0.00973305602031778,0.5355915427207947,0.018222021366290992,0.5355915427207947,0.018222021366290992
monkeys,64,4,8,6,,0.08,1,0.5199922919273376,0.0,0.8848623633384705,0.0,0.5264687538146973,0.0,0.5205990076065063,0.0,0.5205990076065063,0.0
monkeys,64,4,8,6,,0.3,1,0.5112485289573669,0.0,0.8821504712104797,0.0,0.5122988224029541,0.0,0.5140606164932251,0.0,0.5140606164932251,0.0
monkeys,64,4,8,8,,0.08,2,0.509521096944809,0.002043827124838784,0.883558064699173,0.0014010876850476502,0.5123028457164764,0.005112033402734848,0.5174407064914703,0.0047254625081929276,0.5174407064914703,0.0047254625081929276
monkeys,64,4,8,8,,0.3,2,0.5185418128967285,0.008656456921955503,0.8856272399425507,0.0010943429215853635,0.5230758190155029,0.010311985131463421,0.5227565765380859,0.00857755802154311,0.5227565765380859,0.00857755802154311
monkeys,128,2,6,6,,0.08,2,0.4841911792755127,0.009501332647204885,0.8704728484153748,0.0039227757783029515,0.48524826765060425,0.0127860051390529,0.49084562063217163,0.008094892312396351,0.49084562063217163,0.008094892312396351
monkeys,128,2,6,6,,0.3,2,0.48759330809116364,0.009771177844795885,0.8722388744354248,0.0045021263579337,0.4899267703294754,0.01242040230164515,0.49693647027015686,0.007909825500585015,0.49693647027015686,0.007909825500585015
monkeys,128,2,6,8,,0.08,2,0.5144752860069275,0.005086028797203626,0.8868074715137482,0.0017951607186245096,0.5228830575942993,0.005010417350975083,0.5185847878456116,0.003909794548961596,0.5185847878456116,0.003909794548961596
monkeys,128,2,6,8,,0.3,2,0.5223938226699829,0.0019385864441070818,0.8879801630973816,3.430753468786774e-05,0.5269463062286377,0.0014204330885141507,0.5235886871814728,0.004411805661574854,0.5235886871814728,0.004411805661574854
monkeys,128,2,8,6,,0.08,2,0.5016150772571564,0.008021851823926972,0.8784687519073486,0.002432041746472629,0.5043183118104935,0.007313890136065229,0.5039782524108887,0.007685562119658549,0.5039782524108887,0.007685562119658549
monkeys,128,2,8,6,,0.3,2,0.5053596496582031,0.011338598067491778,0.8797054588794708,0.002845123008727902,0.5062219351530075,0.010444600190302949,0.5090807676315308,0.010583410835873578,0.5090807676315308,0.010583410835873578
monkeys,128,2,8,8,,0.08,2,0.5058320462703705,0.01748508372007801,0.8834755122661591,0.007965375046922374,0.509159654378891,0.02020102663812002,0.5167614817619324,0.018966671885781466,0.5167614817619324,0.018966671885781466
monkeys,128,2,8,8,,0.3,2,0.5126510262489319,0.019495024778714034,0.8855095207691193,0.007832359593021993,0.5116273164749146,0.017701170612393364,0.5179972052574158,0.019382408399492925,0.5179972052574158,0.019382408399492925
monkeys,128,4,6,6,,0.08,2,0.5130718350410461,0.0074199526803428945,0.882546454668045,0.004575925489676276,0.5124953091144562,0.011575589796668536,0.5176036059856415,0.0036104254839887154,0.5176036059856415,0.0036104254839887154
monkeys,128,4,6,6,,0.3,2,0.5160346925258636,0.00556561778640909,0.8841286301612854,0.005530509461599515,0.5225872993469238,0.0005611431410740431,0.5178078413009644,0.0053253386030484825,0.5178078413009644,0.0053253386030484825
monkeys,128,4,6,8,,0.08,2,0.5106242746114731,0.023588600660607344,0.8834656476974487,0.008731815487092983,0.5104480981826782,0.023055337659823295,0.5167361497879028,0.022483489219227486,0.5167361497879028,0.022483489219227486
monkeys,128,4,6,8,,0.3,1,0.5359493494033813,0.0,0.8910102248191833,0.0,0.5326836109161377,0.0,0.5422683954238892,0.0,0.5422683954238892,0.0
monkeys,128,4,8,6,,0.08,2,0.4993603527545929,0.003647851885466389,0.8811066150665283,0.004457619285906197,0.5068606734275818,0.012383165560985775,0.5037336349487305,0.002652891232669714,0.5037336349487305,0.002652891232669714
monkeys,128,4,8,6,,0.3,2,0.5099388062953949,0.008748884960739894,0.8827569484710693,0.0015705601629099552,0.512421578168869,0.009405785741630689,0.5160096883773804,0.007284998471411012,0.5160096883773804,0.007284998471411012
monkeys,128,4,8,8,,0.08,2,0.5225454270839691,0.004162043437299296,0.8895265161991119,0.0031593699112251275,0.5332304239273071,0.0030082734593135725,0.5285845994949341,0.003393411361006122,0.5285845994949341,0.003393411361006122
monkeys,128,4,8,8,,0.3,1,0.527045488357544,0.0,0.8917101621627808,0.0,0.532232403755188,0.0,0.5281635522842407,0.0,0.5281635522842407,0.0
monkeys,256,2,6,6,,0.08,2,0.5035739839076996,0.009115899717572758,0.8858920335769653,0.00011379649097941388,0.5099009871482849,0.010198188640484007,0.5116307735443115,0.005418230257166493,0.5116307735443115,0.005418230257166493
monkeys,256,2,6,6,,0.3,2,0.5067638158798218,0.008405261704830575,0.8860825896263123,0.00012467037789522454,0.5128278732299805,0.007155017590603415,0.5141717791557312,0.002100851810874024,0.5141717791557312,0.002100851810874024
monkeys,256,2,6,8,,0.08,2,0.49486368894577026,0.01231834370797602,0.8773288726806641,0.005297353095637249,0.49611830711364746,0.011282711346366332,0.49978935718536377,0.01283219808502084,0.49978935718536377,0.01283219808502084
monkeys,256,2,6,8,,0.3,2,0.5009685456752777,0.021098923098796105,0.8806980550289154,0.007371610245100899,0.5022953152656555,0.01807855349395991,0.5092436969280243,0.01877814903239224,0.5092436969280243,0.01877814903239224
monkeys,256,2,8,6,,0.08,2,0.5103085339069366,0.009385723841739503,0.8855480551719666,0.002939995564725924,0.5137241780757904,0.007302573707240054,0.5139298737049103,0.00936996092039643,0.5139298737049103,0.00936996092039643
monkeys,256,2,8,6,,0.3,2,0.511557400226593,0.004921318913223053,0.8874645233154297,0.0021663480134599534,0.5172695219516754,0.005129650785412402,0.5166912078857422,0.004061438909903793,0.5166912078857422,0.004061438909903793
monkeys,256,2,8,8,,0.08,2,0.5053107142448425,0.020245575856996035,0.8821559250354767,0.0066738270211545376,0.5074484944343567,0.021726784701062894,0.5107277184724808,0.023826688207845424,0.5107277184724808,0.023826688207845424
monkeys,256,2,8,8,,0.3,2,0.5089922845363617,0.018808326175926038,0.8828090131282806,0.00951469319818284,0.5129392743110657,0.019783983572104723,0.5128584802150726,0.01975688314851222,0.5128584802150726,0.01975688314851222
monkeys,256,4,6,6,,0.08,2,0.5058047473430634,0.011130350488999489,0.8819855451583862,0.0009898608841268572,0.5126695930957794,0.014405076324598896,0.509187638759613,0.010445084879060824,0.509187638759613,0.010445084879060824
monkeys,256,4,6,6,,0.3,2,0.5049937218427658,0.008915259645236649,0.8831092715263367,0.0025862149183254798,0.5066506564617157,0.010257573550035856,0.512947291135788,0.009630091269405667,0.512947291135788,0.009630091269405667
monkeys,256,4,6,8,,0.08,2,0.4937015771865845,0.009516926981153915,0.8771259486675262,0.0032635569207440577,0.49597087502479553,0.011315206566568231,0.49728327989578247,0.010982878666059832,0.49728327989578247,0.010982878666059832
monkeys,256,4,6,8,,0.3,1,0.5068368911743164,0.0,0.8832135200500488,0.0,0.5102105140686035,0.0,0.5098661184310913,0.0,0.5098661184310913,0.0
monkeys,256,4,8,6,,0.08,2,0.48369768261909485,0.018068522544014316,0.872645914554596,0.005842649021671196,0.48661983013153076,0.014218239345150102,0.4883808046579361,0.014920131886826275,0.4883808046579361,0.014920131886826275
monkeys,256,4,8,6,,0.3,2,0.49009548127651215,0.013310543742195232,0.8729016780853271,0.004609685115333502,0.4925001710653305,0.013352564150160593,0.4966791272163391,0.012792327166329534,0.4966791272163391,0.012792327166329534
monkeys,256,4,8,8,,0.08,2,0.4965191185474396,0.015819861735412586,0.8800964653491974,0.006575709157821176,0.5047139525413513,0.015403071550488355,0.5004069656133652,0.016256060544076082,0.5004069656133652,0.016256060544076082
monkeys,256,4,8,8,,0.3,1,0.5104562044143677,0.0,0.8850564956665039,0.0,0.5192025303840637,0.0,0.5162995457649231,0.0,0.5162995457649231,0.0
