species,paradigm,unit,f1_mean,f1_std,f1_n,auroc_mean,auroc_std,auroc_n,precision_mean,precision_std,precision_n,recall_mean,recall_std,recall_n,balanced_acc_mean,balanced_acc_std,balanced_acc_n,is_outlier,outlier_reason
,,,,,,,,,,,,,,,,,,,
minipigs,single-session,sub-01_ses-01_task-AcousStim_acq-LH_desc-raw,0.25701010227203364,0.02294400342243583,3,0.48112290104230243,0.002477119339117752,3,0.3707797626654307,0.022231219934006893,3,0.2696438133716583,0.015414815158728664,3,0.2696438133716583,0.015414815158728664,3,False,
minipigs,single-session,sub-01_ses-02_task-AcousStim_acq-LH_desc-raw,0.16844770312309265,0.002328170744995033,3,0.624292771021525,0.012168805390465245,3,0.22714183727900183,0.03720381112635949,3,0.1859445621569951,0.009232573295922704,3,0.1859445621569951,0.009232573295922704,3,False,
minipigs,single-session,sub-02_ses-01_task-AcousStim_acq-LH_desc-raw,0.4453700582186381,0.04664300747540025,3,0.5952694018681844,0.03209224399482193,3,0.5288775960604349,0.07610888185452776,3,0.45222459236780804,0.04307116202921459,3,0.45222459236780804,0.04307116202921459,3,False,
minipigs,single-session,sub-02_ses-01_task-AcousStim_acq-RH_desc-raw,0.10439610481262203,0.010570894485921687,3,0.43182583649953205,0.011049287180231893,3,0.0959996531407038,0.012581534305200946,3,0.1763157894213994,0.004749206373787933,3,0.1763157894213994,0.004749206373787933,3,False,
minipigs,single-session,sub-02_ses-02_task-AcousStim_acq-LH_desc-raw,0.16691424449284872,0.050496824252533594,3,0.5677541693051656,0.006257978939861593,3,0.17240943511327103,0.06803051569777427,3,0.18424023687839505,0.024265323439791188,3,0.18424023687839505,0.024265323439791188,3,False,
minipigs,single-session,sub-02_ses-02_task-AcousStim_acq-RH_desc-raw,0.08290518820285793,0.015371944369819797,3,0.5277511874834696,0.0228175361186126,3,0.08787468572457624,0.025700537361684317,3,0.13358282546202338,0.0061068475547011725,3,0.13358282546202338,0.0061068475547011725,3,False,
minipigs,single-session,sub-03_ses-01_task-AcousStim_acq-LH_desc-raw,0.5040035347143809,0.014529571505414595,3,0.7119544347127279,0.012825427161497946,3,0.5692440271377563,0.0423620385240028,3,0.5031413634618124,0.020727966142343592,3,0.5031413634618124,0.020727966142343592,3,False,
minipigs,single-session,sub-03_ses-01_task-AcousStim_acq-RH_desc-raw,0.32021757960319513,0.23349310138298124,3,0.6300555467605591,0.09871445181926786,3,0.3567809723317623,0.28258971731590804,3,0.35288965205351513,0.18192835544463043,3,0.35288965205351513,0.18192835544463043,3,False,
minipigs,single-session,sub-03_ses-03_task-AcousStim_acq-LHanest_desc-raw,0.6054322520891825,0.015121259820216485,3,0.9018081227938334,0.003993188660114161,3,0.6180900732676188,0.012531416396568839,3,0.6068549553553263,0.018448300861724207,3,0.6068549553553263,0.018448300861724207,3,False,
minipigs,single-session,sub-03_ses-03_task-AcousStim_acq-RHanest_desc-raw,0.16847045967976246,0.21609787366293656,3,0.6224496563275655,0.1283100556625597,3,0.1732182651758193,0.2541528453826055,3,0.22242521246274313,0.16874541792366365,3,0.22242521246274313,0.16874541792366365,3,False,
minipigs,single-session,sub-03_ses-04_task-AcousStim_acq-LHanest_desc-raw,0.2644022057453791,0.31163655262164824,3,0.5783280730247498,0.19803419935473288,3,0.2550666853785514,0.33485809277773393,3,0.3113971302906672,0.2784269915443625,3,0.3113971302906672,0.2784269915443625,3,False,
minipigs,single-session,sub-03_ses-04_task-AcousStim_acq-RHanest_desc-raw,0.07901391635338463,0.0046990591176425105,3,0.47972426811854046,0.011070056511924489,3,0.07836025456587474,0.022076193337358798,3,0.14479489127794898,0.002048612613728891,3,0.14479489127794898,0.002048612613728891,3,False,
minipigs,single-session,sub-03_ses-06_task-AcousStim_acq-LH_desc-raw,0.5279852151870728,0.022077288497535964,3,0.8656145930290222,0.011538009605302173,3,0.5622238516807556,0.019980827890859334,3,0.5342013637224833,0.01708527324251929,3,0.5342013637224833,0.01708527324251929,3,False,
minipigs,single-session,sub-03_ses-06_task-AcousStim_acq-RH_desc-raw,0.05403372024496394,0.00038462278969077446,3,0.5522425572077433,0.010024364627976099,3,0.03644409775733943,0.0037384320841912207,3,0.125,0.0,3,0.125,0.0,3,False,
minipigs,single-session,sub-03_ses-07_task-AcousStim_acq-LHanest_desc-raw,0.12153855711221694,0.00496074516950147,3,0.6240275303522745,0.02734263857731214,3,0.14115503678719202,0.05049397783611001,3,0.1907970458269119,0.0030028811301007164,3,0.1907970458269119,0.0030028811301007164,3,False,
minipigs,single-session,sub-03_ses-07_task-AcousStim_acq-RH_desc-raw,0.10010852168003716,0.02261135642719058,3,0.40574532747268677,0.013623412618202818,3,0.1367468448976675,0.07061457086773051,3,0.2000805139541626,0.031473937977848185,3,0.2000805139541626,0.031473937977848185,3,False,
minipigs,single-session,sub-03_ses-07_task-AcousStim_acq-RHanest_desc-raw,0.16003761316339174,0.1961461549938933,3,0.6575548052787781,0.10618040847421853,3,0.17408099956810474,0.2516610484596859,3,0.20938462018966675,0.14615844954590523,3,0.20938462018966675,0.14615844954590523,3,False,
minipigs,single-session,sub-04_ses-01_task-AcousStim_acq-LH_desc-raw,0.5044463475545248,0.17747643646754435,3,0.7545183102289835,0.07028214466714712,3,0.5893444120883942,0.11928805456258387,3,0.5307163298130035,0.1706807777889967,3,0.5307163298130035,0.1706807777889967,3,False,
minipigs,single-session,sub-04_ses-01_task-AcousStim_acq-RH_desc-raw,0.7126339077949524,0.01390668642777748,3,0.8220284978548685,0.0018775254168306537,3,0.7526035308837891,0.002722216784336793,3,0.7128201921780905,0.021183282826224874,3,0.7128201921780905,0.021183282826224874,3,False,
minipigs,single-session,sub-04_ses-02_task-AcousStim_acq-LH_desc-raw,0.2674952993790309,0.030259956349525403,3,0.7601346572240194,0.010764587601636108,3,0.3183092971642812,0.05160917178096583,3,0.28822229305903113,0.01722013722799999,3,0.28822229305903113,0.01722013722799999,3,False,
minipigs,single-session,sub-04_ses-02_task-AcousStim_acq-RH_desc-raw,0.3424883584181468,0.04664118726101512,3,0.7475152214368185,0.003221735710159338,3,0.40261969963709515,0.02265250927392648,3,0.3558633228143056,0.050228226213545744,3,0.3558633228143056,0.050228226213545744,3,False,
minipigs,single-session,sub-04_ses-03_task-AcousStim_acq-LH_desc-raw,0.06748476748665166,0.015838023102361147,3,0.5001938740412394,0.014849962237555117,3,0.04840833569566403,0.02035376749070312,3,0.1428571492433548,0.0,3,0.1428571492433548,0.0,3,False,
minipigs,single-session,sub-04_ses-03_task-AcousStim_acq-RH_desc-raw,0.07405170425772663,0.016012696772901198,3,0.5020441214243571,0.019080658697937396,3,0.08404116580883657,0.05554961154357738,3,0.14976514875888824,0.006178224447814158,3,0.14976514875888824,0.006178224447814158,3,False,
minipigs,single-session,sub-04_ses-04_task-AcousStim_acq-LH_desc-raw,0.7362402478853861,0.026194584223825194,3,0.83394455909729,0.004720776641678055,3,0.7789820631345113,0.01363434043509763,3,0.7408910592397054,0.02924124941029165,3,0.7408910592397054,0.02924124941029165,3,False,
minipigs,single-session,sub-04_ses-04_task-AcousStim_acq-RH_desc-raw,0.3800797363122304,0.0411177126821658,3,0.7191750208536783,0.005382573158453899,3,0.520115077495575,0.0782393507830332,3,0.428060382604599,0.025674389347508975,3,0.428060382604599,0.025674389347508975,3,False,
minipigs,single-session,sub-05_ses-01_task-AcousStim_acq-LH_desc-raw,0.11417011916637416,0.01507058852681708,3,0.46313197414080304,0.031228818166436273,3,0.1665671318769454,0.047520204952937094,3,0.21527778108914694,0.015911720621091374,3,0.21527778108914694,0.015911720621091374,3,False,
minipigs,single-session,sub-05_ses-01_task-AcousStim_acq-RH_desc-raw,0.12336059659719463,0.03129734920621133,3,0.439555823802948,0.022939819121393118,3,0.1662862052520116,0.0252334850150819,3,0.20833333333333334,0.01041666418314069,3,0.20833333333333334,0.01041666418314069,3,False,
minipigs,single-session,sub-05_ses-02_task-AcousStim_acq-LH_desc-raw,0.40159385402997333,0.01312279459866119,3,0.6560823321342468,0.020777375731542813,3,0.49628394842147827,0.051156190039901,3,0.39912861585617065,0.010275421559108235,3,0.39912861585617065,0.010275421559108235,3,False,
minipigs,single-session,sub-05_ses-02_task-AcousStim_acq-RH_desc-raw,0.16973243405421568,0.19241765068721023,3,0.5555008252461752,0.09628706008160098,3,0.18042878061532966,0.24861355067171093,3,0.24074360728263855,0.1695443186969984,3,0.24074360728263855,0.1695443186969984,3,False,
minipigs,single-session,sub-06_ses-02_task-AcousStim_acq-LH_desc-raw,0.06441319982210793,0.019270066892209208,3,0.5441168944040934,0.02442519500076123,3,0.07978476894398527,0.07210087540626244,3,0.1300843258698781,0.005679531036806081,3,0.1300843258698781,0.005679531036806081,3,False,
minipigs,single-session,sub-06_ses-02_task-AcousStim_acq-RH_desc-raw,0.1611061170697212,0.15667753465485904,3,0.6080807248751322,0.13093902309447059,3,0.16773591190576545,0.18450259257557008,3,0.2064707974592844,0.1268886584070972,3,0.2064707974592844,0.1268886584070972,3,False,
minipigs,single-session,sub-07_ses-01_task-AcousStim_acq-LH_desc-raw,0.05574638769030566,0.0009738788922830844,3,0.5097927649815878,0.015446422000380863,3,0.034632034599781036,0.0007498066728724173,3,0.1428571492433548,0.0,3,0.1428571492433548,0.0,3,False,
minipigs,single-session,sub-07_ses-01_task-AcousStim_acq-RH_desc-raw,0.7950570583343506,0.08896786029184203,3,0.3361865480740865,0.023068490341426544,3,0.8059817353884379,0.08421718519211668,3,0.7982298731803894,0.08533068193548381,3,0.7982298731803894,0.08533068193548381,3,False,
minipigs,single-session,sub-07_ses-02_task-AcousStim_acq-LH_desc-raw,0.6013241211573283,0.25039252064151135,3,0.7834304769833883,0.06603288712305402,3,0.6446739931901296,0.21151270082700074,3,0.6187423964341482,0.2156959770655362,3,0.6187423964341482,0.2156959770655362,3,False,
minipigs,single-session,sub-07_ses-02_task-AcousStim_acq-RH_desc-raw,0.2956111331780751,0.0465718995721524,3,0.686124324798584,0.013885062754080796,3,0.45381255944569904,0.08676143192118725,3,0.3502567013104756,0.010494891889242682,3,0.3502567013104756,0.010494891889242682,3,False,
minipigs,single-session,sub-07_ses-03_task-AcousStim_acq-LH_desc-raw,0.22570822636286414,0.013370243828415253,3,0.5364471872647604,0.016588776589682847,3,0.3886787494023641,0.03383379652108106,3,0.2696581284205119,0.016519030897842093,3,0.2696581284205119,0.016519030897842093,3,False,
minipigs,single-session,sub-07_ses-03_task-AcousStim_acq-RH_desc-raw,0.35995512704054516,0.21636417896797785,3,0.6839015881220499,0.095510288728875,3,0.402902049322923,0.24609218428718618,3,0.4309262235959371,0.189802974267694,3,0.4309262235959371,0.189802974267694,3,False,
minipigs,single-session,sub-07_ses-04_task-AcousStim_acq-LH_desc-raw,0.1299149841070175,0.016272369335764574,3,0.39258049925168353,0.015993387028592123,3,0.18187229335308072,0.058568242824279984,3,0.206552709142367,0.004448004007241782,3,0.206552709142367,0.004448004007241782,3,False,
minipigs,single-session,sub-07_ses-04_task-AcousStim_acq-RH_desc-raw,0.3797272245089212,0.022577280609222896,3,0.508642574151357,0.00165517283344586,3,0.4237006704012553,0.05050454485534065,3,0.39443427324295044,0.03255042480832012,3,0.39443427324295044,0.03255042480832012,3,False,
minipigs,single-session,sub-07_ses-05_task-AcousStim_acq-LH_desc-raw,0.13848698635896042,0.02738761648658955,3,0.4807792007923126,0.038144194387905686,3,0.1958212455113728,0.02619759328024831,3,0.19173854092756903,0.02735554929206322,3,0.19173854092756903,0.02735554929206322,3,False,
minipigs,single-session,sub-07_ses-05_task-AcousStim_acq-RH_desc-raw,0.5180242657661438,0.08261658642527418,3,0.7696127494176229,0.016949405539977837,3,0.5808605551719666,0.03614473180542811,3,0.5431216756502787,0.06488098292939443,3,0.5431216756502787,0.06488098292939443,3,False,
minipigs,single-subject,sub-01,0.23011006911595658,0.010567545066933536,3,0.7128129800160726,0.008043209913618187,3,0.3247983952363332,0.026653785360098464,3,0.2373939404884974,0.012258561117247744,3,0.2373939404884974,0.012258561117247744,3,False,
minipigs,single-subject,sub-02,0.2628285636504491,0.01601029675925919,3,0.6956459283828735,0.00993855306724458,3,0.3774086634318034,0.009726815428357518,3,0.2589521755774815,0.01332131015464329,3,0.2589521755774815,0.01332131015464329,3,False,
minipigs,single-subject,sub-03,0.41795027256011963,0.01112443927660459,3,0.8202864130338033,0.010575127735481662,3,0.4299611846605937,0.014780595910258295,3,0.42105363806088764,0.012865016452697171,3,0.42105363806088764,0.012865016452697171,3,False,
minipigs,single-subject,sub-04,0.4133060971895854,0.007298641776248103,3,0.8362821737925211,0.005779664325621197,3,0.5096213519573212,0.04129753796623607,3,0.4186426897843678,0.00732381487485218,3,0.4186426897843678,0.00732381487485218,3,False,
minipigs,single-subject,sub-05,0.36071746548016864,0.016486012484462152,3,0.6432978312174479,0.012114292628441317,3,0.41320035854975384,0.05784874908002619,3,0.35964615146319073,0.018111732623184634,3,0.35964615146319073,0.018111732623184634,3,False,
minipigs,single-subject,sub-06,0.1148743256926536,0.07530305161000733,3,0.5560704867045084,0.0572071860953546,3,0.12430858363707857,0.11406695257880967,3,0.15291628241539,0.04545355576044279,3,0.15291628241539,0.04545355576044279,3,False,
minipigs,single-subject,sub-07,0.44238536556561786,0.032836942407215845,3,0.673407773176829,0.01597235536919536,3,0.44742250442504883,0.03199955498383969,3,0.44285889466603595,0.033058420632033465,3,0.44285889466603595,0.033058420632033465,3,False,
minipigs,multi-subject,all,0.3596874475479126,0.0034366359225801208,3,0.7756315469741821,0.005929777673680585,3,0.37916210293769836,0.0030342942198838705,3,0.3594587743282318,0.005061434364681086,3,0.3594587743282318,0.005061434364681086,3,False,
monkeys,single-session,sub-01_ses-010_task-AcousStim_acq-RH_desc-raw,0.5135890245437622,0.014808379656788955,3,0.5262377659479777,0.005217072226750167,3,0.5904783407847086,0.054370072701508954,3,0.5231200059254965,0.011681065528783681,3,0.5231200059254965,0.011681065528783681,3,False,
monkeys,single-session,sub-01_ses-011_task-AcousStim_acq-RH_desc-raw,0.5692846576372782,0.01889321987471692,3,0.898777981599172,0.011773727900110538,3,0.6028440594673157,0.010869267535400406,3,0.5776885549227396,0.018582826076857316,3,0.5776885549227396,0.018582826076857316,3,False,
monkeys,single-session,sub-01_ses-012_task-AcousStim_acq-RH_desc-raw,0.21644391616185502,0.10640698689706554,3,0.3515004913012187,0.023138879017571584,3,0.27331001559893287,0.12777323404120103,3,0.28138889869054157,0.0692486215639908,3,0.28138889869054157,0.0692486215639908,3,False,
monkeys,single-session,sub-01_ses-013_task-AcousStim_acq-RH_desc-raw,0.2528576652208964,0.1877814511750723,3,0.749749759833018,0.10671639682686802,3,0.3291930109262466,0.17144337528676412,3,0.2973117381334304,0.15272944715656667,3,0.2973117381334304,0.15272944715656667,3,False,
monkeys,single-session,sub-01_ses-014_task-AcousStim_acq-RH_desc-raw,0.3654788980881373,0.22082726237299752,3,0.6674822767575582,0.11204140307105788,3,0.4998440047105153,0.168114265444024,3,0.39688535531361896,0.19070825692498783,3,0.39688535531361896,0.19070825692498783,3,False,
monkeys,single-session,sub-01_ses-015_task-AcousStim_acq-RH_desc-raw,0.0777235031127929,0.00034395121167696654,3,0.5298560460408529,0.02118224283610034,3,0.05349608262379963,0.0001305039312080419,3,0.14206349849700928,0.0013746434161354061,3,0.14206349849700928,0.0013746434161354061,3,False,
monkeys,single-session,sub-01_ses-016_task-AcousStim_acq-RH_desc-raw,0.5959609548250834,0.04177050268582492,3,0.15201822916666666,0.008807128423482215,3,0.6810850699742635,0.08371930834331075,3,0.6041666666666666,0.04773516348912333,3,0.6041666666666666,0.04773516348912333,3,False,
monkeys,single-session,sub-01_ses-01_task-AcousStim_acq-RH_desc-raw,0.8574378291765848,0.178387081466145,3,0.35328911741574603,0.034188322086780555,3,0.9048997759819031,0.09623773324936033,3,0.8594081997871399,0.17644470534851503,3,0.8594081997871399,0.17644470534851503,3,False,
monkeys,single-session,sub-01_ses-02_task-AcousStim_acq-RH_desc-raw,0.8371832172075907,0.011741832519526048,3,0.972957968711853,0.005560609362101907,3,0.8548833529154459,0.009918762824463658,3,0.840938409169515,0.01086303154828583,3,0.840938409169515,0.01086303154828583,3,False,
monkeys,single-session,sub-01_ses-03_task-AcousStim_acq-RH_desc-raw,0.8018537163734436,0.034991576708997205,3,0.9515118797620138,0.005783061578688805,3,0.8407872517903646,0.048945053080457435,3,0.8026108543078104,0.034043875488289674,3,0.8026108543078104,0.034043875488289674,3,False,
monkeys,single-session,sub-01_ses-04_task-AcousStim_acq-RH_desc-raw,0.13255144655704493,0.008810177609131636,3,0.7071736454963684,0.04372801422543761,3,0.16977452238400778,0.018895766717631924,3,0.16895424822966257,0.007969766817576626,3,0.16895424822966257,0.007969766817576626,3,False,
monkeys,single-session,sub-01_ses-05_task-AcousStim_acq-RH_desc-raw,0.2810837080081304,0.05915495397361694,3,0.23429299394289652,0.01772118079561134,3,0.45834145943323773,0.0012372762905623837,3,0.3691919247309367,0.016620673716855383,3,0.3691919247309367,0.016620673716855383,3,False,
monkeys,single-session,sub-01_ses-06_task-AcousStim_acq-RH_desc-raw,0.24104509254296616,0.06381595070238281,3,0.30895134806632996,0.009541671990470102,3,0.3606203595797221,0.042717237615316886,3,0.3286210397879283,0.03714530472477738,3,0.3286210397879283,0.03714530472477738,3,False,
monkeys,single-session,sub-01_ses-07_task-AcousStim_acq-RH_desc-raw,0.7101283669471741,0.01305086003405853,3,0.9307079911231995,0.0025541998913122237,3,0.7188531359036764,0.016490812562477697,3,0.7154102325439453,0.011419496722800857,3,0.7154102325439453,0.011419496722800857,3,False,
monkeys,single-session,sub-01_ses-08_task-AcousStim_acq-RH_desc-raw,0.25938693682352704,0.06887058445899542,3,0.7437238097190857,0.038098048811063386,3,0.34273456533749896,0.05581546201603663,3,0.2749393085638682,0.05550453177793763,3,0.2749393085638682,0.05550453177793763,3,False,
monkeys,single-session,sub-01_ses-09_task-AcousStim_acq-RH_desc-raw,0.7310341795285543,0.016040008107921055,3,0.5811360677083334,0.007734224465700225,3,0.749782145023346,0.02976082998789932,3,0.737499992052714,0.012499988079118401,3,0.737499992052714,0.012499988079118401,3,False,
monkeys,single-session,sub-02_ses-01_task-AcousStim_acq-RH_desc-raw,0.2464756816625595,0.0,3,0.20154256621996558,0.0023373775148896863,3,0.19552670419216148,0.0,3,0.3333333432674408,0.0,3,0.3333333432674408,0.0,3,False,
monkeys,single-session,sub-02_ses-02_task-AcousStim_acq-RH_desc-raw,0.06405771647890403,0.015847767550342916,3,0.5356871287027994,0.004923615624668612,3,0.16533315181732175,0.025642915296688933,3,0.1332797010739644,0.008193054105025889,3,0.1332797010739644,0.008193054105025889,3,False,
monkeys,single-session,sub-02_ses-03_task-AcousStim_acq-RH_desc-raw,0.8007248838742574,0.12383370674735888,3,0.2149958858887354,0.02919981183662509,3,0.8446792960166931,0.052100190384185306,3,0.8053186535835266,0.11675457761230007,3,0.8053186535835266,0.11675457761230007,3,False,
monkeys,single-session,sub-02_ses-04_task-AcousStim_acq-RH_desc-raw,1.0,0.0,3,0.0,0.0,3,1.0,0.0,3,1.0,0.0,3,1.0,0.0,3,True,f1>=0.99
monkeys,single-session,sub-02_ses-05_task-AcousStim_acq-RH_desc-raw,,,0,,,0,,,0,,,0,,,0,True,missing_f1
monkeys,single-session,sub-03_ses-01_task-AcousStim_acq-RH_desc-raw,0.23075204094250992,0.1361733306068287,3,0.4669463634490967,0.035492429527299904,3,0.2695247828960418,0.19279352882377668,3,0.2728720257679621,0.09282697567179173,3,0.2728720257679621,0.09282697567179173,3,False,
monkeys,single-session,sub-04_ses-01_task-AcousStim_acq-LH_desc-raw,0.165678987900416,0.0004333770641707726,3,0.2699099083741505,0.013324400615308232,3,0.12389257053534182,0.0004843122471704071,3,0.25,0.0,3,0.25,0.0,3,False,
monkeys,single-session,sub-04_ses-01_task-AcousStim_acq-RH_desc-raw,0.0762715339660644,0.006789839270350066,3,0.3981053829193115,0.0027508463282684696,3,0.07741003731886541,0.04528758150108997,3,0.16913011173407233,0.0028058713932522326,3,0.16913011173407233,0.0028058713932522326,3,False,
monkeys,single-session,sub-05_ses-01_task-AcousStim_acq-LH_desc-raw,0.3881671528021495,0.03569789425721867,3,0.14814814925193784,0.014748666280365624,3,0.45569413900375366,0.0990949312682812,3,0.5028058290481567,0.004859838468760093,3,0.5028058290481567,0.004859838468760093,3,False,
monkeys,single-session,sub-05_ses-01_task-AcousStim_acq-RH_desc-raw,0.0761634235580762,0.0017491536275119645,3,0.43440932035446167,0.005154140954883411,3,0.0548082441091537,0.01048508786532172,3,0.1672139366467794,0.000947890807822987,3,0.1672139366467794,0.000947890807822987,3,False,
monkeys,single-session,sub-06_ses-01_task-AcousStim_acq-RH_desc-raw,0.36760590473810834,0.056492663723296546,3,0.22295289238293958,0.00645912532921846,3,0.48979822794596356,0.041498712680616875,3,0.409222940603892,0.03758037167280546,3,0.409222940603892,0.03758037167280546,3,False,
monkeys,single-subject,sub-01,0.5298293828964233,0.009953653465091295,3,0.882106602191925,0.005381674619713087,3,0.5353748798370361,0.01024413144338493,3,0.5351124207178751,0.00776029327183353,3,0.5351124207178751,0.00776029327183353,3,False,
monkeys,single-subject,sub-02,0.3243489662806193,0.0022087094645301428,3,0.8002225359280905,0.0024875279455752724,3,0.5377724369366964,0.004592922622962322,3,0.3880892594655354,0.002363702722295129,3,0.3880892594655354,0.002363702722295129,3,False,
monkeys,single-subject,sub-03,0.20472800731658936,0.1205333358324436,3,0.46733256181081134,0.03877658175992593,3,0.27891115347544343,0.20080788481579454,3,0.26048035919666285,0.08853266124527927,3,0.26048035919666285,0.08853266124527927,3,False,
monkeys,single-subject,sub-04,0.24324365456899003,0.1652442240507908,3,0.5043154060840607,0.09408192775985615,3,0.23314843078454336,0.18089901129409375,3,0.28992320100466407,0.13802493758459394,3,0.28992320100466407,0.13802493758459394,3,False,
monkeys,single-subject,sub-05,0.5708948373794556,0.34208441444090093,3,0.6546075542767843,0.11736065923355163,3,0.6059227188428243,0.37950766653476264,3,0.588389128446579,0.2984355812573236,3,0.588389128446579,0.2984355812573236,3,False,
monkeys,single-subject,sub-06,0.35280366738637287,0.038116058451370706,3,0.21815242369969687,0.010350073013193222,3,0.4880250295003255,0.03409248362208427,3,0.4011437992254893,0.013664822117546481,3,0.4011437992254893,0.013664822117546481,3,False,
monkeys,multi-subject,all,0.4993434250354767,0.012434353379025586,3,0.8806000550587972,0.0027740251880663267,3,0.4977542559305827,0.011743519244355701,3,0.5095456639925638,0.012801417785647518,3,0.5095456639925638,0.012801417785647518,3,False,
